#
# There is insufficient memory for the Java Runtime Environment to continue.
# Native memory allocation (mmap) failed to map 65536 bytes. Error detail: Failed to commit metaspace.
# Possible reasons:
#   The system is out of physical RAM or swap space
#   This process is running with CompressedOops enabled, and the Java Heap may be blocking the growth of the native heap
# Possible solutions:
#   Reduce memory load on the system
#   Increase physical memory or swap space
#   Check if swap backing store is full
#   Decrease Java heap size (-Xmx/-Xms)
#   Decrease number of Java threads
#   Decrease Java thread stack sizes (-Xss)
#   Set larger code cache with -XX:ReservedCodeCacheSize=
#   JVM is running with Zero Based Compressed Oops mode in which the Java heap is
#     placed in the first 32GB address space. The Java Heap base address is the
#     maximum limit for the native heap growth. Please use -XX:HeapBaseMinAddress
#     to set the Java Heap base and to place the Java Heap above 32GB virtual address.
# This output file may be truncated or incomplete.
#
#  Out of Memory Error (virtualSpaceNode.cpp:113), pid=11600, tid=14384
#
# JRE version: OpenJDK Runtime Environment (21.0.6) (build 21.0.6+-13391695-b895.109)
# Java VM: OpenJDK 64-Bit Server VM (21.0.6+-13391695-b895.109, mixed mode, tiered, compressed oops, compressed class ptrs, g1 gc, windows-amd64)
# No core dump will be written. Minidumps are not enabled by default on client versions of Windows
#

---------------  S U M M A R Y ------------

Command Line: --add-opens=java.base/java.lang=ALL-UNNAMED --add-opens=java.base/java.lang.invoke=ALL-UNNAMED --add-opens=java.base/java.util=ALL-UNNAMED --add-opens=java.prefs/java.util.prefs=ALL-UNNAMED --add-exports=jdk.compiler/com.sun.tools.javac.api=ALL-UNNAMED --add-exports=jdk.compiler/com.sun.tools.javac.util=ALL-UNNAMED --add-opens=java.base/java.util=ALL-UNNAMED --add-opens=java.prefs/java.util.prefs=ALL-UNNAMED --add-opens=java.base/java.nio.charset=ALL-UNNAMED --add-opens=java.base/java.net=ALL-UNNAMED --add-opens=java.base/java.util.concurrent.atomic=ALL-UNNAMED --add-opens=java.xml/javax.xml.namespace=ALL-UNNAMED -XX:MaxMetaspaceSize=4G -XX:ReservedCodeCacheSize=512m -XX:+HeapDumpOnOutOfMemoryError -Xmx8G -Dfile.encoding=UTF-8 -Duser.country=US -Duser.language=en -Duser.variant -javaagent:C:\Users\Laiba\.gradle\wrapper\dists\gradle-8.14-all\c2qonpi39x1mddn7hk5gh9iqj\gradle-8.14\lib\agents\gradle-instrumentation-agent-8.14.jar org.gradle.launcher.daemon.bootstrap.GradleDaemon 8.14

Host: Intel(R) Core(TM) i5-7300U CPU @ 2.60GHz, 4 cores, 7G,  Windows 10 , 64 bit Build 19041 (10.0.19041.5915)
Time: Fri Jan  2 15:59:17 2026 Pakistan Standard Time elapsed time: 44.540933 seconds (0d 0h 0m 44s)

---------------  T H R E A D  ---------------

Current thread (0x000001d9458793b0):  JavaThread "Daemon worker"        [_thread_in_vm, id=14384, stack(0x0000008680b00000,0x0000008680c00000) (1024K)]

Stack: [0x0000008680b00000,0x0000008680c00000]
Native frames: (J=compiled Java code, j=interpreted, Vv=VM code, C=native code)
V  [jvm.dll+0x6d0639]
V  [jvm.dll+0x85eb03]
V  [jvm.dll+0x86105e]
V  [jvm.dll+0x861743]
V  [jvm.dll+0x27e6e6]
V  [jvm.dll+0x8599de]
V  [jvm.dll+0x674055]
V  [jvm.dll+0x1e3131]
V  [jvm.dll+0x1e2efe]
V  [jvm.dll+0x6769a8]
V  [jvm.dll+0x6767e2]
V  [jvm.dll+0x674a4e]
V  [jvm.dll+0x26adf0]
V  [jvm.dll+0x21595b]
V  [jvm.dll+0x20ae49]
V  [jvm.dll+0x5b1ff3]
V  [jvm.dll+0x7d6ac0]
V  [jvm.dll+0x7d6bee]
V  [jvm.dll+0x46eddd]
V  [jvm.dll+0x474728]
C  [java.dll+0x17ec]

Java frames: (J=compiled Java code, j=interpreted, Vv=VM code)
J 821  java.lang.ClassLoader.defineClass1(Ljava/lang/ClassLoader;Ljava/lang/String;[BIILjava/security/ProtectionDomain;Ljava/lang/String;)Ljava/lang/Class; java.base@21.0.6 (0 bytes) @ 0x000001d9234e2e11 [0x000001d9234e2d40+0x00000000000000d1]
J 16383 c2 java.net.URLClassLoader$1.run()Ljava/lang/Class; java.base@21.0.6 (81 bytes) @ 0x000001d923f1c8cc [0x000001d923f1aec0+0x0000000000001a0c]
J 8939 c2 java.net.URLClassLoader.findClass(Ljava/lang/String;)Ljava/lang/Class; java.base@21.0.6 (47 bytes) @ 0x000001d92364b52c [0x000001d92364b460+0x00000000000000cc]
J 14526 c2 java.lang.ClassLoader.loadClass(Ljava/lang/String;Z)Ljava/lang/Class; java.base@21.0.6 (121 bytes) @ 0x000001d923cdd960 [0x000001d923cdd620+0x0000000000000340]
J 3441 c2 java.lang.ClassLoader.loadClass(Ljava/lang/String;)Ljava/lang/Class; java.base@21.0.6 (7 bytes) @ 0x000001d9234ba36c [0x000001d9234ba320+0x000000000000004c]
v  ~StubRoutines::call_stub 0x000001d922ef100d
j  org.codehaus.groovy.ast.decompiled.MemberSignatureParser.createMethodNode(Lorg/codehaus/groovy/ast/decompiled/AsmReferenceResolver;Lorg/codehaus/groovy/ast/decompiled/MethodStub;)Lorg/codehaus/groovy/ast/MethodNode;+170
j  org.codehaus.groovy.ast.decompiled.DecompiledClassNode.lambda$createConstructor$2(Lorg/codehaus/groovy/ast/decompiled/MethodStub;)Lorg/codehaus/groovy/ast/ConstructorNode;+7
j  org.codehaus.groovy.ast.decompiled.DecompiledClassNode$$Lambda+0x0000000801342838.get()Ljava/lang/Object;+8
j  org.codehaus.groovy.ast.decompiled.DecompiledClassNode.createConstructor(Lorg/codehaus/groovy/ast/decompiled/MethodStub;)Lorg/codehaus/groovy/ast/ConstructorNode;+27
j  org.codehaus.groovy.ast.decompiled.DecompiledClassNode.lazyInitMembers()V+79
j  org.codehaus.groovy.ast.decompiled.DecompiledClassNode.getFields()Ljava/util/List;+1
j  org.codehaus.groovy.classgen.VariableScopeVisitor.findClassMember(Lorg/codehaus/groovy/ast/ClassNode;Ljava/lang/String;)Lorg/codehaus/groovy/ast/Variable;+26
j  org.codehaus.groovy.classgen.VariableScopeVisitor.findVariableDeclaration(Ljava/lang/String;)Lorg/codehaus/groovy/ast/Variable;+120
j  org.codehaus.groovy.classgen.VariableScopeVisitor.visitMethodCallExpression(Lorg/codehaus/groovy/ast/expr/MethodCallExpression;)V+47
j  org.codehaus.groovy.ast.expr.MethodCallExpression.visit(Lorg/codehaus/groovy/ast/GroovyCodeVisitor;)V+2
j  org.codehaus.groovy.ast.CodeVisitorSupport.visitExpressionStatement(Lorg/codehaus/groovy/ast/stmt/ExpressionStatement;)V+5
j  org.codehaus.groovy.ast.ClassCodeVisitorSupport.visitExpressionStatement(Lorg/codehaus/groovy/ast/stmt/ExpressionStatement;)V+7
j  org.codehaus.groovy.ast.stmt.ExpressionStatement.visit(Lorg/codehaus/groovy/ast/GroovyCodeVisitor;)V+2
j  org.codehaus.groovy.ast.ClassCodeVisitorSupport.visitClassCodeContainer(Lorg/codehaus/groovy/ast/stmt/Statement;)V+6
j  org.codehaus.groovy.classgen.VariableScopeVisitor.visitConstructorOrMethod(Lorg/codehaus/groovy/ast/MethodNode;Z)V+123
j  org.codehaus.groovy.ast.ClassCodeVisitorSupport.visitConstructor(Lorg/codehaus/groovy/ast/ConstructorNode;)V+3
j  org.codehaus.groovy.ast.ClassNode.visitContents(Lorg/codehaus/groovy/ast/GroovyClassVisitor;)V+109
j  org.codehaus.groovy.ast.ClassCodeVisitorSupport.visitClass(Lorg/codehaus/groovy/ast/ClassNode;)V+23
j  org.codehaus.groovy.classgen.VariableScopeVisitor.visitClass(Lorg/codehaus/groovy/ast/ClassNode;)V+32
j  org.codehaus.groovy.control.CompilationUnit.lambda$new$16(Lorg/codehaus/groovy/control/SourceUnit;)V+45
j  org.codehaus.groovy.control.CompilationUnit$$Lambda+0x00000008012c72c0.call(Lorg/codehaus/groovy/control/SourceUnit;)V+5
j  org.codehaus.groovy.control.CompilationUnit$ISourceUnitOperation.doPhaseOperation(Lorg/codehaus/groovy/control/CompilationUnit;)V+80
j  org.codehaus.groovy.control.CompilationUnit.processPhaseOperations(I)V+33
j  org.codehaus.groovy.control.CompilationUnit.compile(I)V+74
j  groovy.lang.GroovyClassLoader.doParseClass(Lgroovy/lang/GroovyCodeSource;)Ljava/lang/Class;+168
j  groovy.lang.GroovyClassLoader.lambda$parseClass$3(Lgroovy/lang/GroovyCodeSource;Ljava/lang/String;)Ljava/lang/Class;+2
j  groovy.lang.GroovyClassLoader$$Lambda+0x00000008012c3c98.provide(Ljava/lang/Object;)Ljava/lang/Object;+12
j  org.codehaus.groovy.runtime.memoize.StampedCommonCache.compute(Ljava/lang/Object;Lorg/codehaus/groovy/runtime/memoize/MemoizeCache$ValueProvider;Z)Ljava/lang/Object;+11
j  org.codehaus.groovy.runtime.memoize.StampedCommonCache.getAndPut(Ljava/lang/Object;Lorg/codehaus/groovy/runtime/memoize/MemoizeCache$ValueProvider;Z)Ljava/lang/Object;+181
j  groovy.lang.GroovyClassLoader.parseClass(Lgroovy/lang/GroovyCodeSource;Z)Ljava/lang/Class;+19
j  org.gradle.groovy.scripts.internal.DefaultScriptCompilationHandler.compileScript(Lorg/gradle/groovy/scripts/ScriptSource;Ljava/lang/ClassLoader;Lorg/codehaus/groovy/control/CompilerConfiguration;Ljava/io/File;Lorg/gradle/groovy/scripts/internal/CompileOperation;Lorg/gradle/api/Action;)V+153
j  org.gradle.groovy.scripts.internal.DefaultScriptCompilationHandler.compileToDir(Lorg/gradle/groovy/scripts/ScriptSource;Ljava/lang/ClassLoader;Ljava/io/File;Ljava/io/File;Lorg/gradle/groovy/scripts/internal/CompileOperation;Ljava/lang/Class;Lorg/gradle/api/Action;)V+55
j  org.gradle.groovy.scripts.internal.BuildOperationBackedScriptCompilationHandler$2.run(Lorg/gradle/internal/operations/BuildOperationContext;)V+35
J 15353 c2 org.gradle.internal.operations.DefaultBuildOperationRunner$1.execute(Lorg/gradle/internal/operations/BuildOperation;Lorg/gradle/internal/operations/BuildOperationContext;)V (10 bytes) @ 0x000001d923dd8310 [0x000001d923dd7aa0+0x0000000000000870]
J 11604 c2 org.gradle.internal.operations.DefaultBuildOperationRunner.execute(Lorg/gradle/internal/operations/BuildOperationDescriptor$Builder;Lorg/gradle/internal/operations/BuildOperationState;Lorg/gradle/internal/operations/DefaultBuildOperationRunner$BuildOperationExecution;)Ljava/lang/Object; (147 bytes) @ 0x000001d923aed19c [0x000001d923aeb3e0+0x0000000000001dbc]
J 12530 c2 org.gradle.internal.operations.DefaultBuildOperationRunner.execute(Lorg/gradle/internal/operations/BuildOperation;Lorg/gradle/internal/operations/BuildOperationWorker;Lorg/gradle/internal/operations/BuildOperationState;)V (23 bytes) @ 0x000001d923b73020 [0x000001d923b72f40+0x00000000000000e0]
J 8575 c1 org.gradle.internal.operations.DefaultBuildOperationRunner.run(Lorg/gradle/internal/operations/RunnableBuildOperation;)V (13 bytes) @ 0x000001d913b07c64 [0x000001d913b07880+0x00000000000003e4]
j  org.gradle.groovy.scripts.internal.BuildOperationBackedScriptCompilationHandler.compileToDir(Lorg/gradle/groovy/scripts/ScriptSource;Ljava/lang/ClassLoader;Ljava/io/File;Ljava/io/File;Lorg/gradle/groovy/scripts/internal/CompileOperation;Ljava/lang/Class;Lorg/gradle/api/Action;)V+23
j  org.gradle.groovy.scripts.internal.GroovyScriptClassCompiler$GroovyScriptCompilationAndInstrumentation.compile(Ljava/io/File;)Ljava/io/File;+35
j  org.gradle.internal.scripts.BuildScriptCompilationAndInstrumentation.execute(Lorg/gradle/internal/execution/UnitOfWork$ExecutionRequest;)Lorg/gradle/internal/execution/UnitOfWork$WorkOutput;+9
j  org.gradle.internal.execution.steps.ExecuteStep.executeInternal(Lorg/gradle/internal/execution/UnitOfWork;Lorg/gradle/internal/execution/steps/InputChangesContext;)Lorg/gradle/internal/execution/steps/Result;+16
j  org.gradle.internal.execution.steps.ExecuteStep.access$000(Lorg/gradle/internal/execution/UnitOfWork;Lorg/gradle/internal/execution/steps/InputChangesContext;)Lorg/gradle/internal/execution/steps/Result;+2
j  org.gradle.internal.execution.steps.ExecuteStep$1.call(Lorg/gradle/internal/operations/BuildOperationContext;)Lorg/gradle/internal/execution/steps/Result;+8
j  org.gradle.internal.execution.steps.ExecuteStep$1.call(Lorg/gradle/internal/operations/BuildOperationContext;)Ljava/lang/Object;+2
J 14396 c2 org.gradle.internal.operations.DefaultBuildOperationRunner$CallableBuildOperationWorker.execute(Lorg/gradle/internal/operations/BuildOperation;Lorg/gradle/internal/operations/BuildOperationContext;)V (10 bytes) @ 0x000001d923c8b520 [0x000001d923c8b4a0+0x0000000000000080]
J 11604 c2 org.gradle.internal.operations.DefaultBuildOperationRunner.execute(Lorg/gradle/internal/operations/BuildOperationDescriptor$Builder;Lorg/gradle/internal/operations/BuildOperationState;Lorg/gradle/internal/operations/DefaultBuildOperationRunner$BuildOperationExecution;)Ljava/lang/Object; (147 bytes) @ 0x000001d923aed19c [0x000001d923aeb3e0+0x0000000000001dbc]
J 14398 c2 org.gradle.internal.operations.DefaultBuildOperationRunner.call(Lorg/gradle/internal/operations/CallableBuildOperation;)Ljava/lang/Object; (24 bytes) @ 0x000001d923c8bc04 [0x000001d923c8ba00+0x0000000000000204]
j  org.gradle.internal.execution.steps.ExecuteStep.execute(Lorg/gradle/internal/execution/UnitOfWork;Lorg/gradle/internal/execution/steps/ChangingOutputsContext;)Lorg/gradle/internal/execution/steps/Result;+28
j  org.gradle.internal.execution.steps.ExecuteStep.execute(Lorg/gradle/internal/execution/UnitOfWork;Lorg/gradle/internal/execution/steps/Context;)Lorg/gradle/internal/execution/steps/Result;+6
j  org.gradle.internal.execution.steps.CancelExecutionStep.execute(Lorg/gradle/internal/execution/UnitOfWork;Lorg/gradle/internal/execution/steps/Context;)Lorg/gradle/internal/execution/steps/Result;+35
j  org.gradle.internal.execution.steps.TimeoutStep.executeWithoutTimeout(Lorg/gradle/internal/execution/UnitOfWork;Lorg/gradle/internal/execution/steps/Context;)Lorg/gradle/internal/execution/steps/Result;+6
j  org.gradle.internal.execution.steps.TimeoutStep.execute(Lorg/gradle/internal/execution/UnitOfWork;Lorg/gradle/internal/execution/steps/Context;)Lorg/gradle/internal/execution/steps/Result;+92
j  org.gradle.internal.execution.steps.PreCreateOutputParentsStep.execute(Lorg/gradle/internal/execution/UnitOfWork;Lorg/gradle/internal/execution/steps/ChangingOutputsContext;)Lorg/gradle/internal/execution/steps/Result;+24
j  org.gradle.internal.execution.steps.PreCreateOutputParentsStep.execute(Lorg/gradle/internal/execution/UnitOfWork;Lorg/gradle/internal/execution/steps/Context;)Lorg/gradle/internal/execution/steps/Result;+6
j  org.gradle.internal.execution.steps.BroadcastChangingOutputsStep.execute(Lorg/gradle/internal/execution/UnitOfWork;Lorg/gradle/internal/execution/steps/InputChangesContext;)Lorg/gradle/internal/execution/steps/Result;+53
j  org.gradle.internal.execution.steps.BroadcastChangingOutputsStep.execute(Lorg/gradle/internal/execution/UnitOfWork;Lorg/gradle/internal/execution/steps/Context;)Lorg/gradle/internal/execution/steps/Result;+6
j  org.gradle.internal.execution.steps.NoInputChangesStep.execute(Lorg/gradle/internal/execution/UnitOfWork;Lorg/gradle/internal/execution/steps/ValidationFinishedContext;)Lorg/gradle/internal/execution/steps/Result;+23
j  org.gradle.internal.execution.steps.NoInputChangesStep.execute(Lorg/gradle/internal/execution/UnitOfWork;Lorg/gradle/internal/execution/steps/Context;)Lorg/gradle/internal/execution/steps/Result;+6
j  org.gradle.internal.execution.steps.CaptureOutputsAfterExecutionStep.execute(Lorg/gradle/internal/execution/UnitOfWork;Lorg/gradle/internal/execution/steps/WorkspaceContext;)Lorg/gradle/internal/execution/steps/AfterExecutionResult;+6
j  org.gradle.internal.execution.steps.CaptureOutputsAfterExecutionStep.execute(Lorg/gradle/internal/execution/UnitOfWork;Lorg/gradle/internal/execution/steps/Context;)Lorg/gradle/internal/execution/steps/Result;+6
j  org.gradle.internal.execution.steps.BuildCacheStep.executeWithoutCache(Lorg/gradle/internal/execution/UnitOfWork;Lorg/gradle/internal/execution/steps/WorkspaceContext;)Lorg/gradle/internal/execution/steps/AfterExecutionResult;+6
j  org.gradle.internal.execution.steps.BuildCacheStep.lambda$execute$1(Lorg/gradle/internal/execution/UnitOfWork;Lorg/gradle/internal/execution/steps/WorkspaceContext;Lorg/gradle/internal/execution/caching/CachingState$Disabled;)Lorg/gradle/internal/execution/steps/AfterExecutionResult;+3
j  org.gradle.internal.execution.steps.BuildCacheStep$$Lambda+0x00000008012c0988.apply(Ljava/lang/Object;)Ljava/lang/Object;+16
j  org.gradle.internal.Either$Right.fold(Ljava/util/function/Function;Ljava/util/function/Function;)Ljava/lang/Object;+5
j  org.gradle.internal.execution.caching.CachingState.fold(Ljava/util/function/Function;Ljava/util/function/Function;)Ljava/lang/Object;+6
j  org.gradle.internal.execution.steps.BuildCacheStep.execute(Lorg/gradle/internal/execution/UnitOfWork;Lorg/gradle/internal/execution/steps/WorkspaceContext;)Lorg/gradle/internal/execution/steps/AfterExecutionResult;+25
j  org.gradle.internal.execution.steps.BuildCacheStep.execute(Lorg/gradle/internal/execution/UnitOfWork;Lorg/gradle/internal/execution/steps/Context;)Lorg/gradle/internal/execution/steps/Result;+6
j  org.gradle.internal.execution.steps.NeverUpToDateStep.execute(Lorg/gradle/internal/execution/UnitOfWork;Lorg/gradle/internal/execution/steps/NonIncrementalCachingContext;)Lorg/gradle/internal/execution/steps/UpToDateResult;+6
j  org.gradle.internal.execution.steps.NeverUpToDateStep.execute(Lorg/gradle/internal/execution/UnitOfWork;Lorg/gradle/internal/execution/steps/Context;)Lorg/gradle/internal/execution/steps/Result;+6
j  org.gradle.internal.execution.steps.legacy.MarkSnapshottingInputsFinishedStep.execute(Lorg/gradle/internal/execution/UnitOfWork;Lorg/gradle/internal/execution/steps/CachingContext;)Lorg/gradle/internal/execution/steps/Result;+18
j  org.gradle.internal.execution.steps.legacy.MarkSnapshottingInputsFinishedStep.execute(Lorg/gradle/internal/execution/UnitOfWork;Lorg/gradle/internal/execution/steps/Context;)Lorg/gradle/internal/execution/steps/Result;+6
j  org.gradle.internal.execution.steps.ResolveNonIncrementalCachingStateStep.executeDelegate(Lorg/gradle/internal/execution/UnitOfWork;Lorg/gradle/internal/execution/steps/ValidationFinishedContext;Lorg/gradle/internal/execution/caching/CachingState;)Lorg/gradle/internal/execution/steps/UpToDateResult;+14
j  org.gradle.internal.execution.steps.AbstractResolveCachingStateStep.execute(Lorg/gradle/internal/execution/UnitOfWork;Lorg/gradle/internal/execution/steps/ValidationFinishedContext;)Lorg/gradle/internal/execution/steps/CachingResult;+51
j  org.gradle.internal.execution.steps.AbstractResolveCachingStateStep.execute(Lorg/gradle/internal/execution/UnitOfWork;Lorg/gradle/internal/execution/steps/Context;)Lorg/gradle/internal/execution/steps/Result;+6
j  org.gradle.internal.execution.steps.ValidateStep.execute(Lorg/gradle/internal/execution/UnitOfWork;Lorg/gradle/internal/execution/steps/BeforeExecutionContext;)Lorg/gradle/internal/execution/steps/Result;+255
j  org.gradle.internal.execution.steps.ValidateStep.execute(Lorg/gradle/internal/execution/UnitOfWork;Lorg/gradle/internal/execution/steps/Context;)Lorg/gradle/internal/execution/steps/Result;+6
j  org.gradle.internal.execution.steps.AbstractCaptureStateBeforeExecutionStep.execute(Lorg/gradle/internal/execution/UnitOfWork;Lorg/gradle/internal/execution/steps/PreviousExecutionContext;)Lorg/gradle/internal/execution/steps/CachingResult;+32
j  org.gradle.internal.execution.steps.AbstractCaptureStateBeforeExecutionStep.execute(Lorg/gradle/internal/execution/UnitOfWork;Lorg/gradle/internal/execution/steps/Context;)Lorg/gradle/internal/execution/steps/Result;+6
j  org.gradle.internal.execution.steps.legacy.MarkSnapshottingInputsStartedStep.execute(Lorg/gradle/internal/execution/UnitOfWork;Lorg/gradle/internal/execution/steps/Context;)Lorg/gradle/internal/execution/steps/Result;+12
j  org.gradle.internal.execution.steps.AssignImmutableWorkspaceStep.lambda$executeInTemporaryWorkspace$3(Lorg/gradle/internal/execution/steps/IdentityContext;Lorg/gradle/internal/execution/UnitOfWork;Lorg/gradle/internal/execution/workspace/ImmutableWorkspaceProvider$ImmutableWorkspace;Ljava/io/File;)Lorg/gradle/internal/execution/steps/WorkspaceResult;+50
j  org.gradle.internal.execution.steps.AssignImmutableWorkspaceStep$$Lambda+0x00000008012bf210.executeInTemporaryWorkspace(Ljava/io/File;)Ljava/lang/Object;+17
j  org.gradle.internal.execution.workspace.impl.CacheBasedImmutableWorkspaceProvider$1.withTemporaryWorkspace(Lorg/gradle/internal/execution/workspace/ImmutableWorkspaceProvider$ImmutableWorkspace$TemporaryWorkspaceAction;)Ljava/lang/Object;+47
j  org.gradle.internal.execution.steps.AssignImmutableWorkspaceStep.executeInTemporaryWorkspace(Lorg/gradle/internal/execution/UnitOfWork;Lorg/gradle/internal/execution/steps/IdentityContext;Lorg/gradle/internal/execution/workspace/ImmutableWorkspaceProvider$ImmutableWorkspace;)Lorg/gradle/internal/execution/steps/WorkspaceResult;+10
j  org.gradle.internal.execution.steps.AssignImmutableWorkspaceStep.lambda$execute$0(Lorg/gradle/internal/execution/UnitOfWork;Lorg/gradle/internal/execution/steps/IdentityContext;Lorg/gradle/internal/execution/workspace/ImmutableWorkspaceProvider$ImmutableWorkspace;)Lorg/gradle/internal/execution/steps/WorkspaceResult;+4
j  org.gradle.internal.execution.steps.AssignImmutableWorkspaceStep$$Lambda+0x0000000800651c20.get()Ljava/lang/Object;+16
J 10327 c1 org.gradle.internal.execution.steps.AssignImmutableWorkspaceStep.execute(Lorg/gradle/internal/execution/UnitOfWork;Lorg/gradle/internal/execution/steps/IdentityContext;)Lorg/gradle/internal/execution/steps/WorkspaceResult; (55 bytes) @ 0x000001d914246a8c [0x000001d914246020+0x0000000000000a6c]
J 10593 c1 org.gradle.internal.execution.steps.AssignImmutableWorkspaceStep.execute(Lorg/gradle/internal/execution/UnitOfWork;Lorg/gradle/internal/execution/steps/Context;)Lorg/gradle/internal/execution/steps/Result; (10 bytes) @ 0x000001d9142f19bc [0x000001d9142f1840+0x000000000000017c]
J 10573 c1 org.gradle.internal.execution.steps.ChoosePipelineStep.execute(Lorg/gradle/internal/execution/UnitOfWork;Lorg/gradle/internal/execution/steps/IdentityContext;)Lorg/gradle/internal/execution/steps/Result; (71 bytes) @ 0x000001d9142e361c [0x000001d9142e2f20+0x00000000000006fc]
J 10572 c1 org.gradle.internal.execution.steps.ChoosePipelineStep.execute(Lorg/gradle/internal/execution/UnitOfWork;Lorg/gradle/internal/execution/steps/Context;)Lorg/gradle/internal/execution/steps/Result; (10 bytes) @ 0x000001d9142e2abc [0x000001d9142e2940+0x000000000000017c]
j  org.gradle.internal.execution.steps.ExecuteWorkBuildOperationFiringStep.lambda$execute$2(Lorg/gradle/internal/execution/UnitOfWork;Lorg/gradle/internal/execution/steps/IdentityContext;)Lorg/gradle/internal/execution/steps/CachingResult;+6
j  org.gradle.internal.execution.steps.ExecuteWorkBuildOperationFiringStep$$Lambda+0x0000000800648d38.get()Ljava/lang/Object;+12
J 10571 c1 org.gradle.internal.execution.steps.ExecuteWorkBuildOperationFiringStep.execute(Lorg/gradle/internal/execution/UnitOfWork;Lorg/gradle/internal/execution/steps/Context;)Lorg/gradle/internal/execution/steps/Result; (10 bytes) @ 0x000001d9142e19cc [0x000001d9142e0b40+0x0000000000000e8c]
j  org.gradle.internal.execution.steps.IdentityCacheStep.execute(Lorg/gradle/internal/execution/UnitOfWork;Lorg/gradle/internal/execution/steps/IdentityContext;)Lorg/gradle/internal/execution/steps/WorkspaceResult;+6
j  org.gradle.internal.execution.steps.IdentityCacheStep.execute(Lorg/gradle/internal/execution/UnitOfWork;Lorg/gradle/internal/execution/steps/Context;)Lorg/gradle/internal/execution/steps/Result;+6
j  org.gradle.internal.execution.steps.IdentifyStep.execute(Lorg/gradle/internal/execution/UnitOfWork;Lorg/gradle/internal/execution/steps/ExecutionRequestContext;)Lorg/gradle/internal/execution/steps/Result;+11
j  org.gradle.internal.execution.steps.IdentifyStep.execute(Lorg/gradle/internal/execution/UnitOfWork;Lorg/gradle/internal/execution/steps/Context;)Lorg/gradle/internal/execution/steps/Result;+6
j  org.gradle.internal.execution.impl.DefaultExecutionEngine$1.execute()Lorg/gradle/internal/execution/ExecutionEngine$Result;+15
j  org.gradle.groovy.scripts.internal.GroovyScriptClassCompiler.doCompile(Ljava/lang/Object;Ljava/lang/String;Lorg/gradle/internal/hash/HashCode;Lorg/gradle/groovy/scripts/internal/RemappingScriptSource;Ljava/lang/ClassLoader;Lorg/gradle/groovy/scripts/internal/CompileOperation;Lorg/gradle/api/Action;Ljava/lang/Class;)Lorg/gradle/groovy/scripts/internal/GroovyScriptClassCompiler$GroovyScriptCompilationAndInstrumentation$GroovyScriptCompilationOutput;+65
j  org.gradle.groovy.scripts.internal.GroovyScriptClassCompiler.compile(Lorg/gradle/groovy/scripts/ScriptSource;Ljava/lang/Class;Ljava/lang/Object;Lorg/gradle/api/internal/initialization/ClassLoaderScope;Lorg/gradle/groovy/scripts/internal/CompileOperation;Lorg/gradle/api/Action;)Lorg/gradle/groovy/scripts/internal/CompiledScript;+108
j  org.gradle.groovy.scripts.internal.CrossBuildInMemoryCachingScriptClassCache.getOrCompile(Ljava/lang/Object;Lorg/gradle/groovy/scripts/ScriptSource;Lorg/gradle/api/internal/initialization/ClassLoaderScope;Lorg/gradle/groovy/scripts/internal/CompileOperation;Ljava/lang/Class;Lorg/gradle/api/Action;Lorg/gradle/groovy/scripts/internal/ScriptClassCompiler;)Lorg/gradle/groovy/scripts/internal/CompiledScript;+108
j  org.gradle.groovy.scripts.internal.BuildScopeInMemoryCachingScriptClassCompiler.compile(Lorg/gradle/groovy/scripts/ScriptSource;Ljava/lang/Class;Ljava/lang/Object;Lorg/gradle/api/internal/initialization/ClassLoaderScope;Lorg/gradle/groovy/scripts/internal/CompileOperation;Lorg/gradle/api/Action;)Lorg/gradle/groovy/scripts/internal/CompiledScript;+70
j  org.gradle.groovy.scripts.DefaultScriptCompilerFactory$ScriptCompilerImpl.compile(Ljava/lang/Class;Ljava/lang/Object;Lorg/gradle/api/internal/initialization/ClassLoaderScope;Lorg/gradle/groovy/scripts/internal/CompileOperation;Lorg/gradle/api/Action;)Lorg/gradle/groovy/scripts/ScriptRunner;+18
j  org.gradle.configuration.DefaultScriptPluginFactory$ScriptPluginImpl.apply(Ljava/lang/Object;)V+92
j  org.gradle.configuration.BuildOperationScriptPlugin$1.run(Lorg/gradle/internal/operations/BuildOperationContext;)V+11
J 15353 c2 org.gradle.internal.operations.DefaultBuildOperationRunner$1.execute(Lorg/gradle/internal/operations/BuildOperation;Lorg/gradle/internal/operations/BuildOperationContext;)V (10 bytes) @ 0x000001d923dd8310 [0x000001d923dd7aa0+0x0000000000000870]
J 11604 c2 org.gradle.internal.operations.DefaultBuildOperationRunner.execute(Lorg/gradle/internal/operations/BuildOperationDescriptor$Builder;Lorg/gradle/internal/operations/BuildOperationState;Lorg/gradle/internal/operations/DefaultBuildOperationRunner$BuildOperationExecution;)Ljava/lang/Object; (147 bytes) @ 0x000001d923aed19c [0x000001d923aeb3e0+0x0000000000001dbc]
J 12530 c2 org.gradle.internal.operations.DefaultBuildOperationRunner.execute(Lorg/gradle/internal/operations/BuildOperation;Lorg/gradle/internal/operations/BuildOperationWorker;Lorg/gradle/internal/operations/BuildOperationState;)V (23 bytes) @ 0x000001d923b73020 [0x000001d923b72f40+0x00000000000000e0]
J 8575 c1 org.gradle.internal.operations.DefaultBuildOperationRunner.run(Lorg/gradle/internal/operations/RunnableBuildOperation;)V (13 bytes) @ 0x000001d913b07c64 [0x000001d913b07880+0x00000000000003e4]
j  org.gradle.configuration.BuildOperationScriptPlugin.lambda$apply$0(Ljava/lang/Object;Lorg/gradle/internal/code/UserCodeApplicationId;)V+14
j  org.gradle.configuration.BuildOperationScriptPlugin$$Lambda+0x000000080061e5b0.execute(Ljava/lang/Object;)V+12
j  org.gradle.internal.code.DefaultUserCodeApplicationContext.apply(Lorg/gradle/internal/code/UserCodeSource;Lorg/gradle/api/Action;)V+37
j  org.gradle.configuration.BuildOperationScriptPlugin.apply(Ljava/lang/Object;)V+71
j  org.gradle.configuration.project.BuildScriptProcessor$$Lambda+0x00000008008479b8.accept(Ljava/lang/Object;)V+8
j  org.gradle.api.internal.project.DefaultProjectStateRegistry$ProjectStateImpl.lambda$applyToMutableState$1(Ljava/util/function/Consumer;Lorg/gradle/api/internal/project/ProjectInternal;)Ljava/lang/Object;+2
j  org.gradle.api.internal.project.DefaultProjectStateRegistry$ProjectStateImpl$$Lambda+0x00000008007f6000.apply(Ljava/lang/Object;)Ljava/lang/Object;+8
j  org.gradle.api.internal.project.DefaultProjectStateRegistry$ProjectStateImpl.fromMutableState(Ljava/util/function/Function;)Ljava/lang/Object;+97
j  org.gradle.api.internal.project.DefaultProjectStateRegistry$ProjectStateImpl.applyToMutableState(Ljava/util/function/Consumer;)V+7
j  org.gradle.configuration.project.BuildScriptProcessor.execute(Lorg/gradle/api/internal/project/ProjectInternal;)V+88
j  org.gradle.configuration.project.BuildScriptProcessor.execute(Ljava/lang/Object;)V+5
j  org.gradle.configuration.project.ConfigureActionsProjectEvaluator.evaluate(Lorg/gradle/api/internal/project/ProjectInternal;Lorg/gradle/api/internal/project/ProjectStateInternal;)V+33
j  org.gradle.configuration.project.LifecycleProjectEvaluator$EvaluateProject.lambda$run$0(Lorg/gradle/internal/operations/BuildOperationContext;Lorg/gradle/api/internal/project/ProjectInternal;)V+67
j  org.gradle.configuration.project.LifecycleProjectEvaluator$EvaluateProject$$Lambda+0x00000008007f3cc8.accept(Ljava/lang/Object;)V+12
j  org.gradle.api.internal.project.DefaultProjectStateRegistry$ProjectStateImpl.lambda$applyToMutableState$1(Ljava/util/function/Consumer;Lorg/gradle/api/internal/project/ProjectInternal;)Ljava/lang/Object;+2
j  org.gradle.api.internal.project.DefaultProjectStateRegistry$ProjectStateImpl$$Lambda+0x00000008007f6000.apply(Ljava/lang/Object;)Ljava/lang/Object;+8
j  org.gradle.api.internal.project.DefaultProjectStateRegistry$ProjectStateImpl.lambda$fromMutableState$2(Ljava/util/function/Function;)Ljava/lang/Object;+5
j  org.gradle.api.internal.project.DefaultProjectStateRegistry$ProjectStateImpl$$Lambda+0x00000008007f6258.create()Ljava/lang/Object;+8
j  org.gradle.internal.work.DefaultWorkerLeaseService.withReplacedLocks(Ljava/util/Collection;Lorg/gradle/internal/resources/ResourceLock;Lorg/gradle/internal/Factory;)Ljava/lang/Object;+40
j  org.gradle.api.internal.project.DefaultProjectStateRegistry$ProjectStateImpl.fromMutableState(Ljava/util/function/Function;)Ljava/lang/Object;+133
j  org.gradle.api.internal.project.DefaultProjectStateRegistry$ProjectStateImpl.applyToMutableState(Ljava/util/function/Consumer;)V+7
j  org.gradle.configuration.project.LifecycleProjectEvaluator$EvaluateProject.run(Lorg/gradle/internal/operations/BuildOperationContext;)V+16
J 15353 c2 org.gradle.internal.operations.DefaultBuildOperationRunner$1.execute(Lorg/gradle/internal/operations/BuildOperation;Lorg/gradle/internal/operations/BuildOperationContext;)V (10 bytes) @ 0x000001d923dd8310 [0x000001d923dd7aa0+0x0000000000000870]
J 11604 c2 org.gradle.internal.operations.DefaultBuildOperationRunner.execute(Lorg/gradle/internal/operations/BuildOperationDescriptor$Builder;Lorg/gradle/internal/operations/BuildOperationState;Lorg/gradle/internal/operations/DefaultBuildOperationRunner$BuildOperationExecution;)Ljava/lang/Object; (147 bytes) @ 0x000001d923aed19c [0x000001d923aeb3e0+0x0000000000001dbc]
J 12530 c2 org.gradle.internal.operations.DefaultBuildOperationRunner.execute(Lorg/gradle/internal/operations/BuildOperation;Lorg/gradle/internal/operations/BuildOperationWorker;Lorg/gradle/internal/operations/BuildOperationState;)V (23 bytes) @ 0x000001d923b73020 [0x000001d923b72f40+0x00000000000000e0]
J 8575 c1 org.gradle.internal.operations.DefaultBuildOperationRunner.run(Lorg/gradle/internal/operations/RunnableBuildOperation;)V (13 bytes) @ 0x000001d913b07c64 [0x000001d913b07880+0x00000000000003e4]
j  org.gradle.configuration.project.LifecycleProjectEvaluator.evaluate(Lorg/gradle/api/internal/project/ProjectInternal;Lorg/gradle/api/internal/project/ProjectStateInternal;)V+42
j  org.gradle.api.internal.project.DefaultProject.evaluateUnchecked()Lorg/gradle/api/internal/project/ProjectInternal;+20
j  org.gradle.api.internal.project.ProjectLifecycleController.lambda$ensureSelfConfigured$2()V+4
j  org.gradle.api.internal.project.ProjectLifecycleController$$Lambda+0x00000008007f2198.run()V+4
j  org.gradle.internal.model.StateTransitionController.lambda$doTransition$14(Ljava/lang/Runnable;)Lorg/gradle/internal/build/ExecutionResult;+1
j  org.gradle.internal.model.StateTransitionController$$Lambda+0x00000008004f0000.get()Ljava/lang/Object;+4
j  org.gradle.internal.model.StateTransitionController.doTransition(Lorg/gradle/internal/model/StateTransitionController$State;Lorg/gradle/internal/model/StateTransitionController$State;Ljava/util/function/Supplier;)Lorg/gradle/internal/build/ExecutionResult;+24
j  org.gradle.internal.model.StateTransitionController.doTransition(Lorg/gradle/internal/model/StateTransitionController$State;Lorg/gradle/internal/model/StateTransitionController$State;Ljava/lang/Runnable;)V+9
j  org.gradle.internal.model.StateTransitionController.lambda$maybeTransitionIfNotCurrentlyTransitioning$10(Lorg/gradle/internal/model/StateTransitionController$State;Lorg/gradle/internal/model/StateTransitionController$State;Ljava/lang/Runnable;)V+16
j  org.gradle.internal.model.StateTransitionController$$Lambda+0x00000008007f23d0.run()V+16
j  org.gradle.internal.work.DefaultSynchronizer.withLock(Ljava/lang/Runnable;)V+6
j  org.gradle.internal.model.StateTransitionController.maybeTransitionIfNotCurrentlyTransitioning(Lorg/gradle/internal/model/StateTransitionController$State;Lorg/gradle/internal/model/StateTransitionController$State;Ljava/lang/Runnable;)V+13
j  org.gradle.api.internal.project.ProjectLifecycleController.ensureSelfConfigured()V+16
j  org.gradle.api.internal.project.DefaultProjectStateRegistry$ProjectStateImpl.ensureConfigured()V+19
j  org.gradle.execution.TaskPathProjectEvaluator.configure(Lorg/gradle/api/internal/project/ProjectInternal;)V+6
j  org.gradle.execution.TaskPathProjectEvaluator.configureHierarchy(Lorg/gradle/api/internal/project/ProjectInternal;)V+41
j  org.gradle.configuration.DefaultProjectsPreparer.prepareProjects(Lorg/gradle/api/internal/GradleInternal;)V+52
j  org.gradle.configuration.BuildTreePreparingProjectsPreparer.prepareProjects(Lorg/gradle/api/internal/GradleInternal;)V+114
j  org.gradle.configuration.BuildOperationFiringProjectsPreparer$ConfigureBuild.run(Lorg/gradle/internal/operations/BuildOperationContext;)V+11
J 8576 c1 org.gradle.internal.operations.DefaultBuildOperationRunner$1.execute(Lorg/gradle/internal/operations/BuildOperation;Lorg/gradle/internal/operations/BuildOperationContext;)V (10 bytes) @ 0x000001d9137472c4 [0x000001d913747060+0x0000000000000264]
J 6609 c1 org.gradle.internal.operations.DefaultBuildOperationRunner$2.execute(Lorg/gradle/internal/operations/BuildOperationDescriptor;Lorg/gradle/internal/operations/BuildOperationState;Lorg/gradle/internal/operations/BuildOperationState;Lorg/gradle/internal/operations/DefaultBuildOperationRunner$ReadableBuildOperationContext;Lorg/gradle/internal/operations/DefaultBuildOperationRunner$BuildOperationExecutionListener;)Lorg/gradle/internal/operations/BuildOperation; (110 bytes) @ 0x000001d913d2034c [0x000001d913d20140+0x000000000000020c]
J 6875 c1 org.gradle.internal.operations.DefaultBuildOperationRunner$2.execute(Lorg/gradle/internal/operations/BuildOperationDescriptor;Lorg/gradle/internal/operations/BuildOperationState;Lorg/gradle/internal/operations/BuildOperationState;Lorg/gradle/internal/operations/DefaultBuildOperationRunner$ReadableBuildOperationContext;Lorg/gradle/internal/operations/DefaultBuildOperationRunner$BuildOperationExecutionListener;)Ljava/lang/Object; (12 bytes) @ 0x000001d913dab74c [0x000001d913dab6c0+0x000000000000008c]
J 9233 c1 org.gradle.internal.operations.DefaultBuildOperationRunner.execute(Lorg/gradle/internal/operations/BuildOperationDescriptor$Builder;Lorg/gradle/internal/operations/BuildOperationState;Lorg/gradle/internal/operations/DefaultBuildOperationRunner$BuildOperationExecution;)Ljava/lang/Object; (147 bytes) @ 0x000001d91403da94 [0x000001d91403cf00+0x0000000000000b94]
J 6608 c1 org.gradle.internal.operations.DefaultBuildOperationRunner.execute(Lorg/gradle/internal/operations/BuildOperation;Lorg/gradle/internal/operations/BuildOperationWorker;Lorg/gradle/internal/operations/BuildOperationState;)V (23 bytes) @ 0x000001d913d1fba4 [0x000001d913d1f8e0+0x00000000000002c4]
J 8575 c1 org.gradle.internal.operations.DefaultBuildOperationRunner.run(Lorg/gradle/internal/operations/RunnableBuildOperation;)V (13 bytes) @ 0x000001d913b07c64 [0x000001d913b07880+0x00000000000003e4]
j  org.gradle.configuration.BuildOperationFiringProjectsPreparer.prepareProjects(Lorg/gradle/api/internal/GradleInternal;)V+13
j  org.gradle.initialization.VintageBuildModelController.lambda$prepareProjects$2()V+8
j  org.gradle.initialization.VintageBuildModelController$$Lambda+0x00000008007c1248.run()V+4
j  org.gradle.internal.model.StateTransitionController.lambda$doTransition$14(Ljava/lang/Runnable;)Lorg/gradle/internal/build/ExecutionResult;+1
j  org.gradle.internal.model.StateTransitionController$$Lambda+0x00000008004f0000.get()Ljava/lang/Object;+4
j  org.gradle.internal.model.StateTransitionController.doTransition(Lorg/gradle/internal/model/StateTransitionController$State;Lorg/gradle/internal/model/StateTransitionController$State;Ljava/util/function/Supplier;)Lorg/gradle/internal/build/ExecutionResult;+24
j  org.gradle.internal.model.StateTransitionController.doTransition(Lorg/gradle/internal/model/StateTransitionController$State;Lorg/gradle/internal/model/StateTransitionController$State;Ljava/lang/Runnable;)V+9
j  org.gradle.internal.model.StateTransitionController.lambda$transitionIfNotPreviously$11(Lorg/gradle/internal/model/StateTransitionController$State;Lorg/gradle/internal/model/StateTransitionController$State;Ljava/lang/Runnable;)V+16
j  org.gradle.internal.model.StateTransitionController$$Lambda+0x00000008004f0470.run()V+16
j  org.gradle.internal.work.DefaultSynchronizer.withLock(Ljava/lang/Runnable;)V+6
j  org.gradle.internal.model.StateTransitionController.transitionIfNotPreviously(Lorg/gradle/internal/model/StateTransitionController$State;Lorg/gradle/internal/model/StateTransitionController$State;Ljava/lang/Runnable;)V+13
j  org.gradle.initialization.VintageBuildModelController.prepareProjects()V+16
j  org.gradle.initialization.VintageBuildModelController.prepareToScheduleTasks()V+5
j  org.gradle.internal.build.DefaultBuildLifecycleController.lambda$prepareToScheduleTasks$6()V+9
j  org.gradle.internal.build.DefaultBuildLifecycleController$$Lambda+0x00000008004ecc20.run()V+4
j  org.gradle.internal.model.StateTransitionController.lambda$doTransition$14(Ljava/lang/Runnable;)Lorg/gradle/internal/build/ExecutionResult;+1
j  org.gradle.internal.model.StateTransitionController$$Lambda+0x00000008004f0000.get()Ljava/lang/Object;+4
j  org.gradle.internal.model.StateTransitionController.doTransition(Lorg/gradle/internal/model/StateTransitionController$State;Lorg/gradle/internal/model/StateTransitionController$State;Ljava/util/function/Supplier;)Lorg/gradle/internal/build/ExecutionResult;+24
j  org.gradle.internal.model.StateTransitionController.doTransition(Lorg/gradle/internal/model/StateTransitionController$State;Lorg/gradle/internal/model/StateTransitionController$State;Ljava/lang/Runnable;)V+9
j  org.gradle.internal.model.StateTransitionController.lambda$maybeTransition$9(Lorg/gradle/internal/model/StateTransitionController$State;Lorg/gradle/internal/model/StateTransitionController$State;Ljava/lang/Runnable;)V+16
j  org.gradle.internal.model.StateTransitionController$$Lambda+0x00000008004ec400.run()V+16
j  org.gradle.internal.work.DefaultSynchronizer.withLock(Ljava/lang/Runnable;)V+6
j  org.gradle.internal.model.StateTransitionController.maybeTransition(Lorg/gradle/internal/model/StateTransitionController$State;Lorg/gradle/internal/model/StateTransitionController$State;Ljava/lang/Runnable;)V+13
j  org.gradle.internal.build.DefaultBuildLifecycleController.prepareToScheduleTasks()V+16
j  org.gradle.internal.buildtree.DefaultBuildTreeWorkPreparer.scheduleRequestedTasks(Lorg/gradle/internal/buildtree/BuildTreeWorkGraph;Lorg/gradle/execution/EntryTaskSelector;)Lorg/gradle/internal/buildtree/BuildTreeWorkGraph$FinalizedGraph;+4
j  org.gradle.internal.cc.impl.VintageBuildTreeWorkController$scheduleAndRunRequestedTasks$1.apply(Lorg/gradle/internal/buildtree/BuildTreeWorkGraph;)Lorg/gradle/internal/build/ExecutionResult;+18
j  org.gradle.internal.cc.impl.VintageBuildTreeWorkController$scheduleAndRunRequestedTasks$1.apply(Ljava/lang/Object;)Ljava/lang/Object;+5
j  org.gradle.composite.internal.DefaultIncludedBuildTaskGraph.withNewWorkGraph(Ljava/util/function/Function;)Ljava/lang/Object;+30
j  org.gradle.internal.cc.impl.VintageBuildTreeWorkController.scheduleAndRunRequestedTasks(Lorg/gradle/execution/EntryTaskSelector;)Lorg/gradle/internal/build/ExecutionResult;+16
j  org.gradle.internal.buildtree.DefaultBuildTreeLifecycleController.lambda$scheduleAndRunTasks$1(Lorg/gradle/execution/EntryTaskSelector;)Lorg/gradle/internal/build/ExecutionResult;+5
j  org.gradle.internal.buildtree.DefaultBuildTreeLifecycleController$$Lambda+0x00000008004ed508.get()Ljava/lang/Object;+8
j  org.gradle.internal.buildtree.DefaultBuildTreeLifecycleController.lambda$runBuild$4(Ljava/util/function/Supplier;)Ljava/lang/Object;+1
j  org.gradle.internal.buildtree.DefaultBuildTreeLifecycleController$$Lambda+0x00000008004ed740.get()Ljava/lang/Object;+8
j  org.gradle.internal.model.StateTransitionController.lambda$transition$6(Ljava/util/function/Supplier;)Lorg/gradle/internal/build/ExecutionResult;+1
j  org.gradle.internal.model.StateTransitionController$$Lambda+0x00000008004edbb0.get()Ljava/lang/Object;+4
j  org.gradle.internal.model.StateTransitionController.doTransition(Lorg/gradle/internal/model/StateTransitionController$State;Lorg/gradle/internal/model/StateTransitionController$State;Ljava/util/function/Supplier;)Lorg/gradle/internal/build/ExecutionResult;+24
j  org.gradle.internal.model.StateTransitionController.lambda$transition$7(Lorg/gradle/internal/model/StateTransitionController$State;Lorg/gradle/internal/model/StateTransitionController$State;Ljava/util/function/Supplier;)Ljava/lang/Object;+9
j  org.gradle.internal.model.StateTransitionController$$Lambda+0x00000008004ed978.create()Ljava/lang/Object;+16
j  org.gradle.internal.work.DefaultSynchronizer.withLock(Lorg/gradle/internal/Factory;)Ljava/lang/Object;+6
j  org.gradle.internal.model.StateTransitionController.transition(Lorg/gradle/internal/model/StateTransitionController$State;Lorg/gradle/internal/model/StateTransitionController$State;Ljava/util/function/Supplier;)Ljava/lang/Object;+13
j  org.gradle.internal.buildtree.DefaultBuildTreeLifecycleController.runBuild(Ljava/util/function/Supplier;)Ljava/lang/Object;+17
j  org.gradle.internal.buildtree.DefaultBuildTreeLifecycleController.scheduleAndRunTasks(Lorg/gradle/execution/EntryTaskSelector;)V+8
j  org.gradle.internal.buildtree.DefaultBuildTreeLifecycleController.scheduleAndRunTasks()V+2
j  org.gradle.tooling.internal.provider.ExecuteBuildActionRunner.run(Lorg/gradle/internal/invocation/BuildAction;Lorg/gradle/internal/buildtree/BuildTreeLifecycleController;)Lorg/gradle/internal/buildtree/BuildActionRunner$Result;+12
j  org.gradle.launcher.exec.ChainingBuildActionRunner.run(Lorg/gradle/internal/invocation/BuildAction;Lorg/gradle/internal/buildtree/BuildTreeLifecycleController;)Lorg/gradle/internal/buildtree/BuildActionRunner$Result;+34
j  org.gradle.internal.buildtree.ProblemReportingBuildActionRunner.run(Lorg/gradle/internal/invocation/BuildAction;Lorg/gradle/internal/buildtree/BuildTreeLifecycleController;)Lorg/gradle/internal/buildtree/BuildActionRunner$Result;+12
j  org.gradle.launcher.exec.BuildOutcomeReportingBuildActionRunner.run(Lorg/gradle/internal/invocation/BuildAction;Lorg/gradle/internal/buildtree/BuildTreeLifecycleController;)Lorg/gradle/internal/buildtree/BuildActionRunner$Result;+69
j  org.gradle.tooling.internal.provider.FileSystemWatchingBuildActionRunner.run(Lorg/gradle/internal/invocation/BuildAction;Lorg/gradle/internal/buildtree/BuildTreeLifecycleController;)Lorg/gradle/internal/buildtree/BuildActionRunner$Result;+317
j  org.gradle.launcher.exec.BuildCompletionNotifyingBuildActionRunner.run(Lorg/gradle/internal/invocation/BuildAction;Lorg/gradle/internal/buildtree/BuildTreeLifecycleController;)Lorg/gradle/internal/buildtree/BuildActionRunner$Result;+6
j  org.gradle.launcher.exec.RootBuildLifecycleBuildActionExecutor.lambda$execute$0(Lorg/gradle/internal/invocation/BuildAction;Lorg/gradle/internal/buildtree/BuildTreeLifecycleController;)Lorg/gradle/internal/buildtree/BuildActionRunner$Result;+6
j  org.gradle.launcher.exec.RootBuildLifecycleBuildActionExecutor$$Lambda+0x00000008004d3800.apply(Ljava/lang/Object;)Ljava/lang/Object;+12
j  org.gradle.composite.internal.DefaultRootBuildState.run(Ljava/util/function/Function;)Ljava/lang/Object;+87
j  org.gradle.launcher.exec.RootBuildLifecycleBuildActionExecutor.execute(Lorg/gradle/internal/invocation/BuildAction;Lorg/gradle/internal/buildtree/BuildTreeContext;)Lorg/gradle/internal/buildtree/BuildActionRunner$Result;+75
j  org.gradle.internal.buildtree.InitDeprecationLoggingActionExecutor.execute(Lorg/gradle/internal/invocation/BuildAction;Lorg/gradle/internal/buildtree/BuildTreeContext;)Lorg/gradle/internal/buildtree/BuildActionRunner$Result;+83
j  org.gradle.internal.buildtree.InitProblems.execute(Lorg/gradle/internal/invocation/BuildAction;Lorg/gradle/internal/buildtree/BuildTreeContext;)Lorg/gradle/internal/buildtree/BuildActionRunner$Result;+13
j  org.gradle.internal.buildtree.DefaultBuildTreeContext.execute(Lorg/gradle/internal/invocation/BuildAction;)Lorg/gradle/internal/buildtree/BuildActionRunner$Result;+64
j  org.gradle.launcher.exec.BuildTreeLifecycleBuildActionExecutor.lambda$execute$0(Lorg/gradle/internal/invocation/BuildAction;Lorg/gradle/internal/buildtree/BuildTreeContext;)Lorg/gradle/internal/buildtree/BuildActionRunner$Result;+2
j  org.gradle.launcher.exec.BuildTreeLifecycleBuildActionExecutor$$Lambda+0x00000008003bb550.apply(Ljava/lang/Object;)Ljava/lang/Object;+8
j  org.gradle.internal.buildtree.BuildTreeState.run(Ljava/util/function/Function;)Ljava/lang/Object;+47
j  org.gradle.launcher.exec.BuildTreeLifecycleBuildActionExecutor.execute(Lorg/gradle/internal/invocation/BuildAction;Lorg/gradle/internal/session/BuildSessionContext;)Lorg/gradle/internal/buildtree/BuildActionRunner$Result;+74
j  org.gradle.launcher.exec.RunAsBuildOperationBuildActionExecutor$2.call(Lorg/gradle/internal/operations/BuildOperationContext;)Lorg/gradle/internal/buildtree/BuildActionRunner$Result;+25
j  org.gradle.launcher.exec.RunAsBuildOperationBuildActionExecutor$2.call(Lorg/gradle/internal/operations/BuildOperationContext;)Ljava/lang/Object;+2
j  org.gradle.internal.operations.DefaultBuildOperationRunner$CallableBuildOperationWorker.execute(Lorg/gradle/internal/operations/CallableBuildOperation;Lorg/gradle/internal/operations/BuildOperationContext;)V+3
j  org.gradle.internal.operations.DefaultBuildOperationRunner$CallableBuildOperationWorker.execute(Lorg/gradle/internal/operations/BuildOperation;Lorg/gradle/internal/operations/BuildOperationContext;)V+6
j  org.gradle.internal.operations.DefaultBuildOperationRunner$2.execute(Lorg/gradle/internal/operations/BuildOperationDescriptor;Lorg/gradle/internal/operations/BuildOperationState;Lorg/gradle/internal/operations/BuildOperationState;Lorg/gradle/internal/operations/DefaultBuildOperationRunner$ReadableBuildOperationContext;Lorg/gradle/internal/operations/DefaultBuildOperationRunner$BuildOperationExecutionListener;)Lorg/gradle/internal/operations/BuildOperation;+22
j  org.gradle.internal.operations.DefaultBuildOperationRunner$2.execute(Lorg/gradle/internal/operations/BuildOperationDescriptor;Lorg/gradle/internal/operations/BuildOperationState;Lorg/gradle/internal/operations/BuildOperationState;Lorg/gradle/internal/operations/DefaultBuildOperationRunner$ReadableBuildOperationContext;Lorg/gradle/internal/operations/DefaultBuildOperationRunner$BuildOperationExecutionListener;)Ljava/lang/Object;+8
j  org.gradle.internal.operations.DefaultBuildOperationRunner.execute(Lorg/gradle/internal/operations/BuildOperationDescriptor$Builder;Lorg/gradle/internal/operations/BuildOperationState;Lorg/gradle/internal/operations/DefaultBuildOperationRunner$BuildOperationExecution;)Ljava/lang/Object;+141
j  org.gradle.internal.operations.DefaultBuildOperationRunner.execute(Lorg/gradle/internal/operations/BuildOperation;Lorg/gradle/internal/operations/BuildOperationWorker;Lorg/gradle/internal/operations/BuildOperationState;)V+18
j  org.gradle.internal.operations.DefaultBuildOperationRunner.call(Lorg/gradle/internal/operations/CallableBuildOperation;)Ljava/lang/Object;+16
j  org.gradle.launcher.exec.RunAsBuildOperationBuildActionExecutor.execute(Lorg/gradle/internal/invocation/BuildAction;Lorg/gradle/internal/session/BuildSessionContext;)Lorg/gradle/internal/buildtree/BuildActionRunner$Result;+23
j  org.gradle.launcher.exec.RunAsWorkerThreadBuildActionExecutor.lambda$execute$0(Lorg/gradle/internal/invocation/BuildAction;Lorg/gradle/internal/session/BuildSessionContext;)Lorg/gradle/internal/buildtree/BuildActionRunner$Result;+6
j  org.gradle.launcher.exec.RunAsWorkerThreadBuildActionExecutor$$Lambda+0x000000080038f078.create()Ljava/lang/Object;+12
j  org.gradle.internal.work.DefaultWorkerLeaseService.withLocks(Ljava/util/Collection;Lorg/gradle/internal/Factory;)Ljava/lang/Object;+28
j  org.gradle.internal.work.DefaultWorkerLeaseService.runAsWorkerThread(Lorg/gradle/internal/Factory;)Ljava/lang/Object;+33
j  org.gradle.launcher.exec.RunAsWorkerThreadBuildActionExecutor.execute(Lorg/gradle/internal/invocation/BuildAction;Lorg/gradle/internal/session/BuildSessionContext;)Lorg/gradle/internal/buildtree/BuildActionRunner$Result;+12
j  org.gradle.tooling.internal.provider.continuous.ContinuousBuildActionExecutor.execute(Lorg/gradle/internal/invocation/BuildAction;Lorg/gradle/internal/session/BuildSessionContext;)Lorg/gradle/internal/buildtree/BuildActionRunner$Result;+58
j  org.gradle.tooling.internal.provider.SubscribableBuildActionExecutor.execute(Lorg/gradle/internal/invocation/BuildAction;Lorg/gradle/internal/session/BuildSessionContext;)Lorg/gradle/internal/buildtree/BuildActionRunner$Result;+30
j  org.gradle.internal.session.DefaultBuildSessionContext.execute(Lorg/gradle/internal/invocation/BuildAction;)Lorg/gradle/internal/buildtree/BuildActionRunner$Result;+64
j  org.gradle.internal.buildprocess.execution.BuildSessionLifecycleBuildActionExecutor$ActionImpl.apply(Lorg/gradle/internal/session/BuildSessionContext;)Lorg/gradle/launcher/exec/BuildActionResult;+6
j  org.gradle.internal.buildprocess.execution.BuildSessionLifecycleBuildActionExecutor$ActionImpl.apply(Ljava/lang/Object;)Ljava/lang/Object;+5
j  org.gradle.internal.session.BuildSessionState.run(Ljava/util/function/Function;)Ljava/lang/Object;+5
j  org.gradle.internal.buildprocess.execution.BuildSessionLifecycleBuildActionExecutor.execute(Lorg/gradle/internal/invocation/BuildAction;Lorg/gradle/launcher/exec/BuildActionParameters;Lorg/gradle/initialization/BuildRequestContext;)Lorg/gradle/launcher/exec/BuildActionResult;+95
j  org.gradle.internal.buildprocess.execution.BuildSessionLifecycleBuildActionExecutor.execute(Lorg/gradle/internal/invocation/BuildAction;Ljava/lang/Object;Ljava/lang/Object;)Lorg/gradle/launcher/exec/BuildActionResult;+10
j  org.gradle.internal.buildprocess.execution.StartParamsValidatingActionExecutor.execute(Lorg/gradle/internal/invocation/BuildAction;Lorg/gradle/launcher/exec/BuildActionParameters;Lorg/gradle/initialization/BuildRequestContext;)Lorg/gradle/launcher/exec/BuildActionResult;+203
j  org.gradle.internal.buildprocess.execution.StartParamsValidatingActionExecutor.execute(Lorg/gradle/internal/invocation/BuildAction;Ljava/lang/Object;Ljava/lang/Object;)Lorg/gradle/launcher/exec/BuildActionResult;+10
j  org.gradle.internal.buildprocess.execution.SessionFailureReportingActionExecutor.execute(Lorg/gradle/internal/invocation/BuildAction;Lorg/gradle/launcher/exec/BuildActionParameters;Lorg/gradle/initialization/BuildRequestContext;)Lorg/gradle/launcher/exec/BuildActionResult;+7
j  org.gradle.internal.buildprocess.execution.SessionFailureReportingActionExecutor.execute(Lorg/gradle/internal/invocation/BuildAction;Ljava/lang/Object;Ljava/lang/Object;)Lorg/gradle/launcher/exec/BuildActionResult;+10
j  org.gradle.internal.buildprocess.execution.SetupLoggingActionExecutor.execute(Lorg/gradle/internal/invocation/BuildAction;Lorg/gradle/launcher/exec/BuildActionParameters;Lorg/gradle/initialization/BuildRequestContext;)Lorg/gradle/launcher/exec/BuildActionResult;+50
j  org.gradle.internal.buildprocess.execution.SetupLoggingActionExecutor.execute(Lorg/gradle/internal/invocation/BuildAction;Ljava/lang/Object;Ljava/lang/Object;)Lorg/gradle/launcher/exec/BuildActionResult;+10
j  org.gradle.launcher.daemon.server.exec.ExecuteBuild.doBuild(Lorg/gradle/launcher/daemon/server/api/DaemonCommandExecution;Lorg/gradle/launcher/daemon/protocol/Build;)V+147
j  org.gradle.launcher.daemon.server.exec.BuildCommandOnly.execute(Lorg/gradle/launcher/daemon/server/api/DaemonCommandExecution;)V+49
j  org.gradle.launcher.daemon.server.api.DaemonCommandExecution.proceed()Z+23
j  org.gradle.launcher.daemon.server.exec.WatchForDisconnection.execute(Lorg/gradle/launcher/daemon/server/api/DaemonCommandExecution;)V+19
j  org.gradle.launcher.daemon.server.api.DaemonCommandExecution.proceed()Z+23
j  org.gradle.launcher.daemon.server.exec.ResetDeprecationLogger.execute(Lorg/gradle/launcher/daemon/server/api/DaemonCommandExecution;)V+7
j  org.gradle.launcher.daemon.server.api.DaemonCommandExecution.proceed()Z+23
j  org.gradle.launcher.daemon.server.exec.RequestStopIfSingleUsedDaemon.execute(Lorg/gradle/launcher/daemon/server/api/DaemonCommandExecution;)V+33
j  org.gradle.launcher.daemon.server.api.DaemonCommandExecution.proceed()Z+23
j  org.gradle.launcher.daemon.server.exec.ForwardClientInput.lambda$execute$0(Lorg/gradle/launcher/daemon/server/api/DaemonCommandExecution;Lorg/gradle/internal/daemon/clientinput/StdinHandler;)Ljava/lang/Object;+11
j  org.gradle.launcher.daemon.server.exec.ForwardClientInput$$Lambda+0x0000000800294000.apply(Ljava/lang/Object;)Ljava/lang/Object;+8
j  org.gradle.internal.daemon.clientinput.ClientInputForwarder.forwardInput(Ljava/util/function/Function;)Ljava/lang/Object;+46
j  org.gradle.launcher.daemon.server.exec.ForwardClientInput.execute(Lorg/gradle/launcher/daemon/server/api/DaemonCommandExecution;)V+10
j  org.gradle.launcher.daemon.server.api.DaemonCommandExecution.proceed()Z+23
j  org.gradle.launcher.daemon.server.exec.LogAndCheckHealth.execute(Lorg/gradle/launcher/daemon/server/api/DaemonCommandExecution;)V+51
j  org.gradle.launcher.daemon.server.api.DaemonCommandExecution.proceed()Z+23
j  org.gradle.launcher.daemon.server.exec.LogToClient.doBuild(Lorg/gradle/launcher/daemon/server/api/DaemonCommandExecution;Lorg/gradle/launcher/daemon/protocol/Build;)V+87
j  org.gradle.launcher.daemon.server.exec.BuildCommandOnly.execute(Lorg/gradle/launcher/daemon/server/api/DaemonCommandExecution;)V+49
j  org.gradle.launcher.daemon.server.api.DaemonCommandExecution.proceed()Z+23
j  org.gradle.launcher.daemon.server.exec.EstablishBuildEnvironment.doBuild(Lorg/gradle/launcher/daemon/server/api/DaemonCommandExecution;Lorg/gradle/launcher/daemon/protocol/Build;)V+356
j  org.gradle.launcher.daemon.server.exec.BuildCommandOnly.execute(Lorg/gradle/launcher/daemon/server/api/DaemonCommandExecution;)V+49
j  org.gradle.launcher.daemon.server.api.DaemonCommandExecution.proceed()Z+23
j  org.gradle.launcher.daemon.server.exec.StartBuildOrRespondWithBusy$1.run()V+44
j  org.gradle.launcher.daemon.server.DaemonStateCoordinator.lambda$runCommand$0(Ljava/lang/Runnable;)V+1
j  org.gradle.launcher.daemon.server.DaemonStateCoordinator$$Lambda+0x000000080028e950.run()V+8
j  org.gradle.internal.concurrent.ExecutorPolicy$CatchAndRecordFailures.onExecute(Ljava/lang/Runnable;)V+1
j  org.gradle.internal.concurrent.AbstractManagedExecutor$1.run()V+25
j  java.util.concurrent.ThreadPoolExecutor.runWorker(Ljava/util/concurrent/ThreadPoolExecutor$Worker;)V+92 java.base@21.0.6
j  java.util.concurrent.ThreadPoolExecutor$Worker.run()V+5 java.base@21.0.6
j  java.lang.Thread.runWith(Ljava/lang/Object;Ljava/lang/Runnable;)V+5 java.base@21.0.6
j  java.lang.Thread.run()V+19 java.base@21.0.6
v  ~StubRoutines::call_stub 0x000001d922ef100d

Compiled method (n/a) 44577  821     n 0       java.lang.ClassLoader::defineClass1 (native)
 total in heap  [0x000001d9234e2b90,0x000001d9234e31f0] = 1632
 relocation     [0x000001d9234e2cf0,0x000001d9234e2d28] = 56
 main code      [0x000001d9234e2d40,0x000001d9234e31ef] = 1199
 stub code      [0x000001d9234e31ef,0x000001d9234e31f0] = 1

[Constant Pool (empty)]

[MachCode]
[Entry Point]
  # {method} {0x000001d940025018} 'defineClass1' '(Ljava/lang/ClassLoader;Ljava/lang/String;[BIILjava/security/ProtectionDomain;Ljava/lang/String;)Ljava/lang/Class;' in 'java/lang/ClassLoader'
  # parm0:    rdx:rdx   = 'java/lang/ClassLoader'
  # parm1:    r8:r8     = 'java/lang/String'
  # parm2:    r9:r9     = '[B'
  # parm3:    rdi       = int
  # parm4:    rsi       = int
  # parm5:    rcx:rcx   = 'java/security/ProtectionDomain'
  # parm6:    [sp+0xa0]   = 'java/lang/String'  (sp of caller)
  0x000001d9234e2d40: 448b 5208 | 49bb 0000 | 0000 0800 | 0000 4d03 | d349 3bc2 | 0f84 0600 

  0x000001d9234e2d58: ;   {runtime_call ic_miss_stub}
  0x000001d9234e2d58: 0000 e921 | baa5 ff90 
[Verified Entry Point]
  0x000001d9234e2d60: 8984 2400 | 80ff ff55 | 488b ec48 | 81ec 9000 | 0000 6690 | 4181 7f20 | 1e00 0000 

  0x000001d9234e2d7c: ;   {runtime_call StubRoutines (final stubs)}
  0x000001d9234e2d7c: 7405 e8dd | 6da4 ff48 | 837d 1000 | 488d 4510 | 480f 4445 | 1048 8944 | 2440 4889 | 4c24 7048 
  0x000001d9234e2d9c: 83f9 0048 | 8d44 2470 | 480f 4444 | 2470 4889 | 4424 3848 | 8974 2430 | 4889 7c24 | 284c 894c 
  0x000001d9234e2dbc: 2458 4983 | f900 488d | 4424 5848 | 0f44 4424 | 5848 8944 | 2420 4c89 | 4424 5049 | 83f8 004c 
  0x000001d9234e2ddc: 8d4c 2450 | 4c0f 444c | 2450 4889 | 5424 4848 | 83fa 004c | 8d44 2448 | 4c0f 4444 

  0x000001d9234e2df8: ;   {oop(a 'java/lang/Class'{0x000000060045f5e8} = 'java/lang/ClassLoader')}
  0x000001d9234e2df8: 2448 49be | e8f5 4500 | 0600 0000 | 4c89 7424 | 784c 8d74 | 2478 498b | d6c5 f877 

  0x000001d9234e2e14: ;   {internal_word}
  0x000001d9234e2e14: 49ba 112e | 4e23 d901 | 0000 4d89 | 97a0 0300 | 0049 89a7 | 9803 0000 

  0x000001d9234e2e2c: ;   {external_word}
  0x000001d9234e2e2c: 49ba 8057 | 2d3f f87f | 0000 4180 | 3a00 0f84 | 4e00 0000 | 5241 5041 

  0x000001d9234e2e44: ;   {metadata({method} {0x000001d940025018} 'defineClass1' '(Ljava/lang/ClassLoader;Ljava/lang/String;[BIILjava/security/ProtectionDomain;Ljava/lang/String;)Ljava/lang/Class;' in 'java/lang/ClassLoader')}
  0x000001d9234e2e44: 5148 ba10 | 5002 40d9 | 0100 0049 | 8bcf 4883 | ec20 40f6 | c40f 0f84 | 1900 0000 | 4883 ec08 
  0x000001d9234e2e64: ;   {runtime_call}
  0x000001d9234e2e64: 48b8 5077 | e73e f87f | 0000 ffd0 | 4883 c408 | e90c 0000 

  0x000001d9234e2e78: ;   {runtime_call}
  0x000001d9234e2e78: 0048 b850 | 77e7 3ef8 | 7f00 00ff | d048 83c4 | 2041 5941 | 585a 498d | 8fb8 0300 | 0041 c787 
  0x000001d9234e2e98: 4404 0000 | 0400 0000 

  0x000001d9234e2ea0: ;   {runtime_call}
  0x000001d9234e2ea0: 48b8 ac16 | a36e f87f | 0000 ffd0 | c5f8 7741 | c787 4404 | 0000 0500 | 0000 f083 | 4424 c000 
  0x000001d9234e2ec0: 493b af48 | 0400 000f | 870e 0000 | 0041 83bf | 4004 0000 | 000f 842b | 0000 00c5 | f877 4889 
  0x000001d9234e2ee0: 45f8 498b | cf4c 8be4 | 4883 ec20 | 4883 e4f0 

  0x000001d9234e2ef0: ;   {runtime_call}
  0x000001d9234e2ef0: 48b8 20dc | b23e f87f | 0000 ffd0 | 498b e44d | 33e4 488b | 45f8 41c7 | 8744 0400 | 0008 0000 
  0x000001d9234e2f10: 0041 83bf | c004 0000 | 020f 84a3 

  0x000001d9234e2f1c: ;   {external_word}
  0x000001d9234e2f1c: 0200 0049 | ba80 572d | 3ff8 7f00 | 0041 803a | 000f 844c | 0000 0048 

  0x000001d9234e2f34: ;   {metadata({method} {0x000001d940025018} 'defineClass1' '(Ljava/lang/ClassLoader;Ljava/lang/String;[BIILjava/security/ProtectionDomain;Ljava/lang/String;)Ljava/lang/Class;' in 'java/lang/ClassLoader')}
  0x000001d9234e2f34: 8945 f848 | ba10 5002 | 40d9 0100 | 0049 8bcf | 4883 ec20 | 40f6 c40f | 0f84 1900 | 0000 4883 
  0x000001d9234e2f54: ;   {runtime_call}
  0x000001d9234e2f54: ec08 48b8 | 5077 e73e | f87f 0000 | ffd0 4883 | c408 e90c 

  0x000001d9234e2f68: ;   {runtime_call}
  0x000001d9234e2f68: 0000 0048 | b850 77e7 | 3ef8 7f00 | 00ff d048 | 83c4 2048 | 8b45 f849 | c787 9803 | 0000 0000 
  0x000001d9234e2f88: 0000 49c7 | 87a0 0300 | 0000 0000 | 00c5 f877 | 4885 c00f | 84fe 0100 | 00a8 030f | 8508 0000 
  0x000001d9234e2fa8: 0048 8b00 | e9ee 0100 | 00a8 010f | 8509 0000 | 0048 8b40 | fee9 dd01 | 0000 488b | 40ff 4180 
  0x000001d9234e2fc8: 7f40 000f | 84ce 0100 | 0048 83f8 | 000f 84c4 | 0100 0049 | 8b4f 2848 | 83f9 000f | 8414 0000 
  0x000001d9234e2fe8: 0048 83e9 | 0849 894f | 2849 034f | 3848 8901 | e9a2 0100 | 0048 81ec | d000 0000 | 4889 0424 
  0x000001d9234e3008: 4889 4c24 | 0848 8954 | 2410 4889 | 7424 1848 | 897c 2420 | 4c89 4424 | 284c 894c | 2430 4c89 
  0x000001d9234e3028: 5424 384c | 895c 2440 | c5fb 1144 | 2450 c5fb | 114c 2458 | c5fb 1154 | 2460 c5fb | 115c 2468 
  0x000001d9234e3048: c5fb 1164 | 2470 c5fb | 116c 2478 | c5fb 11b4 | 2480 0000 | 00c5 fb11 | bc24 8800 | 0000 c57b 
  0x000001d9234e3068: ;   {no_reloc}
  0x000001d9234e3068: 1184 2490 | 0000 00c5 | 7b11 8c24 | 9800 0000 | c57b 1194 | 24a0 0000 | 00c5 7b11 | 9c24 a800 
  0x000001d9234e3088: 0000 c57b | 11a4 24b0 | 0000 00c5 | 7b11 ac24 | b800 0000 | c57b 11b4 | 24c0 0000 | 00c5 7b11 
  0x000001d9234e30a8: bc24 c800 | 0000 498b | d748 8bc8 | 4883 ec20 | 40f6 c40f | 0f84 1900 | 0000 4883 

  0x000001d9234e30c4: ;   {runtime_call}
  0x000001d9234e30c4: ec08 48b8 | 70ee a53e | f87f 0000 | ffd0 4883 | c408 e90c 

  0x000001d9234e30d8: ;   {runtime_call}
  0x000001d9234e30d8: 0000 0048 | b870 eea5 | 3ef8 7f00 | 00ff d048 | 83c4 20c5 | 7b10 bc24 | c800 0000 | c57b 10b4 
  0x000001d9234e30f8: 24c0 0000 | 00c5 7b10 | ac24 b800 | 0000 c57b | 10a4 24b0 | 0000 00c5 | 7b10 9c24 | a800 0000 
  0x000001d9234e3118: c57b 1094 | 24a0 0000 | 00c5 7b10 | 8c24 9800 | 0000 c57b | 1084 2490 | 0000 00c5 | fb10 bc24 
  0x000001d9234e3138: 8800 0000 | c5fb 10b4 | 2480 0000 | 00c5 fb10 | 6c24 78c5 | fb10 6424 | 70c5 fb10 | 5c24 68c5 
  0x000001d9234e3158: fb10 5424 | 60c5 fb10 | 4c24 58c5 | fb10 4424 | 504c 8b5c | 2440 4c8b | 5424 384c | 8b4c 2430 
  0x000001d9234e3178: 4c8b 4424 | 2848 8b7c | 2420 488b | 7424 1848 | 8b54 2410 | 488b 4c24 | 0848 8b04 | 2448 81c4 
  0x000001d9234e3198: d000 0000 | c5f8 7749 | 8b8f 2804 | 0000 c781 | 0001 0000 | 0000 0000 | c949 837f | 0800 0f85 
  0x000001d9234e31b8: 0100 0000 

  0x000001d9234e31bc: ;   {runtime_call StubRoutines (initial stubs)}
  0x000001d9234e31bc: c3e9 3edd | a0ff c5f8 | 7748 8945 | f84c 8be4 | 4883 ec20 | 4883 e4f0 

  0x000001d9234e31d4: ;   {runtime_call}
  0x000001d9234e31d4: 48b8 f0ae | e73e f87f | 0000 ffd0 | 498b e44d | 33e4 488b | 45f8 e930 | fdff fff4 
[/MachCode]


Compiled method (c2) 44586 16383   !   4       java.net.URLClassLoader$1::run (81 bytes)
 total in heap  [0x000001d923f1a510,0x000001d923f2adb8] = 67752
 relocation     [0x000001d923f1a670,0x000001d923f1aec0] = 2128
 main code      [0x000001d923f1aec0,0x000001d923f25338] = 42104
 stub code      [0x000001d923f25338,0x000001d923f255a8] = 624
 oops           [0x000001d923f255a8,0x000001d923f25610] = 104
 metadata       [0x000001d923f25610,0x000001d923f25d30] = 1824
 scopes data    [0x000001d923f25d30,0x000001d923f29040] = 13072
 scopes pcs     [0x000001d923f29040,0x000001d923f2a1b0] = 4464
 dependencies   [0x000001d923f2a1b0,0x000001d923f2a3e0] = 560
 handler table  [0x000001d923f2a3e0,0x000001d923f2ac38] = 2136
 nul chk table  [0x000001d923f2ac38,0x000001d923f2adb8] = 384

[Constant Pool (empty)]

[MachCode]
[Entry Point]
  # {method} {0x000001d9407a28e8} 'run' '()Ljava/lang/Class;' in 'java/net/URLClassLoader$1'
  #           [sp+0x140]  (sp of caller)
  0x000001d923f1aec0: 448b 5208 | 49bb 0000 | 0000 0800 | 0000 4d03 | d349 3bc2 

  0x000001d923f1aed4: ;   {runtime_call ic_miss_stub}
  0x000001d923f1aed4: 0f85 a638 | 02ff 6690 | 0f1f 4000 
[Verified Entry Point]
  0x000001d923f1aee0: 8984 2400 | 80ff ff55 | 4881 ec30 | 0100 0090 | 4181 7f20 | 1e00 0000 | 0f85 2ba4 | 0000 4889 
  0x000001d923f1af00: 5424 488b | 5a0c 450f | be54 dc10 | 4585 d20f | 853f 5300 | 0041 8b4c | dc14 660f | 1f44 0000 
  0x000001d923f1af20: ; implicit exception: dispatches to 0x000001d923f23ec0
  0x000001d923f1af20: 418b 7ccc | 0c49 8d04 | dc85 ff0f | 863d 0400 | 0044 8bcf | 41ff c944 | 3bcf 660f | 1f44 0000 
  0x000001d923f1af40: 0f83 ce4b | 0000 8d57 | fd49 8d34 | cc41 807c | cc10 2e0f | 8437 1c00 | 0083 fa01 | 0f1f 4000 
  0x000001d923f1af60: 0f8e dc03 | 0000 bd01 | 0000 0044 | 8bd7 442b | d541 83c2 | fd45 33c0 | 3bd5 450f | 4cd0 4181 
  0x000001d923f1af80: faa0 0f00 | 0041 b8a0 | 0f00 0045 | 0f47 d044 | 03d5 eb0f | 0f1f 8400 | 0000 0000 | 6666 6690 
  0x000001d923f1afa0: 418b e84c | 63ed 460f | be5c 2e10 | 4183 fb2e | 0f84 6500 | 0000 460f | be44 2e11 | 0f1f 4000 
  0x000001d923f1afc0: 4183 f82e | 0f84 4a00 | 0000 460f | be5c 2e12 

  0x000001d923f1afd0: ;   {no_reloc}
  0x000001d923f1afd0: 4183 fb2e | 0f84 3e00 | 0000 460f | be5c 2e13 | 4183 fb2e | 742b 448d | 4504 453b | c27c b14d 
  0x000001d923f1aff0: 8b97 5004 | 0000 83c5 

  0x000001d923f1aff8: ; ImmutableOopMap {rcx=NarrowOop rbx=NarrowOop rsi=Oop rax=Oop [72]=Oop }
                      ;*if_icmpne {reexecute=1 rethrow=0 return_oop=0}
                      ; - (reexecute) java.lang.StringLatin1::replace@28
                      ; - java.lang.String::replace@18
                      ; - java.net.URLClassLoader$1::run@8
                      ;   {poll}
  0x000001d923f1aff8: 0341 8502 | 0f1f 4000 | 443b c20f | 8d3f 0300 | 0041 8be8 | e95a ffff | ff83 c502 | ffc5 eb03 
  0x000001d923f1b018: 83c5 023b | ef66 6690 | 0f8d 4803 | 0000 81ff | 0000 1000 | 0f87 2034 | 0000 4d8b | 9fb8 0100 
  0x000001d923f1b038: 004c 63d7 | 4983 c217 | 4983 e2f8 | 4d8b c34d | 03c2 4d3b | 87c8 0100 | 000f 83fb | 3300 004d 
  0x000001d923f1b058: 8987 b801 | 0000 410f | 0d88 c000 | 0000 49c7 | 0301 0000 | 0041 0f0d | 8800 0100 

  0x000001d923f1b074: ;   {metadata({type array byte})}
  0x000001d923f1b074: 0041 c743 | 0828 0a04 | 0041 897b | 0c41 0f0d | 8840 0100 | 0041 0f0d | 8880 0100 | 0085 ed0f 
  0x000001d923f1b094: 8ed9 0000 | 0044 8bc5 | 41ff c890 | 443b c70f | 83cf 5100 | 0085 ff0f | 86c7 5100 | 0045 0fbe 
  0x000001d923f1b0b4: 54cc 1045 | 8853 100f | 1f44 0000 | 4183 f801 | 0f8e d651 | 0000 4d8b | f3c5 f96e | d2c4 c179 
  0x000001d923f1b0d4: 6ec1 41b9 | d007 0000 | 41ba 0100 | 0000 4c8b | de44 8bed | 452b ea41 | ffcd 33f6 | 453b c244 
  0x000001d923f1b0f4: 0f4c ee41 | 81fd d007 | 0000 450f | 47e9 4503 | ea66 6666 | 0f1f 8400 | 0000 0000 | 4963 f241 
  0x000001d923f1b114: 0fbe 5433 | 1041 8854 | 3610 410f | be54 3311 | 4188 5436 | 1141 83c2 | 0245 3bd5 | 7cde 498b 
  0x000001d923f1b134: 9750 0400 

  0x000001d923f1b138: ; ImmutableOopMap {r11=Oop rcx=NarrowOop rbx=NarrowOop rax=Oop r14=Oop [72]=Oop }
                      ;*goto {reexecute=1 rethrow=0 return_oop=0}
                      ; - (reexecute) java.lang.StringLatin1::replace@76
                      ; - java.lang.String::replace@18
                      ; - java.net.URLClassLoader$1::run@8
                      ;   {poll}
  0x000001d923f1b138: 0085 020f | 1f44 0000 | 453b d07c | a049 8bf3 | c4c1 797e | c1c5 f97e | d24d 8bde | 443b d57d 
  0x000001d923f1b158: 1966 6690 | 4d63 ea46 | 0fbe 442e | 1047 8844 | 2b10 41ff | c244 3bd5 | 7cea 3bef | 0f8d 6c01 
  0x000001d923f1b178: 0000 3bef | 0f1f 4000 | 0f83 0e4a | 0000 443b | cf0f 8305 | 4a00 0044 | 3bcf 0f83 | fc49 0000 
  0x000001d923f1b198: 448b c541 | ffc0 4c63 | d542 0fbe | 4c16 1083 | f92e 0f84 | db18 0000 | 4388 4c13 | 1044 8bcd 
  0x000001d923f1b1b8: 41ff c10f | 1f44 0000 | 453b c87d | 0541 8be9 | ebd4 443b | ca0f 8deb | 0000 00ff | c5e9 9200 
  0x000001d923f1b1d8: 0000 41b9 | 2f00 0000 | 4788 4c03 | 1046 0fbe | 4c06 1141 | 83f9 2e0f | 845d 0000 | 0047 884c 
  0x000001d923f1b1f8: 0311 460f | be4c 0612 | 4183 f92e | 0f84 4000 | 0000 4788 | 4c03 1246 | 0fbe 4c06 | 1341 83f9 
  0x000001d923f1b218: 2e74 2747 | 884c 0313 | 83c5 0441 | 3bea 0f8d | 2e00 0000 | 4c63 c546 | 0fbe 4c06 | 1041 83f9 
  0x000001d923f1b238: ;   {no_reloc}
  0x000001d923f1b238: 2e75 a50f | 1f44 0000 | eb98 41b9 | 2f00 0000 | ebd1 41b9 | 2f00 0000 | ebb8 41b9 | 2f00 0000 
  0x000001d923f1b258: eb9b 4d8b | 8750 0400 

  0x000001d923f1b260: ; ImmutableOopMap {r11=Oop rsi=Oop rax=Oop [72]=Oop }
                      ;*goto {reexecute=1 rethrow=0 return_oop=0}
                      ; - (reexecute) java.lang.StringLatin1::replace@113
                      ; - java.lang.String::replace@18
                      ; - java.net.URLClassLoader$1::run@8
                      ;   {poll}
  0x000001d923f1b260: 0041 8500 | 3bea 0f8d | 5500 0000 | 448b d744 | 2bd5 4183 | c2fd 4533 | c93b d545 | 0f4c d141 
  0x000001d923f1b280: 81fa a00f | 0000 41b8 | a00f 0000 | 450f 47d0 | 4403 d5eb | 9742 c644 | 0b10 2e42 | c644 0b11 
  0x000001d923f1b2a0: 6342 c644 | 0b12 6c42 | c644 0b13 | 6142 c644 | 0b14 7342 | c644 0b15 | 73e9 c101 | 0000 418b 
  0x000001d923f1b2c0: e93b ef7d | 2166 6690 | 4c63 d546 | 0fbe 4c16 | 1041 83f9 | 2e0f 84aa | 1800 0047 | 884c 1310 
  0x000001d923f1b2e0: ffc5 3bef | 7ce2 4d8b | 8fb8 0100 | 004d 8bd1 | 4983 c218 | 0f1f 8400 | 0000 0000 | 6666 6690 
  0x000001d923f1b300: 4d3b 97c8 | 0100 000f | 83ad 3100 | 004d 8997 | b801 0000 | 410f 0d8a | c000 0000 | 49c7 0101 
  0x000001d923f1b320: ;   {metadata('java/lang/String')}
  0x000001d923f1b320: 0000 0041 | c741 08b0 | 1e04 0045 | 8961 0c4d | 8961 104d | 8bc3 49c1 | e803 4589 | 4114 6690 
  0x000001d923f1b340: eb36 41b8 | 0100 0000 | 443b c77d | 2166 6690 | 460f be5c | 0610 4183 | fb2e 660f | 1f44 0000 
  0x000001d923f1b360: 0f84 8643 | 0000 41ff | c044 3bc7 | 7ce2 4c8b | d949 c1e3 | 034c 8bc8 | 458b 530c | 0f1f 4000 
  0x000001d923f1b380: 4585 d20f | 860c 1700 | 0041 0fbe | 7910 c4c2 | 42f7 ca48 | 63f1 83ff | 010f 8449 | 4f00 0090 
  0x000001d923f1b3a0: 85c9 0f8c | 034f 0000 | 488d 4606 | 8be8 85ed | 0f8c 164f | 0000 4c8b | c049 c1f8 | 2045 8bc0 
  0x000001d923f1b3c0: c462 39f7 | c545 85c0 | 0f8c 3e4f | 0000 4181 | f800 0010 | 000f 8761 | 4700 0049 | 63d0 6690 
  0x000001d923f1b3e0: 4181 f800 | 0010 000f | 87c5 2f00 | 0049 8b9f | b801 0000 | 4883 c217 | 4883 e2f8 | 488b eb48 
  0x000001d923f1b400: 03ea 493b | afc8 0100 | 000f 83a3 | 2f00 0049 | 89af b801 | 0000 0f0d | 8dc0 0000 | 0048 c703 
  0x000001d923f1b420: ;   {no_reloc}
  0x000001d923f1b420: 0100 0000 | 0f0d 8d00 

  0x000001d923f1b428: ;   {metadata({type array byte})}
  0x000001d923f1b428: 0100 00c7 | 4308 280a | 0400 4489 | 430c 0f0d | 8d40 0100 | 000f 0d8d | 8001 0000 | 8d51 0644 
  0x000001d923f1b448: 3bc2 0f82 | f546 0000 | 4c63 c985 | c90f 8e3a | feff ff42 | c644 0b15 | 7342 c644 | 0b14 7342 
  0x000001d923f1b468: c644 0b13 | 6142 c644 | 0b12 6c42 | c644 0b11 | 6342 c644 | 0b10 2e4d | 8bcb 4983 | c110 488b 
  0x000001d923f1b488: d348 83c2 | 1085 ff0f | 8582 2100 | 0045 3bc2 | 0f82 d246 | 0000 6690 | 4585 d276 | 1e4d 63c2 
  0x000001d923f1b4a8: 498b c9c5 | f877 49ba | c07a f222 | d901 0000 

  0x000001d923f1b4b8: ;   {other}
  0x000001d923f1b4b8: 41ff d20f | 1f84 0000 | 0000 0049 | 8b87 b801 | 0000 4c8b | d049 83c2 | 184d 3b97 | c801 0000 
  0x000001d923f1b4d8: 0f83 482f | 0000 4d89 | 97b8 0100 | 0041 0f0d | 8ac0 0000 | 0048 c700 | 0100 0000 

  0x000001d923f1b4f4: ;   {metadata('java/lang/String')}
  0x000001d923f1b4f4: c740 08b0 | 1e04 0044 | 8960 0c4c | 8960 104c | 8bdb 49c1 | eb03 4489 | 5814 4c8b | 5424 4845 
  0x000001d923f1b514: 8b5a 1066 | 0f1f 8400 | 0000 0000 

  0x000001d923f1b520: ; implicit exception: dispatches to 0x000001d923f23edc
  0x000001d923f1b520: 478b 54dc | 5445 85d2 | 0f84 cb45 | 0000 4b8d | 14d4 4c8b | c045 33c9 

  0x000001d923f1b538: ;   {optimized virtual_call}
  0x000001d923f1b538: c5f8 77e8 

  0x000001d923f1b53c: ; ImmutableOopMap {[72]=Oop }
                      ;*invokevirtual getResource {reexecute=0 rethrow=0 return_oop=1}
                      ; - java.net.URLClassLoader$1::run@26
  0x000001d923f1b53c: a0ef c8ff 

  0x000001d923f1b540: ;   {other}
  0x000001d923f1b540: 0f1f 8400 | 3010 0003 | 4c8b e848 | 85c0 7507 | 33c0 e91b | 1500 004c | 8b54 2448 | 458b 5210 
  0x000001d923f1b560: 4489 5424 | 684c 8b54 | 2448 458b | 5a0c 4489 | 5c24 6c44 | 8b5c 2468 | 4585 db0f | 1f44 0000 
  0x000001d923f1b580: 0f84 3646 | 0000 c5f8 | 7749 ba80 | b3e0 3ef8 | 7f00 0041 

  0x000001d923f1b594: ;   {other}
  0x000001d923f1b594: ffd2 0f1f | 8400 0000 | 0000 4889 | 4424 3844 | 8b54 246c 

  0x000001d923f1b5a8: ; implicit exception: dispatches to 0x000001d923f23ef8
  0x000001d923f1b5a8: 478b 4cd4 | 1447 8b54 | cc0c 448b | 4424 6c43 | 0fbe 4cc4 | 10c4 4272 | f7c2 458b | d841 ffcb 
  0x000001d923f1b5c8: 85c9 0f85 | 904d 0000 | 418b c2ff | c841 3bc3 | 410f 4fc3 | 4b8d 1ccc | 448b 5c24 | 684b 8d0c 
  0x000001d923f1b5e8: dc8b 7c24 | 6c4d 8d34 | fc85 c00f | 8cd7 2000 | 0033 ff0f | 1f44 0000 | 413b c20f | 8353 4000 
  0x000001d923f1b608: 0080 7c03 | 102e 7419 | 4d8b 9f50 | 0400 00ff 

  0x000001d923f1b618: ; ImmutableOopMap {r9=NarrowOop rcx=Oop rbx=Oop rdx=Oop r13=Oop r14=Oop [72]=Oop [104]=NarrowOop [108]=NarrowOop }
                      ;*goto {reexecute=1 rethrow=0 return_oop=0}
                      ; - (reexecute) java.lang.StringLatin1::lastIndexOf@35
                      ; - java.lang.String::lastIndexOf@13
                      ; - java.lang.String::lastIndexOf@8
                      ; - java.net.URLClassLoader::defineClass@7
                      ; - java.net.URLClassLoader$1::run@43
  0x000001d923f1b618: c849 8bd5 

  0x000001d923f1b61c: ;   {poll}
  0x000001d923f1b61c: 4185 0390 | 85c0 7ddc | b8ff ffff | ff45 8b5d 

  0x000001d923f1b62c: ;   {metadata('jdk/internal/loader/URLClassPath$JarLoader$2')}
  0x000001d923f1b62c: 0841 81fb | 10e5 0800 | 0f85 db17 | 0000 4889 | 4c24 2849 | 8bcd 448b | 5920 478b | 5cdc 1c83 
  0x000001d923f1b64c: f8ff 0f84 | f617 0000 | 85c0 0f8c | 584e 0000 | 0f1f 4000 | 413b c00f | 8fcb 4f00 | 0041 3bc0 
  0x000001d923f1b66c: 0f84 9414 | 0000 85c0 | 0f84 8e1f | 0000 4d8b | 87b8 0100 | 0049 8bc8 | 4883 c118 | 493b 8fc8 
  0x000001d923f1b68c: 0100 000f | 8343 3d00 | 0049 898f | b801 0000 | 0f0d 89c0 | 0000 0049 | c700 0100 

  0x000001d923f1b6a8: ;   {metadata('java/lang/String')}
  0x000001d923f1b6a8: 0000 41c7 | 4008 b01e | 0400 4589 | 600c 4d89 | 6010 4b8d | 4ccc 1090 | 413b c20f | 85d6 0000 
  0x000001d923f1b6c8: 0049 63ea | 4181 fa00 | 0010 000f | 872f 3f00 | 0048 896c | 2478 4889 | 4c24 704c | 8944 2460 
  0x000001d923f1b6e8: 4489 5c24 | 544c 8974 | 2458 4889 | 5c24 2044 | 894c 2450 | 4889 7c24 | 404c 896c | 2430 498b 
  0x000001d923f1b708: 9fb8 0100 | 004c 8d45 | 1749 83e0 | f84c 8bdb | 4d03 d80f | 1f44 0000 | 4d3b 9fc8 | 0100 000f 
  0x000001d923f1b728: 8308 3f00 | 004d 899f | b801 0000 | 410f 0d8b | c000 0000 | 48c7 0301 | 0000 0041 | 0f0d 8b00 
  0x000001d923f1b748: ;   {metadata({type array byte})}
  0x000001d923f1b748: 0100 00c7 | 4308 280a | 0400 4489 | 530c 410f | 0d8b 4001 | 0000 410f | 0d8b 8001 | 0000 488b 
  0x000001d923f1b768: d348 83c2 | 104c 8b44 | 2478 4983 | c007 49c1 | e803 488b | 4c24 70c5 | f877 49ba | 6081 f222 
  0x000001d923f1b788: d901 0000 

  0x000001d923f1b78c: ;   {other}
  0x000001d923f1b78c: 41ff d20f | 1f84 0000 | 0000 004c | 8bc3 e92e | 0100 0090 | 3d00 0010 | 000f 872e | 5000 0048 
  0x000001d923f1b7ac: 63d0 443b | d041 8bea | 0f4f e844 | 3bd5 660f | 1f44 0000 | 0f82 d650 | 0000 3bc5 | 0f82 ce50 
  0x000001d923f1b7cc: 0000 4883 | c217 4c8b | d249 83e2 | f80f 1f80 | 0000 0000 | 3d00 0010 | 000f 8774 | 3d00 004c 
  0x000001d923f1b7ec: 8994 2480 | 0000 0048 | 8954 2478 | 4889 4c24 | 704c 8944 | 2460 4489 | 5c24 544c | 8974 2458 
  0x000001d923f1b80c: 4889 5c24 | 2089 4424 | 5048 897c | 2440 4c89 | 6c24 304d | 8b87 b801 | 0000 4d8b | d84d 03da 
  0x000001d923f1b82c: 4d3b 9fc8 | 0100 000f | 835a 3d00 | 004d 899f | b801 0000 | 410f 0d8b | c000 0000 | 49c7 0001 
  0x000001d923f1b84c: 0000 0041 | 0f0d 8b00 

  0x000001d923f1b854: ;   {metadata({type array byte})}
  0x000001d923f1b854: 0100 0041 | c740 0828 | 0a04 0044 | 8bd0 4189 | 400c 410f | 0d8b 4001 | 0000 410f | 0d8b 8001 
  0x000001d923f1b874: 0000 498b | d048 83c2 | 104c 8b5c | 2478 49c1 | eb03 85ed | 0f84 574f | 0000 413b | ea0f 8c40 
  0x000001d923f1b894: 2200 0049 | 8bd8 4c8b | 9424 8000 | 0000 4983 | c2f0 49c1 | ea03 488b | 4c24 704d | 8bc2 c5f8 
  0x000001d923f1b8b4: 7749 ba60 | 81f2 22d9 | 0100 0041 

  0x000001d923f1b8c0: ;   {other}
  0x000001d923f1b8c0: ffd2 0f1f | 8400 0000 | 0000 4c8b | c341 807f | 4000 0f85 | 921f 0000 | 488b 6c24 | 604c 8bdd 
  0x000001d923f1b8e0: 4d8b d049 | c1ea 0344 | 8955 144d | 8bd0 4d33 | d349 c1ea | 164d 85d2 | 741a 49c1 | eb09 48b9 
  0x000001d923f1b900: 0000 2d31 | d901 0000 | 4903 cb80 | 3902 0f85 | 921f 0000 | 4488 6510 | 4c8b 6c24 | 3048 8b7c 
  0x000001d923f1b920: 2440 4c8b | 7424 5844 | 8b5c 2454 | 4889 ac24 | f800 0000 | 458b 5508 | 0f1f 8400 | 0000 0000 
  0x000001d923f1b940: ;   {metadata('jdk/internal/loader/URLClassPath$JarLoader$2')}
  0x000001d923f1b940: 4181 fa10 | e508 000f | 851f 2600 | 004d 8bd5 

  0x000001d923f1b950: ;   {oop(a 'java/lang/Class'{0x0000000600eee388} = 'jdk/internal/access/SharedSecrets')}
  0x000001d923f1b950: 49b8 88e3 | ee00 0600 | 0000 418b | 88d4 0000 | 0041 8b5c | cc08 458b | 4220 478b 

  0x000001d923f1b96c: ;   {metadata('java/util/jar/JavaUtilJarAccessImpl')}
  0x000001d923f1b96c: 44c4 1881 | fba0 7200 | 000f 85f9 | 4600 000f | 1f44 0000 

  0x000001d923f1b980: ; implicit exception: dispatches to 0x000001d923f24090
  0x000001d923f1b980: 478b 4cc4 | 084b 8d0c | c448 8d9c | 2410 0100 | 0048 8b01 | a802 0f85 | 2300 0000 | 4883 c801 
  0x000001d923f1b9a0: 4889 03f0 | 480f b119 | 0f84 3700 | 0000 482b | c448 2507 | f0ff ff48 | 8903 e924 | 0000 0048 
  0x000001d923f1b9c0: 8bd0 4833 | c0f0 4c0f | b17a 3e48 | c703 0300 | 0000 7411 | 4c3b f875 | 1548 ff82 | 8600 0000 
  0x000001d923f1b9e0: 4833 c075 | 0949 ff87 | 4805 0000 | 33c0 0f85 | bc46 0000 | 473b 64c4 | 300f 85b8 | 1d00 0043 
  0x000001d923f1ba00: 0fb6 6cc4 | 1285 ed0f | 85be 1100 

  0x000001d923f1ba0c: ;   {oop(""{0x0000000600401508})}
  0x000001d923f1ba0c: 0049 b908 | 1540 0006 | 0000 0048 | bb00 002d | 31d9 0100 | 0047 3b64 | c430 0f85 | 7925 0000 
  0x000001d923f1ba2c: 488d 8424 | 1001 0000 | 4883 3800 | 0f84 7900 | 0000 4c8b | 0141 f6c0 | 020f 8462 | 0000 0049 
  0x000001d923f1ba4c: 83b8 8600 | 0000 0074 | 0949 ff88 | 8600 0000 | eb4b 498b | 8096 0000 | 0049 0b80 | 8e00 0000 
  0x000001d923f1ba6c: 750a 49c7 | 403e 0000 | 0000 eb3d | 4983 b89e | 0000 0000 | 7422 4833 | c049 c740 | 3e00 0000 
  0x000001d923f1ba8c: 00f0 8304 | 2400 4983 | b89e 0000 | 0000 750d | f04d 0fb1 | 783e 7505 | 83c8 01eb | 0ca8 00eb 
  0x000001d923f1baac: 084c 8b00 | f04c 0fb1 | 0175 0a49 | ff8f 4805 | 0000 4533 | c00f 85c1 | 4600 0041 | 8b6a 2041 
  0x000001d923f1bacc: 8b6c ec18 

  0x000001d923f1bad0: ; implicit exception: dispatches to 0x000001d923f240f8
  0x000001d923f1bad0: 418b 44ec | 0866 6666 | 0f1f 8400 | 0000 0000 

  0x000001d923f1bae0: ;   {metadata('java/util/jar/JarFile')}
  0x000001d923f1bae0: 81f8 c06d | 0000 0f85 | fc46 0000 | 4c89 5424 | 7048 895c | 2460 4c89 | 4c24 5844 | 895c 2450 
  0x000001d923f1bb00: 4c89 7424 | 4048 897c | 2420 4c89 | 6c24 3049 | 8d14 ec90 

  0x000001d923f1bb14: ;   {optimized virtual_call}
  0x000001d923f1bb14: c5f8 77e8 

  0x000001d923f1bb18: ; ImmutableOopMap {[40]=Oop [48]=Oop [64]=Oop [72]=Oop [80]=NarrowOop [88]=Oop [104]=NarrowOop [108]=NarrowOop [112]=Oop [248]=Oop }
                      ;*invokevirtual getManifest {reexecute=0 rethrow=0 return_oop=1}
                      ; - jdk.internal.loader.URLClassPath$JarLoader$2::getManifest@22
                      ; - java.net.URLClassLoader::defineClass@34
                      ; - java.net.URLClassLoader$1::run@43
  0x000001d923f1bb18: e42e 7cff 

  0x000001d923f1bb1c: ;   {other}
  0x000001d923f1bb1c: 0f1f 8400 | 0c16 0005 | 4c8b 6c24 | 304c 8b74 | 2440 448b | 5c24 5048 | 8944 2470 | 4489 5c24 
  0x000001d923f1bb3c: 504c 8974 | 2440 4c89 | 6c24 3048 | 8b54 2428 | 4c8b 8424 | f800 0000 | 418b eb90 

  0x000001d923f1bb58: ;   {optimized virtual_call}
  0x000001d923f1bb58: c5f8 77e8 

  0x000001d923f1bb5c: ; ImmutableOopMap {rbp=NarrowOop [40]=Oop [48]=Oop [64]=Oop [72]=Oop [80]=NarrowOop [88]=Oop [104]=NarrowOop [108]=NarrowOop [112]=Oop [248]=Oop }
                      ;*invokevirtual getDefinedPackage {reexecute=0 rethrow=0 return_oop=1}
                      ; - java.net.URLClassLoader::getAndVerifyPackage@2
                      ; - java.net.URLClassLoader::defineClass@46
                      ; - java.net.URLClassLoader$1::run@43
  0x000001d923f1bb5c: e05e c2ff 

  0x000001d923f1bb60: ;   {other}
  0x000001d923f1bb60: 0f1f 8400 | 5016 0006 | 4885 c00f | 84a2 0f00 | 0044 8b50 | 1047 8b5c | d41c 660f | 1f44 0000 
  0x000001d923f1bb80: 4585 db0f | 854f 4d00 | 0044 8b58 | 1443 8b6c | dc24 85ed | 0f85 fa4d | 0000 4c8b | 5424 7090 
  0x000001d923f1bba0: 4d85 d274 | 2f48 8b54 | 2428 4c8b | 8424 f800 | 0000 4d8b | ca48 8944 | 2420 6690 

  0x000001d923f1bbbc: ;   {optimized virtual_call}
  0x000001d923f1bbbc: c5f8 77e8 

  0x000001d923f1bbc0: ; ImmutableOopMap {[32]=Oop [40]=Oop [48]=Oop [64]=Oop [72]=Oop [80]=NarrowOop [88]=Oop [104]=NarrowOop [108]=NarrowOop [112]=Oop [248]=Oop }
                      ;*invokevirtual isSealed {reexecute=0 rethrow=0 return_oop=0}
                      ; - java.net.URLClassLoader::getAndVerifyPackage@68
                      ; - java.net.URLClassLoader::defineClass@46
                      ; - java.net.URLClassLoader$1::run@43
  0x000001d923f1bbc0: fc3e 87ff 

  0x000001d923f1bbc4: ;   {other}
  0x000001d923f1bbc4: 0f1f 8400 | b416 0007 | 85c0 0f85 | 004e 0000 | 4c8b 6c24 | 304c 8b74 | 2440 448b | 5c24 504c 
  0x000001d923f1bbe4: 8b4c 2458 | 488b 5424 | 6048 8d9c | 2410 0100 | 0049 8b45 | 00a8 020f | 8524 0000 | 0048 83c8 
  0x000001d923f1bc04: 0148 8903 | f049 0fb1 | 5d00 0f84 | 3700 0000 | 482b c448 | 2507 f0ff | ff48 8903 | e924 0000 
  0x000001d923f1bc24: 004c 8bd0 | 4833 c0f0 | 4d0f b17a | 3e48 c703 | 0300 0000 | 7411 4c3b | f875 1549 | ff82 8600 
  0x000001d923f1bc44: 0000 4833 | c075 0949 | ff87 4805 | 0000 33c0 | 0f85 1e40 | 0000 458b | 4508 6690 | 453b 650c 
  0x000001d923f1bc64: 0f85 d800 

  0x000001d923f1bc68: ;   {metadata('jdk/internal/loader/URLClassPath$JarLoader$2')}
  0x000001d923f1bc68: 0000 4181 | f810 e508 | 000f 85fd | 1100 0049 | 8bdd 8b4b | 2066 6690 

  0x000001d923f1bc80: ; implicit exception: dispatches to 0x000001d923f24284
  0x000001d923f1bc80: 458b 54cc | 188b 6b1c | 4585 d20f | 849f 4600 | 0044 8944 | 2444 4889 | 5424 584c | 894c 2450 
  0x000001d923f1bca0: 4489 5c24 | 404c 8974 | 2420 4c89 | 6c24 304b | 8d14 d44c | 8bc5 49c1 | e003 488b | eb66 6690 
  0x000001d923f1bcc0: ;   {optimized virtual_call}
  0x000001d923f1bcc0: c5f8 77e8 

  0x000001d923f1bcc4: ; ImmutableOopMap {rbp=Oop [32]=Oop [40]=Oop [48]=Oop [64]=NarrowOop [72]=Oop [80]=Oop [104]=NarrowOop [108]=NarrowOop }
                      ;*invokevirtual getInputStream {reexecute=0 rethrow=0 return_oop=1}
                      ; - jdk.internal.loader.URLClassPath$JarLoader$2::getInputStream@11
                      ; - jdk.internal.loader.Resource::cachedInputStream@9
                      ; - jdk.internal.loader.Resource::getByteBuffer@1
                      ; - java.net.URLClassLoader::defineClass@132
                      ; - java.net.URLClassLoader$1::run@43
  0x000001d923f1bcc4: b800 d0ff 

  0x000001d923f1bcc8: ;   {other}
  0x000001d923f1bcc8: 0f1f 8400 | b817 0008 | 488b d841 | 807f 4000 | 0f85 191c | 0000 4c8b | 6c24 304d | 8bd5 4c8b 
  0x000001d923f1bce8: c349 c1e8 | 0345 8945 | 0c4c 8bdb | 4d33 da49 | c1eb 160f | 1f44 0000 | 4d85 db74 | 2448 85db 
  0x000001d923f1bd08: 741f 49c1 | ea09 48b9 | 0000 2d31 | d901 0000 | 4903 ca0f | 1f44 0000 | 8039 020f | 850a 1c00 
  0x000001d923f1bd28: 004c 8b74 | 2420 448b | 5c24 404c | 8b4c 2450 | 488b 5424 | 5844 8b44 | 2444 418b | 6d0c 488d 
  0x000001d923f1bd48: 8424 1001 | 0000 4883 | 3800 0f84 | 7b00 0000 | 4d8b 5500 | 41f6 c202 | 0f84 6200 | 0000 4983 
  0x000001d923f1bd68: ba86 0000 | 0000 7409 | 49ff 8a86 | 0000 00eb | 4b49 8b82 | 9600 0000 | 490b 828e | 0000 0075 
  0x000001d923f1bd88: 0a49 c742 | 3e00 0000 | 00eb 3e49 | 83ba 9e00 | 0000 0074 | 2248 33c0 | 49c7 423e | 0000 0000 
  0x000001d923f1bda8: f083 0424 | 0049 83ba | 9e00 0000 | 0075 0df0 | 4d0f b17a | 3e75 0583 | c801 eb0d 

  0x000001d923f1bdc4: ;   {no_reloc}
  0x000001d923f1bdc4: a800 eb09 | 4c8b 10f0 | 4d0f b155 | 0075 0a49 | ff8f 4805 | 0000 4533 | d266 6690 | 0f85 4b3f 
  0x000001d923f1bde4: 0000 458b 

  0x000001d923f1bde8: ;   {metadata('sun/nio/ByteBuffered')}
  0x000001d923f1bde8: 54ec 0848 | b8e8 ee08 | 0008 0000 | 0048 be00 | 0000 0008 | 0000 0049 | 03f2 4c8b | 5620 4c3b 
  0x000001d923f1be08: d00f 84c9 | 3d00 0048 | 8b7e 288b | 0f48 83c7 | 0848 85c0 | f248 af0f | 8504 0000 | 0048 8946 
  0x000001d923f1be28: 200f 84a9 

  0x000001d923f1be2c: ;   {metadata('jdk/internal/loader/URLClassPath$JarLoader$2')}
  0x000001d923f1be2c: 3d00 0041 | 81f8 10e5 | 0800 0f85 | 820f 0000 | 4889 5424 | 604c 894c | 2458 4489 | 5c24 504c 
  0x000001d923f1be4c: 8974 2440 | 4c89 6c24 | 304c 896c | 2470 498b | d566 6690 

  0x000001d923f1be60: ;   {optimized virtual_call}
  0x000001d923f1be60: c5f8 77e8 

  0x000001d923f1be64: ; ImmutableOopMap {[40]=Oop [48]=Oop [64]=Oop [72]=Oop [80]=NarrowOop [88]=Oop [104]=NarrowOop [108]=NarrowOop [112]=Oop }
                      ;*invokespecial getBytes {reexecute=0 rethrow=0 return_oop=1}
                      ; - jdk.internal.loader.URLClassPath$JarLoader$2::getBytes@1
                      ; - java.net.URLClassLoader::defineClass@179
                      ; - java.net.URLClassLoader$1::run@43
  0x000001d923f1be64: d890 c7ff 

  0x000001d923f1be68: ;   {other}
  0x000001d923f1be68: 0f1f 8400 | 5819 0009 

  0x000001d923f1be70: ; implicit exception: dispatches to 0x000001d923f2412c
  0x000001d923f1be70: 448b 500c | 4585 d20f | 860b 4800 | 0041 8bea | ffcd 413b | ea0f 833e | 4100 0048 | 8944 2478 
  0x000001d923f1be90: 488b d048 | 83c2 1033 | c945 8bc2 | c5f8 7749 | bae0 12ef | 22d9 0100 | 0041 ffd2 

  0x000001d923f1beac: ;   {other}
  0x000001d923f1beac: 0f1f 8400 | 0000 0000 | 4c8b 5424 | 7045 8b5a | 1c66 6690 

  0x000001d923f1bec0: ; implicit exception: dispatches to 0x000001d923f24158
  0x000001d923f1bec0: 4f8b 54dc | 1844 8bd8 | 4d3b da0f | 8503 4800 | 004c 8b54 | 2430 458b | 5a08 660f | 1f44 0000 
  0x000001d923f1bee0: ;   {metadata('jdk/internal/loader/URLClassPath$JarLoader$2')}
  0x000001d923f1bee0: 4181 fb10 | e508 000f | 8511 0f00 | 004c 8b5c | 2430 418b | 6b1c 6666 | 0f1f 8400 | 0000 0000 
  0x000001d923f1bf00: ; implicit exception: dispatches to 0x000001d923f24184
  0x000001d923f1bf00: 458b 5cec 

  0x000001d923f1bf04: ;   {metadata('java/util/jar/JarFile$JarFileEntry')}
  0x000001d923f1bf04: 0841 81fb | 38b6 0800 | 0f85 0e43 | 0000 4d8d | 1cec 458b | 4364 660f | 1f44 0000 

  0x000001d923f1bf20: ; implicit exception: dispatches to 0x000001d923f241b0
  0x000001d923f1bf20: 430f b64c | c412 473b | 64c4 3075 | 0885 c90f | 8541 0d00 | 0045 8b43 | 5c45 85c0 | 0f1f 4000 
  0x000001d923f1bf40: 0f85 8823 | 0000 458b | 4b64 438b | 6ccc 3085 | ed0f 85da | 2200 0045 | 33db 498b | 8fb8 0100 
  0x000001d923f1bf60: 004c 8bc1 | 4983 c028 | 4d3b 87c8 | 0100 000f | 8343 2700 | 004d 8987 | b801 0000 | 410f 0d88 
  0x000001d923f1bf80: c000 0000 | 48c7 0101 

  0x000001d923f1bf88: ;   {metadata('java/security/CodeSource')}
  0x000001d923f1bf88: 0000 00c7 | 4108 9050 | 0500 4489 | 610c 4c89 | 6110 4c89 | 6118 4c89 | 6120 448b | 4424 5044 
  0x000001d923f1bfa8: 8941 0c45 | 85c0 0f84 | 5045 0000 | 4c89 5c24 | 204c 8954 | 2430 4b8d | 14c4 488b | e966 6690 
  0x000001d923f1bfc8: ;   {static_call}
  0x000001d923f1bfc8: c5f8 77e8 

  0x000001d923f1bfcc: ; ImmutableOopMap {rbp=Oop [32]=Oop [40]=Oop [48]=Oop [64]=Oop [72]=Oop [88]=Oop [104]=NarrowOop [108]=NarrowOop [120]=Oop }
                      ;*invokestatic urlNoFragString {reexecute=0 rethrow=0 return_oop=1}
                      ; - java.security.CodeSource::<init>@30
                      ; - java.net.URLClassLoader::defineClass@198
                      ; - java.net.URLClassLoader$1::run@43
  0x000001d923f1bfcc: f08d 87ff 

  0x000001d923f1bfd0: ;   {other}
  0x000001d923f1bfd0: 0f1f 8400 | c01a 000a | 488b d80f | 1f44 0000 | 4180 7f40 | 000f 8539 | 1700 004c | 8bc5 4c8b 
  0x000001d923f1bff0: d349 c1ea | 0345 8950 | 204c 8bd3 | 4d8b d84d | 33d3 49c1 | ea16 4d85 | d274 1f48 | 85db 741a 
  0x000001d923f1c010: 49c1 eb09 | 48b9 0000 | 2d31 d901 | 0000 4903 | cb80 3902 | 0f85 3517 | 0000 4c8b | 4c24 204d 
  0x000001d923f1c030: 85c9 0f85 | 9520 0000 | 4c89 8424 | 8000 0000 | c5f8 7749 | ba80 b3e0 | 3ef8 7f00 | 0041 ffd2 
  0x000001d923f1c050: ;   {other}
  0x000001d923f1c050: 0f1f 8400 | 0000 0000 | 482b 4424 | 3848 8944 

  0x000001d923f1c060: ;   {oop(a 'jdk/internal/perf/PerfCounter'{0x0000000600eee550})}
  0x000001d923f1c060: 2438 49bb | 50e5 ee00 | 0600 0000 | 488d 9c24 | 1001 0000 | 498b 03a8 | 020f 8523 | 0000 0048 
  0x000001d923f1c080: 83c8 0148 | 8903 f049 | 0fb1 1b0f | 8437 0000 | 0048 2bc4 | 4825 07f0 | ffff 4889 | 03e9 2400 
  0x000001d923f1c0a0: 0000 4c8b | d048 33c0 | f04d 0fb1 | 7a3e 48c7 | 0303 0000 | 0074 114c | 3bf8 7515 | 49ff 8286 
  0x000001d923f1c0c0: 0000 0048 | 33c0 7509 | 49ff 8748 | 0500 0033 | c00f 85b7 

  0x000001d923f1c0d4: ;   {oop(a 'jdk/internal/perf/PerfCounter'{0x0000000600eee550})}
  0x000001d923f1c0d4: 3c00 0049 | ba50 e5ee | 0006 0000 | 0045 8b4a | 1043 8b6c | cc24 85ed | 0f85 4644 | 0000 438b 
  0x000001d923f1c0f4: 6ccc 1c85 | ed0f 8cb6 | 3c00 0090 | 85ed 0f84 | fc3a 0000 | 4f8b 54cc | 104c 8b5c | 2438 4d01 
  0x000001d923f1c114: ;   {oop(a 'jdk/internal/perf/PerfCounter'{0x0000000600eee550})}
  0x000001d923f1c114: 1a49 bb50 | e5ee 0006 | 0000 0048 | 8d84 2410 | 0100 0048 | 8338 000f | 8479 0000 | 004d 8b13 
  0x000001d923f1c134: 41f6 c202 | 0f84 6200 | 0000 4983 | ba86 0000 | 0000 7409 | 49ff 8a86 | 0000 00eb | 4b49 8b82 
  0x000001d923f1c154: 9600 0000 | 490b 828e | 0000 0075 | 0a49 c742 | 3e00 0000 | 00eb 3d49 | 83ba 9e00 | 0000 0074 
  0x000001d923f1c174: 2248 33c0 | 49c7 423e | 0000 0000 | f083 0424 | 0049 83ba | 9e00 0000 | 0075 0df0 | 4d0f b17a 
  0x000001d923f1c194: 3e75 0583 | c801 eb0c | a800 eb08 | 4c8b 10f0 | 4d0f b113 | 750a 49ff | 8f48 0500 | 0045 33d2 
  0x000001d923f1c1b4: 0f85 2a3c | 0000 4c8b | 4424 7890 

  0x000001d923f1c1c0: ; implicit exception: dispatches to 0x000001d923f23f84
  0x000001d923f1c1c0: 458b 480c | 498b 9fb8 | 0100 004c | 8bd3 4983 | c210 6666 | 0f1f 8400 | 0000 0000 | 6666 6690 
  0x000001d923f1c1e0: 4d3b 97c8 | 0100 000f | 83ff 2400 | 004d 8997 | b801 0000 | 410f 0d8a | c000 0000 | 48c7 0301 
  0x000001d923f1c200: ;   {metadata('java/security/SecureClassLoader$CodeSourceKey')}
  0x000001d923f1c200: 0000 00c7 | 4308 a8f7 | 0800 4489 | 630c 4c8b | 9424 8000 | 0000 4d8b | da49 c1eb | 0344 895b 
  0x000001d923f1c220: 0c49 8bbf | b801 0000 | 8b4c 2468 | 418b 6ccc | 504c 8bd7 | 4983 c210 | 0f1f 8400 | 0000 0000 
  0x000001d923f1c240: 4d3b 97c8 | 0100 000f | 83d8 2400 | 004d 8997 | b801 0000 | 410f 0d8a | c000 0000 | 48c7 0701 
  0x000001d923f1c260: ;   {metadata('java/security/SecureClassLoader$1')}
  0x000001d923f1c260: 0000 00c7 | 4708 c8f9 | 0800 4489 | 670c 894f | 0c45 8b5c | ec08 6666 | 0f1f 8400 | 0000 0000 
  0x000001d923f1c280: ;   {metadata('java/util/concurrent/ConcurrentHashMap')}
  0x000001d923f1c280: 4181 fb88 | 5805 000f | 8589 3b00 | 0044 894c | 2454 4c89 | 4424 3889 | 4c24 5049 | 8d14 ec4c 
  0x000001d923f1c2a0: 8bc3 4c8b | cf66 6690 

  0x000001d923f1c2a8: ;   {optimized virtual_call}
  0x000001d923f1c2a8: c5f8 77e8 

  0x000001d923f1c2ac: ; ImmutableOopMap {[40]=Oop [48]=Oop [56]=Oop [64]=Oop [72]=Oop [80]=NarrowOop [88]=Oop [108]=NarrowOop }
                      ;*invokeinterface computeIfAbsent {reexecute=0 rethrow=0 return_oop=1}
                      ; - java.security.SecureClassLoader::getProtectionDomain@28
                      ; - java.security.SecureClassLoader::defineClass@9
                      ; - java.net.URLClassLoader::defineClass@220
                      ; - java.net.URLClassLoader$1::run@43
  0x000001d923f1c2ac: f0fe b7ff 

  0x000001d923f1c2b0: ;   {other}
  0x000001d923f1c2b0: 0f1f 8400 | a01d 000b | 0f1f 8400 | 0000 0000 

  0x000001d923f1c2c0: ; implicit exception: dispatches to 0x000001d923f23fd0
  0x000001d923f1c2c0: 448b 5008 

  0x000001d923f1c2c4: ;   {metadata('java/security/ProtectionDomain')}
  0x000001d923f1c2c4: 4181 fab8 | 4204 000f | 851b 7b00 | 0044 8b54 | 246c 478b | 54d4 1444 | 8994 248c | 0000 0047 
  0x000001d923f1c2e4: 8b44 d40c | 4c8b c845 | 85c0 0f86 | 643b 0000 | 448b 5424 | 6c47 0fbe | 5cd4 1090 | 4585 db0f 
  0x000001d923f1c304: 85be 4000 | 00c4 4222 | f7e8 453b | e845 8bd5 | 450f 4fd0 | 8b8c 248c | 0000 0049 | 8d34 cc4d 
  0x000001d923f1c324: 8d74 cc10 | 4585 d20f | 8ed5 0000 | 0045 3bc2 | 0f82 ea3c | 0000 498b | fe41 8bd2 | b82f 0000 
  0x000001d923f1c344: 0048 8bdf | 83fa 100f | 8c79 0000 | 0083 fa20 | 0f8c 3600 | 0000 c5f9 | 6ed0 c4e2 | 7d78 d2c5 
  0x000001d923f1c364: fdef c08b | ca83 e1e0 | 83e2 1fc5 | fe6f 0bc5 | f574 cac4 | e27d 17c1 | 0f83 6900 | 0000 4883 
  0x000001d923f1c384: c320 83e9 | 2075 e4e9 | 0d00 0000 | c5f9 6ed0 | c5f9 efc0 | c4e2 6900 | d083 fa10 | 0f8c 2400 
  0x000001d923f1c3a4: 0000 8bca | 83e1 f083 | e20f c5fa | 6f0b c5f1 | 74ca c4e2 | 7917 c10f | 832a 0000 

  0x000001d923f1c3c0: ;   {no_reloc}
  0x000001d923f1c3c0: 0048 83c3 | 1083 e910 | 75e4 85d2 | 0f84 1200 | 0000 0fb6 | 0b3b c174 | 1c48 83c3 | 0183 ea01 
  0x000001d923f1c3e0: 7402 ebee | bbff ffff | ffeb 0dc5 | fdd7 c90f | bcc1 4803 | d848 2bdf | 83fb ff0f | 1f44 0000 
  0x000001d923f1c400: 0f85 1640 | 0000 410f | b62e 83fd | 5b0f 8455 | 4100 0045 | 8d55 fb45 | 85d2 660f | 1f44 0000 
  0x000001d923f1c420: 0f8c 7e00 | 0000 450f | be1e 4183 | fb6a 0f85 | 7000 0000 | 4183 f804 | 0f86 b34d | 0000 448b 
  0x000001d923f1c440: 9c24 8c00 | 0000 4380 | 7cdc 1161 | 0f85 5200 | 0000 458b | d366 6666 | 0f1f 8400 | 0000 0000 
  0x000001d923f1c460: 4380 7cd4 | 1276 753c | 4380 7cd4 | 1361 7534 | 4380 7cd4 | 142e 752c | ba37 0100 | 004c 8b54 
  0x000001d923f1c480: 2430 4c89 | 5424 204c | 8b54 2438 | 4c89 5424 | 2866 6690 

  0x000001d923f1c494: ;   {runtime_call UncommonTrapBlob}
  0x000001d923f1c494: c5f8 77e8 

  0x000001d923f1c498: ; ImmutableOopMap {[32]=Oop [40]=Oop [72]=Oop [80]=NarrowOop [108]=NarrowOop }
                      ;*new {reexecute=0 rethrow=0 return_oop=0}
                      ; - java.lang.ClassLoader::preDefineClass@56
                      ; - java.lang.ClassLoader::defineClass@4
                      ; - java.security.SecureClassLoader::defineClass@12
                      ; - java.net.URLClassLoader::defineClass@220
                      ; - java.net.URLClassLoader$1::run@43
  0x000001d923f1c498: 6481 02ff 

  0x000001d923f1c49c: ;   {other}
  0x000001d923f1c49c: 0f1f 8400 | 8c1f 000c | 458b 5910 | 418b c8ff | c945 8bd5 | 41ff ca44 | 3bd1 440f | 4fd1 660f 
  0x000001d923f1c4bc: 1f44 0000 | 4585 d27c | 3466 6666 | 0f1f 8400 | 0000 0000 | 453b d00f | 83b7 3100 | 000f 1f80 
  0x000001d923f1c4dc: 0000 0000 | 4280 7c16 | 102e 7417 | 498b 8f50 | 0400 0041 

  0x000001d923f1c4f0: ; ImmutableOopMap {r11=NarrowOop r9=Oop rsi=Oop r14=Derived_oop_rsi [40]=Oop [48]=Oop [56]=Oop [64]=Oop [72]=Oop [80]=NarrowOop [88]=Oop [108]=NarrowOop [140]=NarrowOop }
                      ;*goto {reexecute=1 rethrow=0 return_oop=0}
                      ; - (reexecute) java.lang.StringLatin1::lastIndexOf@35
                      ; - java.lang.String::lastIndexOf@13
                      ; - java.lang.String::lastIndexOf@8
                      ; - java.lang.ClassLoader::checkCerts@3
                      ; - java.lang.ClassLoader::preDefineClass@113
                      ; - java.lang.ClassLoader::defineClass@4
                      ; - java.security.SecureClassLoader::defineClass@12
                      ; - java.net.URLClassLoader::defineClass@220
                      ; - java.net.URLClassLoader$1::run@43
                      ;   {poll}
  0x000001d923f1c4f0: ffca 8501 | 4585 d27d | d741 baff | ffff ff90 | 4183 faff | 0f84 5b09 | 0000 4585 | d20f 8c4d 
  0x000001d923f1c510: 3f00 0045 | 3bd5 0f8f | c440 0000 | 0f1f 4000 | 453b d50f | 84d3 0500 | 0045 85d2 | 0f84 c710 
  0x000001d923f1c530: 0000 498b | 9fb8 0100 | 0048 8bcb | 4883 c118 | 493b 8fc8 | 0100 000f | 8302 2e00 | 0049 898f 
  0x000001d923f1c550: b801 0000 | 0f0d 89c0 | 0000 0048 | c703 0100 

  0x000001d923f1c560: ;   {metadata('java/lang/String')}
  0x000001d923f1c560: 0000 c743 | 08b0 1e04 | 0044 8963 | 0c4c 8963 | 1045 3bd0 | 0f85 db00 | 0000 4d63 | d066 6690 
  0x000001d923f1c580: 4181 f800 | 0010 000f | 8738 3000 | 0048 895c | 2478 4489 | 5c24 684c | 8974 2420 | 488b ee4c 
  0x000001d923f1c5a0: 894c 2470 | 498b 9fb8 | 0100 004c | 8994 2480 | 0000 0049 | 83c2 1749 | 83e2 f84c | 8bdb 4d03 
  0x000001d923f1c5c0: da4d 3b9f | c801 0000 | 0f83 1630 | 0000 4d89 | 9fb8 0100 | 0041 0f0d | 8bc0 0000 | 0048 c703 
  0x000001d923f1c5e0: 0100 0000 | 410f 0d8b | 0001 0000 

  0x000001d923f1c5ec: ;   {metadata({type array byte})}
  0x000001d923f1c5ec: c743 0828 | 0a04 0044 | 8943 0c41 | 0f0d 8b40 | 0100 0041 | 0f0d 8b80 | 0100 0048 | 8bd3 4883 
  0x000001d923f1c60c: c210 4c8b | 8424 8000 | 0000 4983 | c007 49c1 | e803 488b | 4c24 20c5 | f877 49ba | 6081 f222 
  0x000001d923f1c62c: d901 0000 

  0x000001d923f1c630: ;   {other}
  0x000001d923f1c630: 41ff d20f | 1f84 0000 | 0000 004c | 8bd3 4c8b | 4c24 7044 | 8b5c 2468 | 488b 5c24 | 784d 8bea 
  0x000001d923f1c650: e90c 0100 | 0066 6666 | 0f1f 8400 | 0000 0000 | 4181 fa00 | 0010 000f | 87fb 4000 | 0049 63ca 
  0x000001d923f1c670: 453b c241 | 8be8 410f | 4fea 660f | 1f44 0000 | 443b c50f | 82c8 4100 | 0044 3bd5 | 0f82 bf41 
  0x000001d923f1c690: 0000 4883 | c117 488b | f948 83e7 | f866 6690 | 4181 fa00 | 0010 000f | 87f8 2d00 | 004d 8baf 
  0x000001d923f1c6b0: b801 0000 | 4d8b c54c | 03c7 660f | 1f44 0000 | 4d3b 87c8 | 0100 000f | 83d8 2d00 | 004d 8987 
  0x000001d923f1c6d0: b801 0000 | 410f 0d88 | c000 0000 | 49c7 4500 | 0100 0000 | 410f 0d88 | 0001 0000 

  0x000001d923f1c6ec: ;   {metadata({type array byte})}
  0x000001d923f1c6ec: 41c7 4508 | 280a 0400 | 4589 550c | 410f 0d88 | 4001 0000 | 410f 0d88 | 8001 0000 | 498b d548 
  0x000001d923f1c70c: 83c2 1048 | c1e9 0385 | ed0f 8455 | 4000 000f | 1f44 0000 | 413b ea0f | 8cfc 1200 | 0048 8beb 
  0x000001d923f1c72c: 418b f349 | 8bd9 4883 | c7f0 48c1 | ef03 498b | ce4c 8bc7 | c5f8 7749 | ba60 81f2 | 22d9 0100 
  0x000001d923f1c74c: 0041 ffd2 

  0x000001d923f1c750: ;   {other}
  0x000001d923f1c750: 0f1f 8400 | 0000 0000 | 4c8b cb44 | 8bde 488b | dd41 807f | 4000 0f85 | 6410 0000 | 4d8b c549 
  0x000001d923f1c770: c1e8 0344 | 8943 144c | 8bd3 4d8b | c54d 33c2 | 49c1 e816 | 4d85 c074 | 2049 c1ea | 0948 b900 
  0x000001d923f1c790: 002d 31d9 | 0100 0049 | 03ca 660f | 1f44 0000 | 8039 020f | 855e 1000 | 0044 8863 | 1045 85db 
  0x000001d923f1c7b0: 741a 438b | 4cdc 1485 | c90f 85be | 1300 0043 | 8b7c dc10 | 85ff 0f85 | a114 0000 

  0x000001d923f1c7cc: ;   {oop(a 'java/security/cert/Certificate'[0] {0x000000060045f668})}
  0x000001d923f1c7cc: 49b8 68f6 | 4500 0600 | 0000 448b | 5c24 5047 | 8b54 dc2c | 4585 d20f | 844b 3400 | 004c 8944 
  0x000001d923f1c7ec: 2478 4c89 | 4c24 7044 | 895c 2468 | 4b8d 14d4 | 4c8b c34c | 8b4c 2478 | bf01 0000 | 0066 6690 
  0x000001d923f1c80c: ;   {optimized virtual_call}
  0x000001d923f1c80c: c5f8 77e8 

  0x000001d923f1c810: ; ImmutableOopMap {[40]=Oop [48]=Oop [56]=Oop [64]=Oop [72]=Oop [80]=NarrowOop [88]=Oop [104]=NarrowOop [108]=NarrowOop [112]=Oop [120]=Oop }
                      ;*invokevirtual putVal {reexecute=0 rethrow=0 return_oop=1}
                      ; - java.util.concurrent.ConcurrentHashMap::putIfAbsent@4
                      ; - java.lang.ClassLoader::checkCerts@62
                      ; - java.lang.ClassLoader::preDefineClass@113
                      ; - java.lang.ClassLoader::defineClass@4
                      ; - java.security.SecureClassLoader::defineClass@12
                      ; - java.net.URLClassLoader::defineClass@220
                      ; - java.net.URLClassLoader$1::run@43
  0x000001d923f1c810: 2c1d e4ff 

  0x000001d923f1c814: ;   {other}
  0x000001d923f1c814: 0f1f 8400 | 0423 000e | 0f1f 4000 | 4885 c074 | 3144 8b58 

  0x000001d923f1c828: ;   {metadata('java/security/cert/Certificate'[])}
  0x000001d923f1c828: 0841 81fb | 308f 0200 | 0f85 e675 | 0000 488b | d848 8b7c | 2478 8b77 | 0c44 8b43 | 0c85 f60f 
  0x000001d923f1c848: 879c 1c00 | 0045 85c0 | 0f87 563d | 0000 4c8b | 5424 7045 | 8b5a 1090 | 4585 db0f | 841c 1100 
  0x000001d923f1c868: 0043 8b6c | dc0c 458b | 5cec 3845 | 85db 0f84 | e433 0000 | 4c89 5424 | 204b 8d14 | dc4d 8d04 
  0x000001d923f1c888: ec66 6690 

  0x000001d923f1c88c: ;   {optimized virtual_call}
  0x000001d923f1c88c: c5f8 77e8 

  0x000001d923f1c890: ; ImmutableOopMap {[32]=Oop [40]=Oop [48]=Oop [56]=Oop [64]=Oop [72]=Oop [88]=Oop [104]=NarrowOop }
                      ;*invokevirtual toExternalForm {reexecute=0 rethrow=0 return_oop=1}
                      ; - java.net.URL::toExternalForm@5
                      ; - java.net.URL::toString@1
                      ; - java.lang.ClassLoader::defineClassSourceLocation@22
                      ; - java.lang.ClassLoader::defineClass@12
                      ; - java.security.SecureClassLoader::defineClass@12
                      ; - java.net.URLClassLoader::defineClass@220
                      ; - java.net.URLClassLoader$1::run@43
  0x000001d923f1c890: ec93 5cff 

  0x000001d923f1c894: ;   {other}
  0x000001d923f1c894: 0f1f 8400 | 8423 000f | 4c8b 5424 | 204c 8954 | 2470 488b | 5424 284c | 8b44 2440 | 4c8b 4c24 
  0x000001d923f1c8b4: 3833 ff8b | 7424 5449 | 8bca 4889 | 0424 6690 

  0x000001d923f1c8c4: ;   {static_call}
  0x000001d923f1c8c4: c5f8 77e8 

  0x000001d923f1c8c8: ; ImmutableOopMap {[40]=Oop [48]=Oop [72]=Oop [88]=Oop [104]=NarrowOop [112]=Oop }
                      ;*invokestatic defineClass1 {reexecute=0 rethrow=0 return_oop=1}
                      ; - java.lang.ClassLoader::defineClass@27
                      ; - java.security.SecureClassLoader::defineClass@12
                      ; - java.net.URLClassLoader::defineClass@220
                      ; - java.net.URLClassLoader$1::run@43
  0x000001d923f1c8c8: 9464 5cff 

  0x000001d923f1c8cc: ;   {other}
  0x000001d923f1c8cc: 0f1f 8400 | bc23 0010 | 4889 4424 | 500f 1f80 | 0000 0000 

  0x000001d923f1c8e0: ; implicit exception: dispatches to 0x000001d923f24014
  0x000001d923f1c8e0: 448b 583c | 4585 db0f | 8591 0000 | 004c 8b50 | 1045 8b5a | 0845 85db | 0f8c 323e | 0000 448b 
  0x000001d923f1c900: 502c 4585 | d20f 848c | 0200 004b | 8d0c d444 | 8b59 1447 | 8b54 dc0c | 440f be49 | 10c4 4232 
  0x000001d923f1c920: f7c2 41ff | c845 85c9 | 0f85 1649 | 0000 458b | ca41 ffc9 | 453b c845 | 0f4f c80f | 1f44 0000 
  0x000001d923f1c940: 4585 c90f | 8c7c 0000 | 004b 8d3c | dc66 6690 | 453b ca0f | 83bc 2d00 | 000f 1f80 | 0000 0000 
  0x000001d923f1c960: 4280 7c0f | 102e 741f | 498b 9750 | 0400 0041 

  0x000001d923f1c970: ; ImmutableOopMap {r11=NarrowOop rcx=Oop rdi=Oop [40]=Oop [48]=Oop [72]=Oop [80]=Oop [88]=Oop [104]=NarrowOop [112]=Oop }
                      ;*goto {reexecute=1 rethrow=0 return_oop=0}
                      ; - (reexecute) java.lang.StringLatin1::lastIndexOf@35
                      ; - java.lang.String::lastIndexOf@13
                      ; - java.lang.String::lastIndexOf@8
                      ; - java.lang.Class::getPackageName@47
                      ; - java.lang.ClassLoader::postDefineClass@2
                      ; - java.lang.ClassLoader::defineClass@37
                      ; - java.security.SecureClassLoader::defineClass@12
                      ; - java.net.URLClassLoader::defineClass@220
                      ; - java.net.URLClassLoader$1::run@43
                      ;   {poll}
  0x000001d923f1c970: ffc9 8502 | 4585 c97d | d7e9 4700 | 0000 4f8d | 04dc e992 | 0000 0041 | 83f9 ff74 | 3845 33c0 
  0x000001d923f1c990: 488b d190 

  0x000001d923f1c994: ;   {optimized virtual_call}
  0x000001d923f1c994: c5f8 77e8 

  0x000001d923f1c998: ; ImmutableOopMap {[40]=Oop [48]=Oop [72]=Oop [80]=Oop [112]=Oop }
                      ;*invokevirtual substring {reexecute=0 rethrow=0 return_oop=1}
                      ; - java.lang.Class::getPackageName@62
                      ; - java.lang.ClassLoader::postDefineClass@2
                      ; - java.lang.ClassLoader::defineClass@37
                      ; - java.security.SecureClassLoader::defineClass@12
                      ; - java.net.URLClassLoader::defineClass@220
                      ; - java.net.URLClassLoader$1::run@43
  0x000001d923f1c998: 64a8 64ff 

  0x000001d923f1c99c: ;   {other}
  0x000001d923f1c99c: 0f1f 8400 | 8c24 0012 | 4885 c00f | 8477 3f00 | 0048 8bd0 

  0x000001d923f1c9b0: ;   {optimized virtual_call}
  0x000001d923f1c9b0: c5f8 77e8 

  0x000001d923f1c9b4: ; ImmutableOopMap {[40]=Oop [48]=Oop [72]=Oop [80]=Oop [112]=Oop }
                      ;*invokevirtual intern {reexecute=0 rethrow=0 return_oop=1}
                      ; - java.lang.Class::getPackageName@65
                      ; - java.lang.ClassLoader::postDefineClass@2
                      ; - java.lang.ClassLoader::defineClass@37
                      ; - java.security.SecureClassLoader::defineClass@12
                      ; - java.net.URLClassLoader::defineClass@220
                      ; - java.net.URLClassLoader$1::run@43
  0x000001d923f1c9b4: 28a2 58ff 

  0x000001d923f1c9b8: ;   {other}
  0x000001d923f1c9b8: 0f1f 8400 | a824 0013 | 4889 4424 | 5841 807f | 4000 0f85 | bc0f 0000 | 4c8b 5424 | 5048 8b5c 
  0x000001d923f1c9d8: 2458 4c8b | db49 c1eb | 034c 8b44 | 2450 4589 | 583c 4c8b | db4d 33da | 49c1 eb16 | 4d85 db74 
  0x000001d923f1c9f8: 1b48 85db | 7416 49c1 | ea09 4c8b | 4424 604d | 03c2 4180 | 3802 0f85 | b40f 0000 | 4c8b 4424 
  0x000001d923f1ca18: 584c 8b54 | 2450 458b | 5a30 4d8b | cb49 c1e1 | 0348 8b54 | 2428 6690 

  0x000001d923f1ca30: ;   {optimized virtual_call}
  0x000001d923f1ca30: c5f8 77e8 

  0x000001d923f1ca34: ; ImmutableOopMap {[40]=Oop [48]=Oop [72]=Oop [80]=Oop [112]=Oop }
                      ;*invokevirtual getNamedPackage {reexecute=0 rethrow=0 return_oop=1}
                      ; - java.lang.ClassLoader::postDefineClass@9
                      ; - java.lang.ClassLoader::defineClass@37
                      ; - java.security.SecureClassLoader::defineClass@12
                      ; - java.net.URLClassLoader::defineClass@220
                      ; - java.net.URLClassLoader$1::run@43
  0x000001d923f1ca34: 48cf c6ff 

  0x000001d923f1ca38: ;   {other}
  0x000001d923f1ca38: 0f1f 8400 | 2825 0014 | 4c8b 5424 | 7045 8b5a | 1045 85db | 741f 4b8d | 14dc 6690 

  0x000001d923f1ca54: ;   {optimized virtual_call}
  0x000001d923f1ca54: c5f8 77e8 

  0x000001d923f1ca58: ; ImmutableOopMap {[40]=Oop [48]=Oop [72]=Oop [80]=Oop }
                      ;*invokevirtual getCertificates {reexecute=0 rethrow=0 return_oop=1}
                      ; - java.lang.ClassLoader::postDefineClass@24
                      ; - java.lang.ClassLoader::defineClass@37
                      ; - java.security.SecureClassLoader::defineClass@12
                      ; - java.net.URLClassLoader::defineClass@220
                      ; - java.net.URLClassLoader$1::run@43
  0x000001d923f1ca58: c43b d0ff 

  0x000001d923f1ca5c: ;   {other}
  0x000001d923f1ca5c: 0f1f 8400 | 4c25 0015 | 4885 c00f | 8542 1600 | 0048 8b44 | 2450 c5f8 | 7748 81c4 | 3001 0000 
  0x000001d923f1ca7c: ;   {poll_return}
  0x000001d923f1ca7c: 5d49 3ba7 | 4804 0000 | 0f87 8988 | 0000 c3b9 | 2f00 0000 | e91b e7ff | ff49 8b87 | b801 0000 
  0x000001d923f1ca9c: 4c8b d049 | 83c2 184d | 3b97 c801 | 0000 0f83 | 442c 0000 | 4d89 97b8 | 0100 0041 | 0f0d 8ac0 
  0x000001d923f1cabc: 0000 0048 | c700 0100 

  0x000001d923f1cac4: ;   {metadata('java/lang/String')}
  0x000001d923f1cac4: 0000 c740 | 08b0 1e04 | 0044 8960 | 0c44 8960 

  0x000001d923f1cad4: ;   {oop([B{0x0000000600eee970})}
  0x000001d923f1cad4: 10c7 4014 | 2edd 1dc0 

  0x000001d923f1cadc: ;   {oop(".class"{0x0000000600eee580})}
  0x000001d923f1cadc: 49ba 80e5 | ee00 0600 | 0000 458b | 420c 4489 | 400c 450f | b652 1144 | 8850 11e9 | 12ea ffff 
  0x000001d923f1cafc: 488b 5c24 | 40e9 a7fc | ffff 4c89 | b424 f800 | 0000 e921 | eeff ff44 | 8bdd 4d8b | c349 c1e0 
  0x000001d923f1cb1c: ;   {metadata('java/lang/IllegalArgumentException')}
  0x000001d923f1cb1c: 0348 bd10 | 8b07 0008 | 0000 004c | 8b54 2470 | 4d85 d20f | 84b0 1600 | 004c 8944 | 2470 4c89 
  0x000001d923f1cb3c: 5424 2048 | 8b54 2428 | 4c8b 8424 | f800 0000 | 4d8b ca48 | 8b7c 2470 

  0x000001d923f1cb54: ;   {optimized virtual_call}
  0x000001d923f1cb54: c5f8 77e8 

  0x000001d923f1cb58: ; ImmutableOopMap {[32]=Oop [40]=Oop [48]=Oop [64]=Oop [72]=Oop [80]=NarrowOop [88]=Oop [104]=NarrowOop [108]=NarrowOop [112]=Oop [248]=Oop }
                      ;*invokevirtual definePackage {reexecute=0 rethrow=0 return_oop=1}
                      ; - java.net.URLClassLoader::defineClass@64
                      ; - java.net.URLClassLoader$1::run@43
  0x000001d923f1cb58: c47c 5bef 

  0x000001d923f1cb5c: ;   {other}
  0x000001d923f1cb5c: 0f1f 8400 | 4c26 0016 | 4c8b 6c24 | 304c 8b74 | 2440 448b | 5c24 504c | 8b4c 2458 | 488b 5424 
  0x000001d923f1cb7c: 6066 6690 | e968 f0ff | ff41 b92f | 0000 00e9 | 4be7 ffff | 33ed e984 | e4ff ff48 | 8944 2420 
  0x000001d923f1cb9c: 488b d090 

  0x000001d923f1cba0: ;   {optimized virtual_call}
  0x000001d923f1cba0: c5f8 77e8 

  0x000001d923f1cba4: ; ImmutableOopMap {[32]=Oop [40]=Oop [48]=Oop [72]=Oop [88]=Oop [104]=NarrowOop [112]=Oop }
                      ;*invokevirtual initClassName {reexecute=0 rethrow=0 return_oop=1}
                      ; - java.lang.Class::getName@14
                      ; - java.lang.Class::getPackageName@40
                      ; - java.lang.ClassLoader::postDefineClass@2
                      ; - java.lang.ClassLoader::defineClass@37
                      ; - java.security.SecureClassLoader::defineClass@12
                      ; - java.net.URLClassLoader::defineClass@220
                      ; - java.net.URLClassLoader$1::run@43
  0x000001d923f1cba4: 3805 59ff 

  0x000001d923f1cba8: ;   {other}
  0x000001d923f1cba8: 0f1f 8400 | 9826 0017 | 4885 c00f | 84bf 4f00 | 0048 ff74 | 2420 488f | 4424 5048 | 8bc8 e944 
  0x000001d923f1cbc8: fdff ff43 | 0fb6 6cc4 | 1085 ed0f | 856c 5300 | 0043 8b6c | c418 6690 

  0x000001d923f1cbe0: ; implicit exception: dispatches to 0x000001d923f24384
  0x000001d923f1cbe0: 418b 6cec | 188b dd48 | 894c 2478 | 4489 4c24 | 7044 8944 | 245c 4c89 | 5424 6044 | 895c 2458 
  0x000001d923f1cc00: 4c89 7424 | 5048 8944 | 24f8 8b44 | 246c 8944 | 2444 488b | 4424 f848 | 8944 24f8 | 8b44 2468 
  0x000001d923f1cc20: 8944 2440 | 488b 4424 | f848 897c | 2420 4c89 | 6c24 3045 | 8b5c ec18 | 4489 5c24 | 6866 6690 
  0x000001d923f1cc40: 4585 db7c | 0b45 3b64 | ec40 0f85 | 1b1b 0000 | 4788 64c4 | 1248 8944 | 24f8 8b44 | 2440 8944 
  0x000001d923f1cc60: 2468 488b | 4424 f844 | 8b5c 2458 | 4c8b 5424 | 60e9 97ed | ffff 4b8d | 34c4 488d | 9c24 1001 
  0x000001d923f1cc80: 0000 488b | 06a8 020f | 8523 0000 | 0048 83c8 | 0148 8903 | f048 0fb1 | 1e0f 8437 | 0000 0048 
  0x000001d923f1cca0: 2bc4 4825 

  0x000001d923f1cca4: ;   {no_reloc}
  0x000001d923f1cca4: 07f0 ffff | 4889 03e9 | 2400 0000 | 4c8b c848 | 33c0 f04d | 0fb1 793e | 48c7 0303 | 0000 0074 
  0x000001d923f1ccc4: 114c 3bf8 | 7515 49ff | 8186 0000 | 0048 33c0 | 7509 49ff | 8748 0500 | 0033 c090 | 0f85 1f4f 
  0x000001d923f1cce4: 0000 430f | b66c c410 | 85ed 0f85 | b852 0000 | 438b 4cc4 | 180f 1f80 | 0000 0000 

  0x000001d923f1cd00: ; implicit exception: dispatches to 0x000001d923f243d4
  0x000001d923f1cd00: 418b 4ccc | 1841 8b7c | cc18 85ff | 7c0b 453b | 64cc 400f | 852c 2000 | 0048 8d84 | 2410 0100 
  0x000001d923f1cd20: 0048 8338 | 000f 8479 | 0000 004c | 8b0e 41f6 | c102 0f84 | 6200 0000 | 4983 b986 | 0000 0000 
  0x000001d923f1cd40: 7409 49ff | 8986 0000 | 00eb 4b49 | 8b81 9600 | 0000 490b | 818e 0000 | 0075 0a49 | c741 3e00 
  0x000001d923f1cd60: 0000 00eb | 3d49 83b9 | 9e00 0000 | 0074 2248 | 33c0 49c7 | 413e 0000 | 0000 f083 | 0424 0049 
  0x000001d923f1cd80: 83b9 9e00 | 0000 0075 | 0df0 4d0f | b179 3e75 | 0583 c801 | eb0c a800 | eb08 4c8b | 08f0 4c0f 
  0x000001d923f1cda0: b10e 750a 

  0x000001d923f1cda4: ;   {no_reloc}
  0x000001d923f1cda4: 49ff 8f48 | 0500 0045 | 33c9 0f85 | 974e 0000 | 4788 64c4 | 12e9 77f1 | ffff 4889 | 5424 604c 
  0x000001d923f1cdc4: 894c 2458 | 4489 5c24 | 504c 8974 | 2440 4c89 | 6c24 3049 | 8bd5 c5f8 | 7748 b8ff | ffff ffff 
  0x000001d923f1cde4: ;   {virtual_call}
  0x000001d923f1cde4: ffff ffe8 

  0x000001d923f1cde8: ; ImmutableOopMap {[40]=Oop [48]=Oop [64]=Oop [72]=Oop [80]=NarrowOop [88]=Oop [104]=NarrowOop [108]=NarrowOop }
                      ;*invokevirtual getBytes {reexecute=0 rethrow=0 return_oop=1}
                      ; - java.net.URLClassLoader::defineClass@179
                      ; - java.net.URLClassLoader$1::run@43
  0x000001d923f1cde8: 941f 02ff 

  0x000001d923f1cdec: ;   {other}
  0x000001d923f1cdec: 0f1f 8400 | dc28 0018 | 4889 4424 | 78e9 d3f0 | ffff 6690 

  0x000001d923f1ce00: ;   {metadata('jdk/internal/loader/URLClassPath$FileLoader$1')}
  0x000001d923f1ce00: 4181 fb80 | 905d 000f | 85f8 4f00 | 0045 33db | e945 f1ff | ff66 6666 | 0f1f 8400 | 0000 0000 
  0x000001d923f1ce20: ;   {metadata('jdk/internal/loader/URLClassPath$FileLoader$1')}
  0x000001d923f1ce20: 4181 fb80 | 905d 000f | 8503 5000 | 0048 894c | 2428 498b | f58b 4e1c | 0f1f 8400 | 0000 0000 
  0x000001d923f1ce40: ; implicit exception: dispatches to 0x000001d923f24418
  0x000001d923f1ce40: 458b 5ccc | 0ce9 01e8 

  0x000001d923f1ce48: ;   {oop(""{0x0000000600401508})}
  0x000001d923f1ce48: ffff 49b9 | 0815 4000 | 0600 0000 | 48ba 0000 | 2d31 d901 | 0000 6690 | e988 edff 

  0x000001d923f1ce64: ;   {oop(""{0x0000000600401508})}
  0x000001d923f1ce64: ff48 bb08 | 1540 0006 | 0000 00e9 | 39f9 ffff | 0f1f 8400 | 0000 0000 | 6666 6690 

  0x000001d923f1ce80: ;   {metadata('jdk/internal/loader/URLClassPath$FileLoader$1')}
  0x000001d923f1ce80: 4181 f880 | 905d 000f | 859f 5100 | 004d 8bd5 | 498b 87b8 | 0100 0048 | 8bc8 4883 | c120 6690 
  0x000001d923f1cea0: 493b 8fc8 | 0100 000f | 83eb 2f00 | 0049 898f | b801 0000 | 0f0d 89c0 | 0000 0048 | c700 0100 
  0x000001d923f1cec0: ;   {metadata('java/io/FileInputStream')}
  0x000001d923f1cec0: 0000 c740 | 08e8 ee06 | 0044 8960 | 0c4c 8960 | 104c 8960 | 1848 8bd8 | 418b 4a18 | 498b 87b8 
  0x000001d923f1cee0: 0100 0048 | 8bf8 4883 | c710 493b | bfc8 0100 | 000f 8333 | 3000 0049 | 89bf b801 | 0000 0f0d 
  0x000001d923f1cf00: 8fc0 0000 | 0048 c700 | 0100 0000 

  0x000001d923f1cf0c: ;   {metadata('java/lang/Object')}
  0x000001d923f1cf0c: c740 0848 | 1204 0044 | 8960 0c4c | 896c 2430 | 4c89 7424 | 2044 895c | 2440 4c89 | 4c24 5048 
  0x000001d923f1cf2c: 8954 2458 | 4489 4424 | 444c 8954 | 2460 4889 | 5c24 708b | e94c 8b54 | 2470 4d8b | da4c 8bd0 
  0x000001d923f1cf4c: 49c1 ea03 | 4c8b 4424 | 7045 8950 | 1c4c 8bd0 | 4d33 d349 | c1ea 164d | 85d2 741e | 49c1 eb09 
  0x000001d923f1cf6c: 48b9 0000 | 2d31 d901 | 0000 4903 | cb80 3902 | 0f1f 4000 | 0f85 0329 | 0000 448b | dd45 8b4c 
  0x000001d923f1cf8c: ec10 470f | be54 cc10 | 418b f144 | 8bc5 418b | 6cec 1490 | 85ed 0f85 | 2f07 0000 | 4585 d20f 
  0x000001d923f1cfac: 85c3 5400 | 0043 8b6c | cc14 6666 | 0f1f 8400 | 0000 0000 

  0x000001d923f1cfc0: ; implicit exception: dispatches to 0x000001d923f244ec
  0x000001d923f1cfc0: 418b 5cec | 0cc4 622a | f7db 443b | db44 0f4f | db45 8bcb | 4585 db0f | 8ed5 0000 | 0066 6690 
  0x000001d923f1cfe0: 413b db0f | 82cf 5100 | 004d 8d14 | ec49 8d7c | ec10 418b | d333 c048 | 8bdf 83fa | 100f 8c79 
  0x000001d923f1d000: 0000 0083 | fa20 0f8c 

  0x000001d923f1d008: ;   {no_reloc}
  0x000001d923f1d008: 3600 0000 | c5f9 6ec0 | c4e2 7d78 | c0c5 f5ef | c98b ca83 | e1e0 83e2 | 1fc5 fe6f | 13c5 ed74 
  0x000001d923f1d028: d0c4 e27d | 17ca 0f83 | 6900 0000 | 4883 c320 | 83e9 2075 | e4e9 0d00 | 0000 c5f9 | 6ec0 c5f1 
  0x000001d923f1d048: efc9 c4e2 | 7900 c183 | fa10 0f8c | 2400 0000 | 8bca 83e1 | f083 e20f | c5fa 6f13 | c5e9 74d0 
  0x000001d923f1d068: c4e2 7917 | ca0f 832a | 0000 0048 | 83c3 1083 | e910 75e4 | 85d2 0f84 | 1200 0000 | 0fb6 0b3b 
  0x000001d923f1d088: c174 1c48 | 83c3 0183 | ea01 7402 | ebee bbff | ffff ffeb | 0dc5 fdd7 | ca0f bcc1 | 4803 d848 
  0x000001d923f1d0a8: 2bdf 85db | 0f8d 3354 | 0000 4180 | 7f40 000f | 85ad 2900 

  0x000001d923f1d0bc: ;   {oop(a 'java/io/File$PathStatus'{0x00000006004a38f8})}
  0x000001d923f1d0bc: 0043 c744 | c414 1f47 | 09c0 4f8d 

  0x000001d923f1d0c8: ;   {oop(a 'java/io/File$PathStatus'{0x00000006004a38f8})}
  0x000001d923f1d0c8: 14c4 49bb | f838 4a00 | 0600 0000 | 4d33 da49 | c1eb 160f | 1f44 0000 | 4d85 db74 | 1a49 c1ea 
  0x000001d923f1d0e8: 0948 b900 | 002d 31d9 | 0100 0049 | 03ca 8039 | 020f 85a9 | 2900 0049 | 8bbf b801 | 0000 4c8b 
  0x000001d923f1d108: df49 83c3 | 2844 8bd6 | 4b8d 14d4 | 0f1f 8400 | 0000 0000 | 6666 6690 | 4d3b 9fc8 | 0100 000f 
  0x000001d923f1d128: 8348 2e00 | 004d 899f | b801 0000 | 410f 0d8b | c000 0000 | 48c7 0701 

  0x000001d923f1d140: ;   {metadata('java/io/FileDescriptor')}
  0x000001d923f1d140: 0000 00c7 | 4708 b0f1 | 0600 4c89 | 6718 4c89 | 6720 c747 | 0cff ffff | ff48 c747 | 10ff ffff 
  0x000001d923f1d160: ff41 807f | 4000 0f85 | fc25 0000 | 4c8b 4c24 | 704c 8bc7 | 49c1 e803 | 4589 4110 | 4c8b df4d 
  0x000001d923f1d180: 8bc1 4d33 | d849 c1eb | 164d 85db | 741b 49c1 | e809 48b9 | 0000 2d31 | d901 0000 | 4903 c890 
  0x000001d923f1d1a0: 8039 020f | 853c 2700 | 0048 8d9c | 2418 0100 | 0048 8b07 | a802 0f85 | 2300 0000 | 4883 c801 
  0x000001d923f1d1c0: 4889 03f0 | 480f b11f | 0f84 3700 | 0000 482b | c448 2507 | f0ff ff48 | 8903 e924 | 0000 004c 
  0x000001d923f1d1e0: 8bd8 4833 | c0f0 4d0f | b17b 3e48 | c703 0300 | 0000 7411 | 4c3b f875 | 1549 ff83 | 8600 0000 
  0x000001d923f1d200: 4833 c075 | 0949 ff87 | 4805 0000 | 33c0 0f85 | 4c4e 0000 | 8b6f 1c85 | ed0f 858b | 5000 0090 
  0x000001d923f1d220: 4180 7f40 | 000f 858d | 2500 004c | 8bdf 4d8b | c149 c1e8 | 0344 8947 | 1c4d 8bc1 | 4d33 c349 
  0x000001d923f1d240: ;   {no_reloc}
  0x000001d923f1d240: c1e8 164d | 85c0 741e | 49c1 eb09 | 48b9 0000 | 2d31 d901 | 0000 4903 | cb80 3902 | 0f1f 4000 
  0x000001d923f1d260: 0f85 5127 | 0000 488d | 8424 1801 | 0000 4883 | 3800 0f84 | 7900 0000 | 4c8b 1f41 | f6c3 020f 
  0x000001d923f1d280: 8462 0000 | 0049 83bb | 8600 0000 | 0074 0949 | ff8b 8600 | 0000 eb4b | 498b 8396 | 0000 0049 
  0x000001d923f1d2a0: 0b83 8e00 | 0000 750a | 49c7 433e | 0000 0000 | eb3d 4983 | bb9e 0000 | 0000 7422 | 4833 c049 
  0x000001d923f1d2c0: c743 3e00 | 0000 00f0 | 8304 2400 | 4983 bb9e | 0000 0000 | 750d f04d | 0fb1 7b3e | 7505 83c8 
  0x000001d923f1d2e0: 01eb 0ca8 | 00eb 084c | 8b18 f04c | 0fb1 1f75 | 0a49 ff8f | 4805 0000 | 4533 db0f | 1f44 0000 
  0x000001d923f1d300: 0f85 a44d | 0000 4180 | 7f40 000f | 85f4 2400 | 0048 8bda | 4589 5114 | 418b fa4d | 8bd1 4c89 
  0x000001d923f1d320: 4c24 704c | 8bdb 4d33 | da49 c1eb 

  0x000001d923f1d32c: ;   {oop(a 'java/lang/Class'{0x0000000600edfc88} = 'jdk/internal/misc/VM')}
  0x000001d923f1d32c: 1648 be88 | fced 0006 | 0000 004d | 85db 741a | 49c1 ea09 | 48b9 0000 | 2d31 d901 | 0000 4903 
  0x000001d923f1d34c: ca80 3902 | 0f85 0f26 | 0000 8bae | 9400 0000 | 0f1f 4000 | 83fd 040f | 8c8f 4f00 | 004d 8b97 
  0x000001d923f1d36c: 7803 0000 | 498b 2a44 | 8b55 0866 | 0f1f 8400 | 0000 0000 

  0x000001d923f1d380: ;   {metadata('jdk/internal/misc/CarrierThread')}
  0x000001d923f1d380: 4181 fac0 | ea00 000f | 8467 4c00 | 0048 8b54 | 2470 4c8b | c366 6690 

  0x000001d923f1d398: ;   {optimized virtual_call}
  0x000001d923f1d398: c5f8 77e8 

  0x000001d923f1d39c: ; ImmutableOopMap {[32]=Oop [40]=Oop [48]=Oop [64]=NarrowOop [72]=Oop [80]=Oop [96]=Oop [104]=NarrowOop [108]=NarrowOop [112]=Oop }
                      ;*invokevirtual open0 {reexecute=0 rethrow=0 return_oop=0}
                      ; - java.io.FileInputStream::open@6
                      ; - java.io.FileInputStream::<init>@96
                      ; - jdk.internal.loader.URLClassPath$FileLoader$1::getInputStream@8
                      ; - jdk.internal.loader.Resource::cachedInputStream@9
                      ; - jdk.internal.loader.Resource::getByteBuffer@1
                      ; - java.net.URLClassLoader::defineClass@132
                      ; - java.net.URLClassLoader$1::run@43
  0x000001d923f1d39c: e016 02ff 

  0x000001d923f1d3a0: ;   {other}
  0x000001d923f1d3a0: 0f1f 8400 | 902e 0019 | 4c8b 4c24 | 7045 8b41 | 104f 8b5c | c410 4983 | fbff 660f | 1f44 0000 
  0x000001d923f1d3c0: 0f84 1350 | 0000 4c89 | 9c24 8000 | 0000 4489 | 4424 7849 | 8b87 b801 | 0000 438b | 6cc4 0c4c 
  0x000001d923f1d3e0: 8bd0 4983 | c238 4f8d | 1cc4 4c89 | 9c24 8800 | 0000 6666 | 0f1f 8400 | 0000 0000 | 6666 6690 
  0x000001d923f1d400: 4d3b 97c8 | 0100 000f | 839b 2b00 | 004d 8997 | b801 0000 | 410f 0d8a | c000 0000 | 48c7 0001 
  0x000001d923f1d420: ;   {metadata('java/io/FileCleanable')}
  0x000001d923f1d420: 0000 00c7 | 4008 e06c | 0800 4489 | 600c 4c89 | 6010 4c89 | 6018 4c89 | 6020 4c89 | 6028 4c89 
  0x000001d923f1d440: 6030 4c8b | d04c 8994 | 2490 0000 

  0x000001d923f1d44c: ;   {oop(a 'java/lang/ref/Cleaner'{0x000000060042a370})}
  0x000001d923f1d44c: 0049 b970 | a342 0006 | 0000 0049 | 8bd2 4c8b | 8424 8800 | 0000 6690 

  0x000001d923f1d464: ;   {optimized virtual_call}
  0x000001d923f1d464: c5f8 77e8 

  0x000001d923f1d468: ; ImmutableOopMap {[32]=Oop [40]=Oop [48]=Oop [64]=NarrowOop [72]=Oop [80]=Oop [96]=Oop [104]=NarrowOop [108]=NarrowOop [112]=Oop [120]=NarrowOop [136]=Oop [144]=Oop }
                      ;*invokespecial <init> {reexecute=0 rethrow=0 return_oop=0}
                      ; - java.io.FileCleanable::<init>@3
                      ; - java.io.FileCleanable::register@42
                      ; - java.io.FileInputStream::<init>@103
                      ; - jdk.internal.loader.URLClassPath$FileLoader$1::getInputStream@8
                      ; - jdk.internal.loader.Resource::cachedInputStream@9
                      ; - jdk.internal.loader.Resource::getByteBuffer@1
                      ; - java.net.URLClassLoader::defineClass@132
                      ; - java.net.URLClassLoader$1::run@43
  0x000001d923f1d468: 1416 02ff 

  0x000001d923f1d46c: ;   {other}
  0x000001d923f1d46c: 0f1f 8400 | 5c2f 001a | 4c8b 8c24 | 9000 0000 | 4189 6930 | 4c8b 9424 | 8000 0000 | 4d89 5128 
  0x000001d923f1d48c: 488b bc24 | 8800 0000 | 488d 9c24 | 1801 0000 | 488b 07a8 | 020f 8523 | 0000 0048 | 83c8 0148 
  0x000001d923f1d4ac: 8903 f048 | 0fb1 1f0f | 8437 0000 | 0048 2bc4 | 4825 07f0 | ffff 4889 | 03e9 2400 | 0000 4c8b 
  0x000001d923f1d4cc: d048 33c0 | f04d 0fb1 | 7a3e 48c7 | 0303 0000 | 0074 114c | 3bf8 7515 | 49ff 8286 | 0000 0048 
  0x000001d923f1d4ec: 33c0 7509 | 49ff 8748 | 0500 0033 | c00f 85e8 | 4b00 0044 | 8b44 2478 | 438b 6cc4 | 2485 ed0f 
  0x000001d923f1d50c: 851f 4f00 | 0041 807f | 4000 0f85 | 3523 0000 | 4c8b d74d | 8bd9 49c1 | eb03 4789 | 5cc4 244d 
  0x000001d923f1d52c: 8bd9 4d33 | da49 c1eb | 164d 85db | 741a 49c1 | ea09 48b9 | 0000 2d31 | d901 0000 | 4903 ca80 
  0x000001d923f1d54c: 3902 0f85 | c524 0000 | 488d 8424 | 1801 0000 | 4883 3800 | 0f84 7900 | 0000 4c8b 

  0x000001d923f1d568: ;   {no_reloc}
  0x000001d923f1d568: 1741 f6c2 | 020f 8462 | 0000 0049 | 83ba 8600 | 0000 0074 | 0949 ff8a | 8600 0000 | eb4b 498b 
  0x000001d923f1d588: 8296 0000 | 0049 0b82 | 8e00 0000 | 750a 49c7 | 423e 0000 | 0000 eb3d | 4983 ba9e | 0000 0000 
  0x000001d923f1d5a8: 7422 4833 | c049 c742 | 3e00 0000 | 00f0 8304 | 2400 4983 | ba9e 0000 | 0000 750d | f04d 0fb1 
  0x000001d923f1d5c8: 7a3e 7505 | 83c8 01eb | 0ca8 00eb | 084c 8b10 | f04c 0fb1 | 1775 0a49 | ff8f 4805 | 0000 4533 
  0x000001d923f1d5e8: d20f 8536 | 4b00 0048 | 8b5c 2470 | e9da e6ff 

  0x000001d923f1d5f8: ;   {oop(""{0x0000000600401508})}
  0x000001d923f1d5f8: ff48 bb08 | 1540 0006 | 0000 00e9 | a5f1 ffff 

  0x000001d923f1d608: ;   {oop(""{0x0000000600401508})}
  0x000001d923f1d608: 48bd 0815 | 4000 0600 | 0000 e915 | e3ff ff43 | 8d0c 1285 | c966 6690 | 0f8c 454c | 0000 443b 
  0x000001d923f1d628: c10f 823c | 4c00 0049 | 8bf1 488b | fa41 8bd2 | 8bca 83e1 | 0f83 e2f0 | 741c 488d | 3416 488d 
  0x000001d923f1d648: 3c57 48f7 | dac4 e27d | 3004 16c5 | fe7f 0457 | 4883 c210 | 75ef 8bd1 | 83e1 0783 | e2f8 7427 
  0x000001d923f1d668: c4e2 7930 | 06c5 fa7f | 0748 83c6 | 0848 83c7 | 10e9 1100 | 0000 c4e2 | 7930 0416 | c5fa 7f04 
  0x000001d923f1d688: 5748 83c2 | 0875 ef8b | d183 fa04 | 7c19 c5f9 | 6e06 c4e2 | 7930 c0c5 | f9d6 0748 | 83ea 0448 
  0x000001d923f1d6a8: 83c6 0448 | 83c7 0885 | d274 1848 | 8d34 1648 | 8d3c 5748 | f7da 0fb6 | 0c16 6689 | 0c57 48ff 
  0x000001d923f1d6c8: c275 f3e9 | f3dd ffff | 33ff e94d | dfff ff66 | 0f1f 8400 | 0000 0000 

  0x000001d923f1d6e0: ;   {oop(a 'java/io/File$PathStatus'{0x0000000600edfba8})}
  0x000001d923f1d6e0: 81fd 75bf | 1dc0 0f85 | 13fa ffff | ba45 ffff | ff4c 8b54 | 2448 4c89 | 5424 2044 | 8b54 2468 
  0x000001d923f1d700: 4489 5424 | 4444 8b5c | 246c 4489 | 5c24 4844 | 894c 244c 

  0x000001d923f1d714: ;   {runtime_call UncommonTrapBlob}
  0x000001d923f1d714: c5f8 77e8 

  0x000001d923f1d718: ; ImmutableOopMap {rbp=NarrowOop [32]=Oop [48]=Oop [64]=NarrowOop [68]=NarrowOop [72]=NarrowOop [76]=NarrowOop [96]=Oop [112]=Oop }
                      ;*if_acmpne {reexecute=1 rethrow=0 return_oop=0}
                      ; - (reexecute) java.io.File::isInvalid@38
                      ; - java.io.FileInputStream::<init>@54
                      ; - jdk.internal.loader.URLClassPath$FileLoader$1::getInputStream@8
                      ; - jdk.internal.loader.Resource::cachedInputStream@9
                      ; - jdk.internal.loader.Resource::getByteBuffer@1
                      ; - java.net.URLClassLoader::defineClass@132
                      ; - java.net.URLClassLoader$1::run@43
  0x000001d923f1d718: e46e 02ff 

  0x000001d923f1d71c: ;   {other}
  0x000001d923f1d71c: 0f1f 8400 | 0c32 001b | 4c8b c545 | 8b58 2045 | 85db 0f84 | bae8 ffff | 4d8b 5728 | 498b cb48 
  0x000001d923f1d73c: c1e1 0390 | 4d85 d20f | 845b 2c00 | 004d 8b5f | 384b 894c | 13f8 4983 | c2f8 4d89 | 5728 e98f 
  0x000001d923f1d75c: e8ff ff4d | 8b57 584d | 8b5f 48f0 | 8344 24c0 | 0080 3900 | 0f84 b4e8 | ffff 4488 | 214d 85db 
  0x000001d923f1d77c: 7527 498b | d849 8bd7 | c5f8 7749 | ba50 eea5 | 3ef8 7f00 | 0041 ffd2 

  0x000001d923f1d794: ;   {other}
  0x000001d923f1d794: 0f1f 8400 | 0000 0000 | 4c8b c390 | e985 e8ff | ff4b 894c | 1af8 4983 | c3f8 4d89 | 5f48 e973 
  0x000001d923f1d7b4: ;   {oop(""{0x0000000600401508})}
  0x000001d923f1d7b4: e8ff ff49 | b908 1540 | 0006 0000 | 0048 bb00 | 002d 31d9 | 0100 00e9 | 51e2 ffff | 448b 5314 
  0x000001d923f1d7d4: 4585 d20f | 848f efff | ff4d 8b47 | 2849 8bca | 48c1 e103 | 4d85 c00f | 844b 3100 | 004d 8b57 
  0x000001d923f1d7f4: 384b 894c | 02f8 4983 | c0f8 4d89 | 4728 e965 | efff ff4d | 8b57 584d | 8b47 48f0 | 8344 24c0 
  0x000001d923f1d814: 0080 3900 | 0f84 8bef | ffff 4488 | 214d 85c0 | 7532 488b | eb41 8bf3 | 498b d949 | 8bd7 c5f8 
  0x000001d923f1d834: 7749 ba50 | eea5 3ef8 | 7f00 0041 

  0x000001d923f1d840: ;   {other}
  0x000001d923f1d840: ffd2 0f1f | 8400 0000 | 0000 4c8b | cb44 8bde | 488b dde9 | 51ef ffff | 4b89 4c02 | f849 83c0 
  0x000001d923f1d860: f84d 8947 | 48e9 3fef | ffff 488b | 6c24 6044 | 8b5d 1445 | 85db 0f84 | 61e0 ffff | 4d8b 5728 
  0x000001d923f1d880: 498b cb48 | c1e1 034d | 85d2 0f84 | de30 0000 | 4d8b 5f38 | 4b89 4c13 | f849 83c2 | f84d 8957 
  0x000001d923f1d8a0: 28e9 37e0 | ffff 4d8b | 5748 4d8b | 5f58 f083 | 4424 c000 | 8039 000f | 8457 e0ff | ff44 8821 
  0x000001d923f1d8c0: 4d85 d275 | 2049 8bd7 | c5f8 7749 | ba50 eea5 | 3ef8 7f00 | 0041 ffd2 

  0x000001d923f1d8d8: ;   {other}
  0x000001d923f1d8d8: 0f1f 8400 | 0000 0000 | e92f e0ff | ff4b 894c | 13f8 4983 | c2f8 4d89 | 5748 e91d | e0ff ff4c 
  0x000001d923f1d8f8: 8b6c 2430 | 458b 550c | 4585 d20f | 84da e3ff | ff4d 8b5f | 2849 8bca | 48c1 e103 | 4d85 db0f 
  0x000001d923f1d918: 84f3 3000 | 004d 8b57 | 384b 894c | 1af8 4983 | c3f8 4d89 | 5f28 e9b0 | e3ff ff4d | 8b57 484d 
  0x000001d923f1d938: 8b5f 58f0 | 8344 24c0 | 0080 3900 | 0f84 dfe3 | ffff 4488 | 214d 85d2 | 7520 498b | d7c5 f877 
  0x000001d923f1d958: 49ba 50ee | a53e f87f | 0000 41ff 

  0x000001d923f1d964: ;   {other}
  0x000001d923f1d964: d20f 1f84 | 0000 0000 | 00e9 b7e3 | ffff 4b89 | 4c13 f849 | 83c2 f84d | 8957 4890 | e9a4 e3ff 
  0x000001d923f1d984: ff33 c0e9 | 15ef ffff | 4c8b 5424 | 5045 8b5a | 3c45 85db | 0f84 32f0 | ffff 4d8b | 5728 498b 
  0x000001d923f1d9a4: cb48 c1e1 | 034d 85d2 | 0f84 ee38 | 0000 4d8b | 5f38 4b89 | 4c13 f849 | 83c2 f84d | 8957 28e9 
  0x000001d923f1d9c4: 08f0 ffff | 4d8b 5748 | 4d8b 5f58 | f083 4424 | c000 4180 | 3800 660f | 1f44 0000 | 0f84 2ef0 
  0x000001d923f1d9e4: ffff 4588 | 204d 85d2 | 7523 498b | c849 8bd7 | c5f8 7749 | ba50 eea5 | 3ef8 7f00 | 0041 ffd2 
  0x000001d923f1da04: ;   {other}
  0x000001d923f1da04: 0f1f 8400 | 0000 0000 | e903 f0ff | ff4f 8944 | 13f8 4983 | c2f8 4d89 | 5748 6690 | e9ef efff 
  0x000001d923f1da24: ff48 895c | 2470 4489 | 5c24 2049 | 8bd9 4c63 | c54d 8d58 | 104d 8bcb | 4983 e1f8 | 498b fd49 
  0x000001d923f1da44: 03f9 49c1 | eb03 492b | cb48 33c0 | 4883 f908 | 7f10 48ff | c978 4f48 | 8904 cf48 | ffc9 7df7 
  0x000001d923f1da64: eb44 c5fd | efc0 e90d | 0000 00c5 | fe7f 07c5 | fe7f 4720 | 4883 c740 | 4883 e908 | 7ded 4883 
  0x000001d923f1da84: c104 7c0c | c5fe 7f07 | 4883 c720 | 4883 e904 | 4883 c104 | 7e10 48ff | c9c5 f9d6 | 0748 83c7 
  0x000001d923f1daa4: 0848 ffc9 | 7df3 498b | cec5 f877 | 49ba c07a | f222 d901 | 0000 41ff 

  0x000001d923f1dabc: ;   {other}
  0x000001d923f1dabc: d20f 1f84 | 0000 0000 | 004c 8bcb | 448b 5c24 | 2048 8b5c | 2470 e98a | ecff ff49 | 8bd8 4d8b 
  0x000001d923f1dadc: d34c 63c5 | 4d8d 5810 | 4d8b cb49 | 83e1 f848 | 8bfb 4903 | f949 c1eb | 034d 2bd3 | 498b ca48 
  0x000001d923f1dafc: 33c0 4883 | f908 7f10 | 48ff c978 | 4f48 8904 | cf48 ffc9 | 7df7 eb44 | c5fd efc0 | e90d 0000 
  0x000001d923f1db1c: 00c5 fe7f | 07c5 fe7f | 4720 4883 | c740 4883 | e908 7ded | 4883 c104 | 7c0c c5fe | 7f07 4883 
  0x000001d923f1db3c: c720 4883 | e904 4883 | c104 7e10 | 48ff c9c5 | f9d6 0748 | 83c7 0848 | ffc9 7df3 | 488b 4c24 
  0x000001d923f1db5c: 70c5 f877 | 49ba c07a | f222 d901 | 0000 41ff 

  0x000001d923f1db6c: ;   {other}
  0x000001d923f1db6c: d20f 1f84 | 0000 0000 | 004c 8bc3 | e950 ddff | ff45 8b5c | cc0c 458b | 44cc 0849 | 63fb 498d 
  0x000001d923f1db8c: 2ccc 48c1 | e702 6666 | 0f1f 8400 | 0000 0000 | 6666 6690 | 4181 fb00 | 0004 000f | 87b9 3e00 
  0x000001d923f1dbac: 0089 4c24 | 7848 899c | 2480 0000 | 004c 894c | 2470 4889 | 4424 f88b | 4424 6c89 | 4424 6848 
  0x000001d923f1dbcc: 8b44 24f8 | 4d8b 97b8 | 0100 004c | 8bcf 4889 | 7c24 2049 | 83c1 1749 | 83e1 f849 | 8bca 4903 
  0x000001d923f1dbec: c949 3b8f | c801 0000 | 0f83 943e | 0000 4989 | 8fb8 0100 | 000f 0d89 | c000 0000 | 49c7 0201 
  0x000001d923f1dc0c: 0000 0045 | 8942 0845 | 895a 0c0f | 0d89 0001 | 0000 0f0d | 8940 0100 | 000f 0d89 | 8001 0000 
  0x000001d923f1dc2c: 448b 5c24 | 784b 8d4c | dc10 498b | d248 83c2 | 1049 8bda | 4c8b 5424 | 2049 83c2 | 0749 c1ea 
  0x000001d923f1dc4c: 034d 8bc2 | c5f8 7749 | ba60 81f2 | 22d9 0100 | 0041 ffd2 

  0x000001d923f1dc60: ;   {other}
  0x000001d923f1dc60: 0f1f 8400 | 0000 0000 | e9d5 0200 | 0049 8b87 | b801 0000 | 4c8b d049 | 83c2 184b | 8d14 dc90 
  0x000001d923f1dc80: 4d3b 97c8 | 0100 000f | 83d7 4100 | 004d 8997 | b801 0000 | 410f 0d8a | c000 0000 | 48c7 0001 
  0x000001d923f1dca0: ;   {metadata('java/util/ArrayList')}
  0x000001d923f1dca0: 0000 00c7 | 4008 2872 | 0500 4489 | 600c 4489 

  0x000001d923f1dcb0: ;   {oop(a 'java/lang/Object'[0] {0x000000060045f838})}
  0x000001d923f1dcb0: 6010 c740 | 1407 bf08 | c048 8bc8 | 458b 44fc | 0c45 85c0 | 0f86 ce00 | 0000 4533 | c0eb 1c90 
  0x000001d923f1dcd0: 896c 246c | 4c8b 4c24 | 2048 8b5c | 2470 488b | 5424 7848 | 8b8c 2480 | 0000 0041 | 8b74 fc0c 
  0x000001d923f1dcf0: 443b c60f | 83db 4900 | 004d 8d14 | fc47 8b54 | 8210 438b | 7cd4 1045 | 8b54 fc10 | 4489 8424 
  0x000001d923f1dd10: 8800 0000 | 4889 8c24 | 8000 0000 | 4889 5424 | 7848 895c | 2470 4489 | 5c24 684c | 894c 2420 
  0x000001d923f1dd30: 8b6c 246c | 4d8b c249 | c1e0 0348 | 8bd1 6690 

  0x000001d923f1dd40: ;   {optimized virtual_call}
  0x000001d923f1dd40: c5f8 77e8 

  0x000001d923f1dd44: ; ImmutableOopMap {rbp=NarrowOop [32]=Oop [40]=Oop [48]=Oop [56]=Oop [64]=Oop [72]=Oop [80]=NarrowOop [88]=Oop [104]=NarrowOop [112]=Oop [120]=Oop [128]=Oop }
                      ;*invokevirtual addAll {reexecute=0 rethrow=0 return_oop=0}
                      ; - java.security.CodeSource::getCertificates@57
                      ; - java.lang.ClassLoader::checkCerts@34
                      ; - java.lang.ClassLoader::preDefineClass@113
                      ; - java.lang.ClassLoader::defineClass@4
                      ; - java.security.SecureClassLoader::defineClass@12
                      ; - java.net.URLClassLoader::defineClass@220
                      ; - java.net.URLClassLoader$1::run@43
  0x000001d923f1dd44: 380d 02ff 

  0x000001d923f1dd48: ;   {other}
  0x000001d923f1dd48: 0f1f 8400 | 3838 001c | 4d8b 8f50 | 0400 0044 | 8b5c 2468 | 438b 7cdc | 1044 8b84 | 2488 0000 
  0x000001d923f1dd68: ; ImmutableOopMap {r11=NarrowOop rdi=NarrowOop rbp=NarrowOop [32]=Oop [40]=Oop [48]=Oop [56]=Oop [64]=Oop [72]=Oop [80]=NarrowOop [88]=Oop [112]=Oop [120]=Oop [128]=Oop }
                      ;*goto {reexecute=1 rethrow=0 return_oop=0}
                      ; - (reexecute) java.security.CodeSource::getCertificates@64
                      ; - java.lang.ClassLoader::checkCerts@34
                      ; - java.lang.ClassLoader::preDefineClass@113
                      ; - java.lang.ClassLoader::defineClass@4
                      ; - java.security.SecureClassLoader::defineClass@12
                      ; - java.net.URLClassLoader::defineClass@220
                      ; - java.net.URLClassLoader$1::run@43
  0x000001d923f1dd68: 0041 ffc0 

  0x000001d923f1dd6c: ;   {poll}
  0x000001d923f1dd6c: 4185 0145 | 8b4c fc0c | 453b c10f | 8c53 ffff | ff89 6c24 | 6c4c 8b4c | 2420 488b | 5c24 7048 
  0x000001d923f1dd8c: 8b54 2478 | 488b 8c24 | 8000 0000 | 498b 87b8 | 0100 004c | 8bd0 4983 | c210 4d3b | 97c8 0100 
  0x000001d923f1ddac: 000f 8309 | 4100 004d | 8997 b801 | 0000 410f | 0d8a c000 | 0000 48c7 | 0001 0000 | 0041 0f0d 
  0x000001d923f1ddcc: 8a00 0100 

  0x000001d923f1ddd0: ;   {metadata('java/security/cert/Certificate'[])}
  0x000001d923f1ddd0: 00c7 4008 | 308f 0200 | 410f 0d8a | 4001 0000 | 4489 600c | 410f 0d8a | 8001 0000 | 4889 4424 
  0x000001d923f1ddf0: f88b 4424 | 6c89 4424 | 6848 8b44 | 24f8 4c89 | 4c24 7044 | 895c 2478 | 4889 9c24 | 8000 0000 
  0x000001d923f1de10: 488b ea48 | 894c 2420 | 4c8b c048 | 8b54 2420 

  0x000001d923f1de20: ;   {optimized virtual_call}
  0x000001d923f1de20: c5f8 77e8 

  0x000001d923f1de24: ; ImmutableOopMap {rbp=Oop [40]=Oop [48]=Oop [56]=Oop [64]=Oop [72]=Oop [80]=NarrowOop [88]=Oop [104]=NarrowOop [112]=Oop [120]=NarrowOop [128]=Oop }
                      ;*invokevirtual toArray {reexecute=0 rethrow=0 return_oop=1}
                      ; - java.security.CodeSource::getCertificates@73
                      ; - java.lang.ClassLoader::checkCerts@34
                      ; - java.lang.ClassLoader::preDefineClass@113
                      ; - java.lang.ClassLoader::defineClass@4
                      ; - java.security.SecureClassLoader::defineClass@12
                      ; - java.net.URLClassLoader::defineClass@220
                      ; - java.net.URLClassLoader$1::run@43
  0x000001d923f1de24: 580c 02ff 

  0x000001d923f1de28: ;   {other}
  0x000001d923f1de28: 0f1f 8400 | 1839 001e | 4c8b c044 | 8b58 0866 | 0f1f 8400 | 0000 0000 

  0x000001d923f1de40: ;   {metadata('java/security/cert/Certificate'[])}
  0x000001d923f1de40: 4181 fb30 | 8f02 000f | 8517 6000 | 0041 807f | 4000 0f85 | 1b35 0000 | 448b 5424 | 784c 8bdd 
  0x000001d923f1de60: 4d8b c849 | c1e9 0347 | 894c d414 | 4d8b c84d | 33cb 49c1 | e916 4d85 | c974 1a49 | c1eb 0948 
  0x000001d923f1de80: b900 002d | 31d9 0100 | 0049 03cb | 8039 020f | 851e 3500 | 0041 8b48 | 0c45 8b58 | 0848 63f9 
  0x000001d923f1dea0: 48c1 e702 | 81f9 0000 | 0400 0f87 | 5d40 0000 | 498b 9fb8 | 0100 004c | 8d57 1749 | 83e2 f84c 
  0x000001d923f1dec0: 8bcb 4d03 | ca4d 3b8f | c801 0000 | 0f83 3b40 | 0000 4d89 | 8fb8 0100 | 0041 0f0d | 89c0 0000 
  0x000001d923f1dee0: 0048 c703 | 0100 0000 | 4489 5b08 | 894b 0c41 | 0f0d 8900 | 0100 0041 | 0f0d 8940 | 0100 0041 
  0x000001d923f1df00: 0f0d 8980 | 0100 004c | 8944 2478 | 488b ef48 | 8b4c 2478 | 4883 c110 | 488b d348 | 83c2 104c 
  0x000001d923f1df20: 8d55 0749 | c1ea 034d | 8bc2 c5f8 | 7749 ba60 | 81f2 22d9 | 0100 0041 

  0x000001d923f1df38: ;   {other}
  0x000001d923f1df38: ffd2 0f1f | 8400 0000 | 0000 4c8b | d348 8944 | 24f8 8b44 | 2468 8944 | 246c 488b | 4424 f84c 
  0x000001d923f1df58: 8b4c 2470 | 488b 9c24 | 8000 0000 | 4d8b c2e9 | 6ae8 ffff 

  0x000001d923f1df6c: ;   {metadata('jdk/internal/loader/URLClassPath$FileLoader$1')}
  0x000001d923f1df6c: 4181 fa80 | 905d 000f | 85cf 4700 

  0x000001d923f1df78: ;   {oop(""{0x0000000600401508})}
  0x000001d923f1df78: 0049 ba08 | 1540 0006 | 0000 0049 | b800 002d | 31d9 0100 | 0033 c048 | 897c 2420 | 4c89 5424 
  0x000001d923f1df98: 584c 8944 | 2460 6690 | e98e dbff | ff43 0fb6 | 6cc4 1185 | ed0f 8579 | daff ff48 | 894c 2478 
  0x000001d923f1dfb8: 4489 4424 | 544c 8954 | 2470 4889 | 5c24 604c | 894c 2458 | 4489 5c24 | 504c 8974 | 2440 4889 
  0x000001d923f1dfd8: 4424 f88b | 4424 6c89 | 4424 2448 | 8b44 24f8 | 4889 4424 | f88b 4424 | 6889 4424 | 2048 8b44 
  0x000001d923f1dff8: 24f8 488b | ef4c 896c | 2430 4c89 | 5424 6890 

  0x000001d923f1e008: ;   {static_call}
  0x000001d923f1e008: c5f8 77e8 

  0x000001d923f1e00c: ; ImmutableOopMap {[32]=NarrowOop [36]=NarrowOop [40]=Oop [48]=Oop [64]=Oop [72]=Oop [80]=NarrowOop [84]=NarrowOop [88]=Oop [104]=Oop [112]=Oop [120]=Oop [248]=Oop }
                      ;*invokestatic beginInit {reexecute=0 rethrow=0 return_oop=1}
                      ; - java.util.jar.JarFile::ensureInitialization@31
                      ; - java.util.jar.JavaUtilJarAccessImpl::ensureInitialization@1
                      ; - jdk.internal.loader.URLClassPath$JarLoader$2::getManifest@10
                      ; - java.net.URLClassLoader::defineClass@34
                      ; - java.net.URLClassLoader$1::run@43
  0x000001d923f1e00c: 7010 02ff 

  0x000001d923f1e010: ;   {other}
  0x000001d923f1e010: 0f1f 8400 | 003b 001f | 4889 4424 | 6848 8b54 | 2478 6690 

  0x000001d923f1e024: ;   {optimized virtual_call}
  0x000001d923f1e024: c5f8 77e8 

  0x000001d923f1e028: ; ImmutableOopMap {[32]=NarrowOop [36]=NarrowOop [40]=Oop [48]=Oop [64]=Oop [72]=Oop [80]=NarrowOop [84]=NarrowOop [88]=Oop [104]=Oop [112]=Oop [120]=Oop [248]=Oop }
                      ;*invokevirtual initializeVerifier {reexecute=0 rethrow=0 return_oop=0}
                      ; - java.util.jar.JarFile::ensureInitialization@36
                      ; - java.util.jar.JavaUtilJarAccessImpl::ensureInitialization@1
                      ; - jdk.internal.loader.URLClassPath$JarLoader$2::getManifest@10
                      ; - java.net.URLClassLoader::defineClass@34
                      ; - java.net.URLClassLoader$1::run@43
  0x000001d923f1e028: 540a 02ff 

  0x000001d923f1e02c: ;   {other}
  0x000001d923f1e02c: 0f1f 8400 | 1c3b 0020 | 448b 5424 | 5443 c644 | d411 0148 | 8b54 2468 | 48ff 7424 | 7048 8f44 
  0x000001d923f1e04c: 2468 6690 

  0x000001d923f1e050: ;   {static_call}
  0x000001d923f1e050: c5f8 77e8 

  0x000001d923f1e054: ; ImmutableOopMap {[32]=NarrowOop [36]=NarrowOop [40]=Oop [48]=Oop [64]=Oop [72]=Oop [80]=NarrowOop [88]=Oop [104]=Oop [112]=Oop [120]=Oop [248]=Oop }
                      ;*invokestatic endInit {reexecute=0 rethrow=0 return_oop=0}
                      ; - java.util.jar.JarFile::ensureInitialization@45
                      ; - java.util.jar.JavaUtilJarAccessImpl::ensureInitialization@1
                      ; - jdk.internal.loader.URLClassPath$JarLoader$2::getManifest@10
                      ; - java.net.URLClassLoader::defineClass@34
                      ; - java.net.URLClassLoader$1::run@43
  0x000001d923f1e054: 2810 02ff 

  0x000001d923f1e058: ;   {other}
  0x000001d923f1e058: 0f1f 8400 | 483b 0021 | 4c8b 6c24 | 3048 8bfd | 4889 4424 | f88b 4424 | 2089 4424 | 6848 8b44 
  0x000001d923f1e078: 24f8 4889 | 4424 f88b | 4424 2489 | 4424 6c48 | 8b44 24f8 | 4c8b 7424 | 4044 8b5c | 2450 4c8b 
  0x000001d923f1e098: 4c24 5848 | 8b5c 2460 | 4c8b 5424 | 7048 8b4c | 2478 e97d | d9ff ff48 | 8b54 2450 | 4c8b c090 
  0x000001d923f1e0b8: ;   {optimized virtual_call}
  0x000001d923f1e0b8: c5f8 77e8 

  0x000001d923f1e0bc: ; ImmutableOopMap {[48]=Oop [72]=Oop [80]=Oop }
                      ;*invokevirtual setSigners {reexecute=0 rethrow=0 return_oop=0}
                      ; - java.lang.ClassLoader::setSigners@2
                      ; - java.lang.ClassLoader::postDefineClass@35
                      ; - java.lang.ClassLoader::defineClass@37
                      ; - java.security.SecureClassLoader::defineClass@12
                      ; - java.net.URLClassLoader::defineClass@220
                      ; - java.net.URLClassLoader$1::run@43
  0x000001d923f1e0bc: c009 02ff 

  0x000001d923f1e0c0: ;   {other}
  0x000001d923f1e0c0: 0f1f 8400 | b03b 0022 | e9a0 e9ff | ff45 8b59 | 0c4d 63d3 | 49c1 e202 | 0f1f 8400 | 0000 0000 
  0x000001d923f1e0e0: 4181 fb00 | 0004 000f | 8758 3a00 | 0049 8bea | 4c89 4424 | 704c 894c | 2450 4d8b | 97b8 0100 
  0x000001d923f1e100: 004c 8d45 | 1749 83e0 | f84d 8bca | 4d03 c84d | 3b8f c801 | 0000 0f83 | 363a 0000 | 4d89 8fb8 
  0x000001d923f1e120: 0100 0041 | 0f0d 89c0 | 0000 0049 | c702 0100 | 0000 410f | 0d89 0001 

  0x000001d923f1e138: ;   {metadata('java/security/CodeSigner'[])}
  0x000001d923f1e138: 0000 41c7 | 4208 f0d5 | 5d00 4589 | 5a0c 410f | 0d89 4001 | 0000 410f | 0d89 8001 | 0000 488b 
  0x000001d923f1e158: 4c24 5048 | 83c1 1049 | 8bd2 4883 | c210 498b | da4c 8d55 | 0749 c1ea | 034d 8bc2 | c5f8 7749 
  0x000001d923f1e178: ba60 81f2 | 22d9 0100 | 0041 ffd2 

  0x000001d923f1e184: ;   {other}
  0x000001d923f1e184: 0f1f 8400 | 0000 0000 | 4180 7f40 | 000f 8599 | 2800 004c | 8b44 2470 | 4c8b db4d | 8bd3 49c1 
  0x000001d923f1e1a4: ea03 4589 | 5010 4d8b | d04d 33da | 49c1 eb16 | 4d85 db74 | 1a49 c1ea | 0948 b900 | 002d 31d9 
  0x000001d923f1e1c4: 0100 0049 | 03ca 8039 | 020f 859d | 2800 004c | 8984 2480 | 0000 000f | 1f44 0000 | e95b deff 
  0x000001d923f1e1e4: ff4c 8944 | 2470 488b | 5424 284c | 8b84 24f8 | 0000 004c | 8b4c 2420 | 488b 7c24 | 2048 8b74 
  0x000001d923f1e204: 2420 488b | 4c24 204c | 890c 244c | 894c 2408 | 4c89 4c24 | 1066 6690 

  0x000001d923f1e21c: ;   {optimized virtual_call}
  0x000001d923f1e21c: c5f8 77e8 

  0x000001d923f1e220: ; ImmutableOopMap {[40]=Oop [48]=Oop [64]=Oop [72]=Oop [80]=NarrowOop [88]=Oop [104]=NarrowOop [108]=NarrowOop [112]=Oop [248]=Oop }
                      ;*invokevirtual definePackage {reexecute=0 rethrow=0 return_oop=1}
                      ; - java.net.URLClassLoader::defineClass@81
                      ; - java.net.URLClassLoader$1::run@43
  0x000001d923f1e220: 5c08 02ff 

  0x000001d923f1e224: ;   {other}
  0x000001d923f1e224: 0f1f 8400 | 143d 0023 | e933 e9ff | ff4c 895c | 2420 4c89 | 5424 3049 | 8bd3 6690 

  0x000001d923f1e240: ;   {optimized virtual_call}
  0x000001d923f1e240: c5f8 77e8 

  0x000001d923f1e244: ; ImmutableOopMap {rbp=NarrowOop [32]=Oop [40]=Oop [48]=Oop [64]=Oop [72]=Oop [80]=NarrowOop [88]=Oop [104]=NarrowOop [108]=NarrowOop [120]=Oop }
                      ;*invokevirtual realEntry {reexecute=0 rethrow=0 return_oop=1}
                      ; - java.util.jar.JarFile$JarFileEntry::getCodeSigners@46
                      ; - jdk.internal.loader.URLClassPath$JarLoader$2::getCodeSigners@4
                      ; - java.net.URLClassLoader::defineClass@185
                      ; - java.net.URLClassLoader$1::run@43
  0x000001d923f1e244: 3808 02ff 

  0x000001d923f1e248: ;   {other}
  0x000001d923f1e248: 0f1f 8400 | 383d 0024 | 498d 14ec | 4c8b c090 

  0x000001d923f1e258: ;   {optimized virtual_call}
  0x000001d923f1e258: c5f8 77e8 

  0x000001d923f1e25c: ; ImmutableOopMap {[32]=Oop [40]=Oop [48]=Oop [64]=Oop [72]=Oop [80]=NarrowOop [88]=Oop [104]=NarrowOop [108]=NarrowOop [120]=Oop }
                      ;*invokevirtual getCodeSigners {reexecute=0 rethrow=0 return_oop=1}
                      ; - java.util.jar.JarFile$JarFileEntry::getCodeSigners@49
                      ; - jdk.internal.loader.URLClassPath$JarLoader$2::getCodeSigners@4
                      ; - java.net.URLClassLoader::defineClass@185
                      ; - java.net.URLClassLoader$1::run@43
  0x000001d923f1e25c: 2008 02ff 

  0x000001d923f1e260: ;   {other}
  0x000001d923f1e260: 0f1f 8400 | 503d 0025 | 488b d841 | 807f 4000 | 0f85 bf30 | 0000 4c8b | 4c24 2048 | 8bcb 4c8b 
  0x000001d923f1e280: c149 c1e8 | 0345 8941 | 5c4d 8bd1 | 4c8b d94d | 33da 49c1 | eb16 4d85 | db0f 8426 | 3000 0090 
  0x000001d923f1e2a0: 4885 c90f | 8482 3000 | 0049 c1ea | 0948 b900 | 002d 31d9 | 0100 0049 | 03ca 660f | 1f44 0000 
  0x000001d923f1e2c0: 8039 020f | 850a 3000 | 004c 8b54 | 2430 478b | 5cc4 0c4f | 8d0c c449 | 63cb 48c1 | e102 6690 
  0x000001d923f1e2e0: 4181 fb00 | 0004 000f | 87cb 3700 | 0048 894c | 2430 498b | e944 8944 | 2454 4c89 | 5424 2049 
  0x000001d923f1e300: 8b87 b801 | 0000 4c8d | 5117 4983 | e2f8 4c8b | c04d 03c2 | 0f1f 8400 | 0000 0000 | 6666 6690 
  0x000001d923f1e320: 4d3b 87c8 | 0100 000f | 839d 3700 | 004d 8987 | b801 0000 | 410f 0d88 | c000 0000 | 48c7 0001 
  0x000001d923f1e340: 0000 0041 | 0f0d 8800 

  0x000001d923f1e348: ;   {metadata('java/security/CodeSigner'[])}
  0x000001d923f1e348: 0100 00c7 | 4008 f0d5 | 5d00 4489 | 580c 410f | 0d88 4001 | 0000 410f | 0d88 8001 | 0000 4c8b 
  0x000001d923f1e368: d044 8b5c | 2454 4b8d | 4cdc 1049 | 8bd2 4883 | c210 498b | da4c 8b54 | 2430 4983 | c207 49c1 
  0x000001d923f1e388: ea03 4d8b | c2c5 f877 | 49ba 6081 | f222 d901 | 0000 41ff 

  0x000001d923f1e39c: ;   {other}
  0x000001d923f1e39c: d20f 1f84 | 0000 0000 | 004c 8b54 | 2420 4c8b | dbe9 a8db | ffff 4489 | 4424 3c48 | 8974 2440 
  0x000001d923f1e3bc: 894c 2438 | 897c 2434 | 4489 5424 | 304c 894c | 2428 4c89 | 5c24 2048 | 8b6c 2448 

  0x000001d923f1e3d8: ;   {metadata({type array byte})}
  0x000001d923f1e3d8: 48ba 280a | 0400 0800 | 0000 4889 | 4424 4890 

  0x000001d923f1e3e8: ;   {runtime_call _new_array_Java}
  0x000001d923f1e3e8: c5f8 77e8 

  0x000001d923f1e3ec: ; ImmutableOopMap {rbp=Oop [32]=Oop [40]=Oop }
                      ;*invokevirtual allocateUninitializedArray0 {reexecute=0 rethrow=0 return_oop=1}
                      ; - jdk.internal.misc.Unsafe::allocateUninitializedArray@51
                      ; - java.lang.StringConcatHelper::newArray@33
                      ; - java.lang.StringConcatHelper::simpleConcat@61
                      ; - java.lang.String::concat@11
                      ; - java.net.URLClassLoader$1::run@13
  0x000001d923f1e3ec: 1071 0eff 

  0x000001d923f1e3f0: ;   {other}
  0x000001d923f1e3f0: 0f1f 8400 | e03e 0026 | 4889 6c24 | 484c 8b4c | 2428 448b | 5424 308b | 7c24 348b | 4c24 3848 
  0x000001d923f1e410: 8b74 2440 | 448b 4424 | 3c48 8bd8 | 4c8b 5c24 | 20e9 1ed0 | ffff 4889 

  0x000001d923f1e428: ;   {metadata('java/lang/String')}
  0x000001d923f1e428: 5c24 2048 | bab0 1e04 | 0008 0000 | 0066 6690 

  0x000001d923f1e438: ;   {runtime_call _new_instance_Java}
  0x000001d923f1e438: c5f8 77e8 

  0x000001d923f1e43c: ; ImmutableOopMap {[32]=Oop [72]=Oop }
                      ;*new {reexecute=0 rethrow=0 return_oop=1}
                      ; - java.lang.StringConcatHelper::newString@6
                      ; - java.lang.StringConcatHelper::simpleConcat@90
                      ; - java.lang.String::concat@11
                      ; - java.net.URLClassLoader$1::run@13
  0x000001d923f1e43c: c06d 0eff 

  0x000001d923f1e440: ;   {other}
  0x000001d923f1e440: 0f1f 8400 | 303f 0027 | 488b 5c24 | 20e9 b1d0 | ffff 8954 | 2450 4489 | 4c24 3448 | 8974 2440 
  0x000001d923f1e460: 4889 4424 | 3889 7c24 | 3089 4c24 | 2c89 5c24 

  0x000001d923f1e470: ;   {metadata({type array byte})}
  0x000001d923f1e470: 2848 ba28 | 0a04 0008 | 0000 0044 | 8bc7 6690 

  0x000001d923f1e480: ;   {runtime_call _new_array_Java}
  0x000001d923f1e480: c5f8 77e8 

  0x000001d923f1e484: ; ImmutableOopMap {[40]=NarrowOop [44]=NarrowOop [56]=Oop [64]=Oop [72]=Oop }
                      ;*invokevirtual allocateUninitializedArray0 {reexecute=0 rethrow=0 return_oop=1}
                      ; - jdk.internal.misc.Unsafe::allocateUninitializedArray@51
                      ; - java.lang.StringConcatHelper::newArray@33
                      ; - java.lang.StringLatin1::replace@49
                      ; - java.lang.String::replace@18
                      ; - java.net.URLClassLoader$1::run@8
  0x000001d923f1e484: 7870 0eff 

  0x000001d923f1e488: ;   {other}
  0x000001d923f1e488: 0f1f 8400 | 783f 0028 | 4c8b d08b | 5c24 288b | 4c24 2c8b | 7c24 3048 | 8b44 2438 | 488b 7424 
  0x000001d923f1e4a8: 4044 8b4c | 2434 8b54 | 2450 4d8b | dae9 d7cb 

  0x000001d923f1e4b8: ;   {metadata('java/lang/String')}
  0x000001d923f1e4b8: ffff 48ba | b01e 0400 | 0800 0000 | 488b e84c | 895c 2430 

  0x000001d923f1e4cc: ;   {runtime_call _new_instance_Java}
  0x000001d923f1e4cc: c5f8 77e8 

  0x000001d923f1e4d0: ; ImmutableOopMap {rbp=Oop [48]=Oop [72]=Oop }
                      ;*new {reexecute=0 rethrow=0 return_oop=1}
                      ; - java.lang.StringLatin1::replace@116
                      ; - java.lang.String::replace@18
                      ; - java.net.URLClassLoader$1::run@8
  0x000001d923f1e4d0: 2c6d 0eff 

  0x000001d923f1e4d4: ;   {other}
  0x000001d923f1e4d4: 0f1f 8400 | c43f 0029 | 4c8b c84c | 8b5c 2430 | e94a ceff | ff41 3bf0 | 0f85 0101 | 0000 448b 
  0x000001d923f1e4f4: d641 ffca | 443b d60f | 1f44 0000 | 0f83 a643 | 0000 4585 | c00f 869d | 4300 0045 | 8bc8 41ff 
  0x000001d923f1e514: c945 33d2 | eb3d 448b | 9424 9400 | 0000 41ff | c244 3b94 | 24a8 0000 | 000f 8de9 | 0000 0048 
  0x000001d923f1e534: 8bbc 2480 | 0000 0048 | 8b5c 2420 | 8bb4 24a8 | 0000 0044 | 8b84 24ac | 0000 0044 | 8b8c 24b0 
  0x000001d923f1e554: 0000 0046 | 8b5c 9710 | 0f1f 4000 | 453b c80f | 837c 4000 | 0045 85db | 0f84 7340 | 0000 4b8d 
  0x000001d923f1e574: 0cdc 33ed | 4889 bc24 | 8000 0000 | 89b4 24a8 | 0000 0044 | 8984 24ac | 0000 0044 | 898c 24b0 
  0x000001d923f1e594: 0000 0044 | 8994 2494 | 0000 0044 | 899c 2498 | 0000 0048 | 898c 24b8 | 0000 00eb | 0548 8b5c 
  0x000001d923f1e5b4: 2420 4889 | 5c24 2044 | 8b54 ab10 | 4d8b c249 | c1e0 0348 | 8b94 24b8 | 0000 0090 

  0x000001d923f1e5d0: ;   {optimized virtual_call}
  0x000001d923f1e5d0: c5f8 77e8 

  0x000001d923f1e5d4: ; ImmutableOopMap {[32]=Oop [40]=Oop [48]=Oop [56]=Oop [64]=Oop [72]=Oop [88]=Oop [104]=NarrowOop [108]=NarrowOop [112]=Oop [128]=Oop [152]=NarrowOop [184]=Oop }
                      ;*invokevirtual equals {reexecute=0 rethrow=0 return_oop=0}
                      ; - java.lang.ClassLoader::compareCerts@81
                      ; - java.lang.ClassLoader::checkCerts@80
                      ; - java.lang.ClassLoader::preDefineClass@113
                      ; - java.lang.ClassLoader::defineClass@4
                      ; - java.security.SecureClassLoader::defineClass@12
                      ; - java.net.URLClassLoader::defineClass@220
                      ; - java.net.URLClassLoader$1::run@43
  0x000001d923f1e5d4: a804 02ff 

  0x000001d923f1e5d8: ;   {other}
  0x000001d923f1e5d8: 0f1f 8400 | c840 002a | 85c0 0f85 | 32ff ffff | ffc5 3bac | 24ac 0000 | 007c beba | 45ff ffff 
  0x000001d923f1e5f8: 4c8b 5424 | 304c 8954 | 2420 4c8b | 5424 384c | 8954 2428 

  0x000001d923f1e60c: ;   {runtime_call UncommonTrapBlob}
  0x000001d923f1e60c: c5f8 77e8 

  0x000001d923f1e610: ; ImmutableOopMap {[32]=Oop [40]=Oop [72]=Oop [104]=NarrowOop [108]=NarrowOop [112]=Oop }
                      ;*ifne {reexecute=1 rethrow=0 return_oop=0}
                      ; - (reexecute) java.lang.ClassLoader::checkCerts@83
                      ; - java.lang.ClassLoader::preDefineClass@113
                      ; - java.lang.ClassLoader::defineClass@4
                      ; - java.security.SecureClassLoader::defineClass@12
                      ; - java.net.URLClassLoader::defineClass@220
                      ; - java.net.URLClassLoader$1::run@43
  0x000001d923f1e610: ec5f 02ff 

  0x000001d923f1e614: ;   {other}
  0x000001d923f1e614: 0f1f 8400 | 0441 002b | 4533 db90 | eb19 448b | 9c24 8c00 | 0000 41ff | c344 3b9c | 24ac 0000 
  0x000001d923f1e634: 000f 8d1b | e2ff ff48 | 8b4c 2420 | 468b 5499 | 1045 85d2 | 0f84 0640 | 0000 4f8d | 04d4 33ed 
  0x000001d923f1e654: 4489 9c24 | 8c00 0000 | 4489 9424 | 9000 0000 | 4c89 8424 | a000 0000 | 0f1f 4000 | 4c8b 9424 
  0x000001d923f1e674: 8000 0000 | 458b 5caa | 104d 8bc3 | 49c1 e003 | 488b 9424 | a000 0000 

  0x000001d923f1e68c: ;   {optimized virtual_call}
  0x000001d923f1e68c: c5f8 77e8 

  0x000001d923f1e690: ; ImmutableOopMap {[32]=Oop [40]=Oop [48]=Oop [56]=Oop [64]=Oop [72]=Oop [88]=Oop [104]=NarrowOop [108]=NarrowOop [112]=Oop [128]=Oop [144]=NarrowOop [160]=Oop }
                      ;*invokevirtual equals {reexecute=0 rethrow=0 return_oop=0}
                      ; - java.lang.ClassLoader::compareCerts@166
                      ; - java.lang.ClassLoader::checkCerts@80
                      ; - java.lang.ClassLoader::preDefineClass@113
                      ; - java.lang.ClassLoader::defineClass@4
                      ; - java.security.SecureClassLoader::defineClass@12
                      ; - java.net.URLClassLoader::defineClass@220
                      ; - java.net.URLClassLoader$1::run@43
  0x000001d923f1e690: ec03 02ff 

  0x000001d923f1e694: ;   {other}
  0x000001d923f1e694: 0f1f 8400 | 8441 002c | 0f1f 4000 | 85c0 0f85 | 7aff ffff | ffc5 3bac | 24a8 0000 | 007c bde9 
  0x000001d923f1e6b4: 3bff ffff | 4c89 5c24 | 2049 8bea 

  0x000001d923f1e6c0: ;   {metadata('java/security/CodeSource')}
  0x000001d923f1e6c0: 48ba 9050 | 0500 0800 | 0000 6690 

  0x000001d923f1e6cc: ;   {runtime_call _new_instance_Java}
  0x000001d923f1e6cc: c5f8 77e8 

  0x000001d923f1e6d0: ; ImmutableOopMap {rbp=Oop [32]=Oop [40]=Oop [64]=Oop [72]=Oop [80]=NarrowOop [88]=Oop [104]=NarrowOop [108]=NarrowOop [120]=Oop }
                      ;*new {reexecute=0 rethrow=0 return_oop=1}
                      ; - java.net.URLClassLoader::defineClass@190
                      ; - java.net.URLClassLoader$1::run@43
  0x000001d923f1e6d0: 2c6b 0eff 

  0x000001d923f1e6d4: ;   {other}
  0x000001d923f1e6d4: 0f1f 8400 | c441 002d | 4c8b d54c | 8b5c 2420 | 488b c8e9 | b6d8 ffff | 4489 4c24 | 2048 8b6c 
  0x000001d923f1e6f4: ;   {metadata('java/security/SecureClassLoader$CodeSourceKey')}
  0x000001d923f1e6f4: 2478 48ba | a8f7 0800 | 0800 0000 

  0x000001d923f1e700: ;   {runtime_call _new_instance_Java}
  0x000001d923f1e700: c5f8 77e8 

  0x000001d923f1e704: ; ImmutableOopMap {rbp=Oop [40]=Oop [48]=Oop [64]=Oop [72]=Oop [88]=Oop [104]=NarrowOop [108]=NarrowOop [128]=Oop }
                      ;*new {reexecute=0 rethrow=0 return_oop=1}
                      ; - java.security.SecureClassLoader::getProtectionDomain@6
                      ; - java.security.SecureClassLoader::defineClass@9
                      ; - java.net.URLClassLoader::defineClass@220
                      ; - java.net.URLClassLoader$1::run@43
  0x000001d923f1e704: f86a 0eff 

  0x000001d923f1e708: ;   {other}
  0x000001d923f1e708: 0f1f 8400 | f841 002e | 4c8b c544 | 8b4c 2420 | 488b d80f | 1f44 0000 | e9e9 daff | ff48 895c 
  0x000001d923f1e728: 2450 4489 | 4c24 244c | 8944 2438 

  0x000001d923f1e734: ;   {metadata('java/security/SecureClassLoader$1')}
  0x000001d923f1e734: 48ba c8f9 | 0800 0800 | 0000 6690 

  0x000001d923f1e740: ;   {runtime_call _new_instance_Java}
  0x000001d923f1e740: c5f8 77e8 

  0x000001d923f1e744: ; ImmutableOopMap {rbp=NarrowOop [40]=Oop [48]=Oop [56]=Oop [64]=Oop [72]=Oop [80]=Oop [88]=Oop [104]=NarrowOop [108]=NarrowOop }
                      ;*new {reexecute=0 rethrow=0 return_oop=1}
                      ; - java.security.SecureClassLoader::getProtectionDomain@20
                      ; - java.security.SecureClassLoader::defineClass@9
                      ; - java.net.URLClassLoader::defineClass@220
                      ; - java.net.URLClassLoader$1::run@43
  0x000001d923f1e744: b86a 0eff 

  0x000001d923f1e748: ;   {other}
  0x000001d923f1e748: 0f1f 8400 | 3842 002f | 8b4c 2468 | 4c8b 4424 | 3844 8b4c | 2424 488b | 5c24 5048 | 8bf8 e903 
  0x000001d923f1e768: dbff ff45 | 8b5c ec38 | 4489 5c24 | 6c8b 6c24 | 6883 c51c | 0f1f 4000 

  0x000001d923f1e780: ; implicit exception: dispatches to 0x000001d923f2475c
  0x000001d923f1e780: 478b 54dc | 0c44 8954 | 2474 413b | ea0f 8361 | 4100 004f | 8d14 dc4c | 8994 2480 | 0000 0044 
  0x000001d923f1e7a0: 8b5c 2468 | 458d 531d | 458b ca4d | 63d3 4c8b | 8424 8000 | 0000 4d03 | c245 0fb6 | 502c 418b 
  0x000001d923f1e7c0: fa45 8bd1 | 443b 5424 | 740f 8379 | 4100 0041 | 8b6c dc30 

  0x000001d923f1e7d4: ; implicit exception: dispatches to 0x000001d923f247b0
  0x000001d923f1e7d4: 458b 4cec | 0845 0fb6 | 582d 458b | d341 c1e2 | 0844 0bd7 | 4489 9424 | 8800 0000 

  0x000001d923f1e7f0: ;   {metadata('java/util/zip/ZipCoder$UTF8ZipCoder')}
  0x000001d923f1e7f0: 4181 f910 | 7c00 000f | 8583 4200 | 0044 8b54 | 2468 4183 | c22e 4489 | 9424 8c00 | 0000 8b6c 
  0x000001d923f1e810: 2474 410b | ea0b ac24 | 8800 0000 | 0f1f 4000 | 85ed 0f8c | 2847 0000 | 8b6c 2474 | 2b6c 2468 
  0x000001d923f1e830: 83c5 d244 | 8b9c 2488 | 0000 000f | 1f44 0000 | 443b dd0f | 8f48 4800 | 0045 8bd3 | 4585 d20f 
  0x000001d923f1e850: 84b3 4800 | 0044 8b9c | 248c 0000 | 0066 6690 | 4585 db0f | 8c73 4200 | 0045 85d2 | 0f8c 6a42 
  0x000001d923f1e870: 0000 458b | da44 035c | 2468 4183 | c32e 4489 | 9c24 9000 | 0000 448b | 5424 7445 | 3bd3 0f82 
  0x000001d923f1e890: 4842 0000 | 4d8b d049 | 83c2 3e4c | 8994 2498 | 0000 004c | 6354 2474 | 4c89 9424 | a000 0000 
  0x000001d923f1e8b0: 4c63 9424 | 8800 0000 | 4c89 9424 | a800 0000 | 4c63 9424 | 8800 0000 | 488b b424 | 9800 0000 
  0x000001d923f1e8d0: 8b8c 2488 | 0000 008b | c185 c90f | 84c1 0000 | 00f7 c1e0 | ffff ff74 | 5983 e1e0 

  0x000001d923f1e8ec: ;   {no_reloc}
  0x000001d923f1e8ec: 488d 340e | 48f7 d9bb | 8080 8080 | c5f9 6ec3 | c4e2 7d58 | c0c5 fe6f | 0c0e c4e2 | 7d17 c875 
  0x000001d923f1e90c: 2648 83c1 | 2075 eea8 | 1f0f 8487 | 0000 008b | c883 e11f | c5fe 6f4c | 0ee0 c4e2 | 7d17 c80f 
  0x000001d923f1e92c: 8471 0000 | 00eb 0f48 | 8d34 0e48 | 03c1 83c8 | 1fb9 1f00 | 0000 83e1 | fc74 1848 | 8d34 0e48 
  0x000001d923f1e94c: f7d9 8b1c | 0e81 e380 | 8080 8075 | 2e48 83c1 | 0475 efa8 | 0274 0f0f | b71e 81e3 | 8080 0000 
  0x000001d923f1e96c: 7525 488d | 7602 a801 | 742c 0fb6 | 1ef7 c380 | 0000 0074 | 2148 83e8 | 01eb 1b48 | 03c1 83c8 
  0x000001d923f1e98c: 0348 8d34 | 0eeb cc83 | e0fc f7c3 | 8000 0000 | 7504 4883 | c001 c5f5 | efc9 c5fd | efc0 8984 
  0x000001d923f1e9ac: 2494 0000 | 003b 8424 | 8800 0000 | 0f85 2721 | 0000 4d8b | 9fb8 0100 | 004d 8bc3 | 4983 c318 
  0x000001d923f1e9cc: 4d3b 9fc8 | 0100 000f | 8377 3700 | 004d 899f | b801 0000 | 410f 0d8b | c000 0000 | 4d8b d849 
  0x000001d923f1e9ec: ;   {no_reloc}
  0x000001d923f1e9ec: c703 0100 

  0x000001d923f1e9f0: ;   {metadata('java/lang/String')}
  0x000001d923f1e9f0: 0000 41c7 | 4308 b01e | 0400 4589 | 630c 4d89 | 6310 4d8b | d84c 899c | 24b0 0000 | 0044 8b5c 
  0x000001d923f1ea10: 2468 4183 | fbd2 7513 | 448b 8424 | 9000 0000 | 443b 4424 | 740f 845a | 0100 0044 | 8b84 2490 
  0x000001d923f1ea30: 0000 0066 | 0f1f 8400 | 0000 0000 | 6666 6690 | 443b 8424 | 8c00 0000 | 0f8c e247 | 0000 448b 
  0x000001d923f1ea50: 9c24 8800 | 0000 6666 | 0f1f 8400 | 0000 0000 | 4181 fb00 | 0010 000f | 87e3 4200 | 0041 3beb 
  0x000001d923f1ea70: 410f 4feb | 448b d544 | 0354 2468 | 4183 c22e | 448b 5c24 | 7445 3bda | 0f82 b743 | 0000 448b 
  0x000001d923f1ea90: 9c24 8800 | 0000 443b | dd0f 82a6 | 4300 0090 | 85ed 0f8c | 9d43 0000 | 4c8b 9424 | a800 0000 
  0x000001d923f1eab0: 4983 c217 | 4c89 5424 | 6845 8bd3 | 0f1f 4000 | 4181 fa00 | 0010 000f | 872f 3700 | 004d 8b97 
  0x000001d923f1ead0: b801 0000 | 4c8b 5c24 | 6849 83e3 | f84d 8bc2 | 4d03 c34d | 3b87 c801 | 0000 0f83 | 0c37 0000 
  0x000001d923f1eaf0: ;   {no_reloc}
  0x000001d923f1eaf0: 4d89 87b8 | 0100 0041 | 0f0d 88c0 | 0000 0049 | c702 0100 | 0000 410f | 0d88 0001 

  0x000001d923f1eb0c: ;   {metadata({type array byte})}
  0x000001d923f1eb0c: 0000 41c7 | 4208 280a | 0400 448b | 8c24 8800 | 0000 4589 | 4a0c 410f | 0d88 4001 | 0000 410f 
  0x000001d923f1eb2c: 0d88 8001 | 0000 498b | da49 83c2 | 104c 8b5c | 2468 49c1 | eb03 85ed | 0f84 1342 | 0000 4c63 
  0x000001d923f1eb4c: c53b ac24 | 8800 0000 | 0f8c f429 | 0000 488b | 8c24 9800 | 0000 498b | d2c5 f877 | 49ba a07b 
  0x000001d923f1eb6c: f222 d901 | 0000 41ff 

  0x000001d923f1eb74: ;   {other}
  0x000001d923f1eb74: d20f 1f84 | 0000 0000 | 0066 6690 | e9c6 0000 | 0044 8b54 | 2474 4181 | fa00 0010 | 000f 87d3 
  0x000001d923f1eb94: 3900 004d | 8b97 b801 | 0000 4c8b | 9c24 a000 | 0000 4983 | c317 4983 | e3f8 4d8b | c24d 03c3 
  0x000001d923f1ebb4: 0f1f 8400 | 0000 0000 | 6666 6690 | 4d3b 87c8 | 0100 000f | 839d 3900 | 004d 8987 | b801 0000 
  0x000001d923f1ebd4: 410f 0d88 | c000 0000 | 49c7 0201 | 0000 0041 | 0f0d 8800 

  0x000001d923f1ebe8: ;   {metadata({type array byte})}
  0x000001d923f1ebe8: 0100 0041 | c742 0828 | 0a04 0044 | 8b4c 2474 | 4589 4a0c | 410f 0d88 | 4001 0000 | 410f 0d88 
  0x000001d923f1ec08: 8001 0000 | 498b da44 | 8b54 246c | 4b8d 4cd4 | 1048 8bd3 | 4883 c210 | 4c8b 9424 | a000 0000 
  0x000001d923f1ec28: 4983 c207 | 49c1 ea03 | 4d8b c2c5 | f877 49ba | 6081 f222 | d901 0000 

  0x000001d923f1ec40: ;   {other}
  0x000001d923f1ec40: 41ff d20f | 1f84 0000 | 0000 0041 | 807f 4000 | 0f85 c227 | 0000 4c8b | 9c24 b000 | 0000 4d8b 
  0x000001d923f1ec60: d349 8bfb | 4c8b c349 | c1e8 034c | 8bdf 4589 | 4314 4c8b | db4d 33da | 49c1 eb16 | 0f1f 4000 
  0x000001d923f1ec80: 4d85 db74 | 1a49 c1ea | 0948 b900 | 002d 31d9 | 0100 0049 | 03ca 8039 | 020f 8506 | 2800 0044 
  0x000001d923f1eca0: ;   {oop(""{0x0000000600401508})}
  0x000001d923f1eca0: 8867 1049 | ba08 1540 | 0006 0000 | 0049 b800 | 002d 31d9 | 0100 0044 | 8b5c 2470 | 0f1f 4000 
  0x000001d923f1ecc0: ;   {metadata('java/util/jar/JarFile')}
  0x000001d923f1ecc0: 4181 fbc0 | 6d00 000f | 8587 3e00 | 004c 8944 | 2470 498b | ea48 8b54 | 2478 6690 

  0x000001d923f1ecdc: ;   {optimized virtual_call}
  0x000001d923f1ecdc: c5f8 77e8 

  0x000001d923f1ece0: ; ImmutableOopMap {rbp=Oop [40]=Oop [48]=Oop [64]=NarrowOop [68]=NarrowOop [72]=Oop [80]=Oop [88]=NarrowOop [92]=NarrowOop [96]=Oop [120]=Oop [248]=Oop }
                      ;*invokevirtual getManifest {reexecute=0 rethrow=0 return_oop=1}
                      ; - java.util.jar.JarFile::maybeInstantiateVerifier@31
                      ; - java.util.jar.JarFile::ensureInitialization@1
                      ; - java.util.jar.JavaUtilJarAccessImpl::ensureInitialization@1
                      ; - jdk.internal.loader.URLClassPath$JarLoader$2::getManifest@10
                      ; - java.net.URLClassLoader::defineClass@34
                      ; - java.net.URLClassLoader$1::run@43
  0x000001d923f1ece0: 9cfd 01ff 

  0x000001d923f1ece4: ;   {other}
  0x000001d923f1ece4: 0f1f 8400 | d447 0030 | 4c8b 6c24 | 3048 8b7c | 2420 4889 | 4424 f88b | 4424 4089 | 4424 6848 
  0x000001d923f1ed04: 8b44 24f8 | 4889 4424 | f88b 4424 | 4489 4424 | 6c48 8b44 | 24f8 4c8b | 7424 5044 | 8b5c 2458 
  0x000001d923f1ed24: 4c8b cd48 | 8b5c 2470 | 4c8b 5424 | 6044 8b44 | 245c 488b | 4c24 780f | 1f44 0000 | e9dc ccff 
  0x000001d923f1ed44: ff41 8b5c | cc38 8d6f | 1c41 8b54 | dc0c 3bea | 0f83 523c | 0000 8994 | 2488 0000 | 0044 8bc9 
  0x000001d923f1ed64: 4889 7424 | 2044 8944 | 2454 4c89 | 5c24 704c | 8954 2430 | 4d8d 14dc | 4c89 9424 | 9000 0000 
  0x000001d923f1ed84: 899c 2484 | 0000 0089 | bc24 8000 | 0000 448d | 571d 4c63 | df48 8b8c | 2490 0000 | 0049 03cb 
  0x000001d923f1eda4: 440f b659 | 2c41 8bdb | 443b d20f | 835f 3c00 | 0043 8b6c | cc30 660f | 1f44 0000 

  0x000001d923f1edc0: ; implicit exception: dispatches to 0x000001d923f24854
  0x000001d923f1edc0: 458b 54ec | 0844 0fb6 | 592d 41c1 | e308 458b | c344 0bc3 | 4489 8424 | 8c00 0000 | 0f1f 4000 
  0x000001d923f1ede0: ;   {metadata('java/util/zip/ZipCoder$UTF8ZipCoder')}
  0x000001d923f1ede0: 4181 fa10 | 7c00 000f | 85c7 3d00 | 0044 8d5f | 2e44 899c | 2498 0000 | 008b ea41 | 0beb 410b 
  0x000001d923f1ee00: e885 ed0f | 8cbf 4100 | 008b ea2b | ef83 c5d2 | 443b c50f | 8f4b 4300 | 0045 85c0 | 0f1f 4000 
  0x000001d923f1ee20: 0f84 c643 | 0000 448b | 9c24 9800 | 0000 4585 | db0f 8ced | 3d00 0045 | 85c0 660f | 1f44 0000 
  0x000001d923f1ee40: 0f8c de3d | 0000 458d | 1c38 4183 | c32e 4489 | 9c24 9c00 | 0000 413b | d30f 82c5 | 3d00 004c 
  0x000001d923f1ee60: 8bd1 4983 | c23e 4c89 | 9424 a000 | 0000 4c63 | d24c 8994 | 24a8 0000 | 004d 63d8 | 4d63 d04c 
  0x000001d923f1ee80: 8994 24b0 | 0000 0048 | 8bb4 24a0 | 0000 0041 | 8bc8 8bc1 | 85c9 0f84 | c100 0000 | f7c1 e0ff 
  0x000001d923f1eea0: ffff 7459 | 83e1 e048 | 8d34 0e48 | f7d9 bb80 | 8080 80c5 | f96e cbc4 | e27d 58c9 | c5fe 6f04 
  0x000001d923f1eec0: 0ec4 e27d | 17c1 7526 | 4883 c120 | 75ee a81f | 0f84 8700 | 0000 8bc8 | 83e1 1fc5 

  0x000001d923f1eedc: ;   {no_reloc}
  0x000001d923f1eedc: fe6f 440e | e0c4 e27d | 17c1 0f84 | 7100 0000 | eb0f 488d | 340e 4803 | c183 c81f | b91f 0000 
  0x000001d923f1eefc: 0083 e1fc | 7418 488d | 340e 48f7 | d98b 1c0e | 81e3 8080 | 8080 752e | 4883 c104 | 75ef a802 
  0x000001d923f1ef1c: 740f 0fb7 | 1e81 e380 | 8000 0075 | 2548 8d76 | 02a8 0174 | 2c0f b61e | f7c3 8000 | 0000 7421 
  0x000001d923f1ef3c: 4883 e801 | eb1b 4803 | c183 c803 | 488d 340e | ebcc 83e0 | fcf7 c380 | 0000 0075 | 0448 83c0 
  0x000001d923f1ef5c: 01c5 fdef | c0c5 f5ef | c989 8424 | b800 0000 | 413b c00f | 8530 1f00 | 004d 8b97 | b801 0000 
  0x000001d923f1ef7c: 4d8b c249 | 83c2 184d | 3b97 c801 | 0000 0f83 | f531 0000 | 4d89 97b8 | 0100 0041 | 0f0d 8ac0 
  0x000001d923f1ef9c: 0000 004d | 8bd0 49c7 | 0201 0000 

  0x000001d923f1efa8: ;   {metadata('java/lang/String')}
  0x000001d923f1efa8: 0041 c742 | 08b0 1e04 | 0045 8962 | 0c4d 8962 | 104d 8bd0 | 4c89 9424 | b800 0000 | 448b 9424 
  0x000001d923f1efc8: 8000 0000 | 4183 fad2 | 751c 448b | 8424 9c00 | 0000 660f | 1f44 0000 | 443b 8424 | 8800 0000 
  0x000001d923f1efe8: 0f84 6801 | 0000 448b | 8424 9c00 | 0000 6666 | 0f1f 8400 | 0000 0000 | 443b 8424 | 9800 0000 
  0x000001d923f1f008: 0f8c ba42 | 0000 448b | 9424 8c00 | 0000 6666 | 0f1f 8400 | 0000 0000 | 4181 fa00 | 0010 000f 
  0x000001d923f1f028: 879c 3d00 | 0041 3bea | 410f 4fea | 448b d544 | 0394 2480 | 0000 0041 | 83c2 2e44 | 8b9c 2488 
  0x000001d923f1f048: 0000 0045 | 3bda 0f82 | 803e 0000 | 448b 9424 | 8c00 0000 | 0f1f 4000 | 443b d50f | 8273 3e00 
  0x000001d923f1f068: 0085 ed0f | 8c6b 3e00 | 004c 8b9c | 24b0 0000 | 0049 83c3 | 1766 6690 | 4181 fa00 | 0010 000f 
  0x000001d923f1f088: 879b 3100 | 004c 899c | 2488 0000 | 0044 8994 | 2480 0000 | 004d 8b97 | b801 0000 | 4983 e3f8 
  0x000001d923f1f0a8: ;   {no_reloc}
  0x000001d923f1f0a8: 4d8b c24d | 03c3 4d3b | 87c8 0100 | 000f 837d | 3100 004d | 8987 b801 | 0000 410f | 0d88 c000 
  0x000001d923f1f0c8: 0000 4d8b | ca49 c701 | 0100 0000 | 410f 0d88 | 0001 0000 

  0x000001d923f1f0dc: ;   {metadata({type array byte})}
  0x000001d923f1f0dc: 41c7 4108 | 280a 0400 | 8b8c 2480 | 0000 0041 | 8949 0c41 | 0f0d 8840 | 0100 0041 | 0f0d 8880 
  0x000001d923f1f0fc: 0100 004d | 8bd9 4983 | c310 488b | bc24 8800 | 0000 48c1 | ef03 85ed | 0f84 bc3c | 0000 4c63 
  0x000001d923f1f11c: c566 6690 | 3be9 0f8c | a324 0000 | 498b d948 | 8b8c 24a0 | 0000 0049 | 8bd3 c5f8 | 7749 baa0 
  0x000001d923f1f13c: 7bf2 22d9 | 0100 0041 

  0x000001d923f1f144: ;   {other}
  0x000001d923f1f144: ffd2 0f1f | 8400 0000 | 0000 4c8b | cbe9 c000 | 0000 448b | 9424 8800 | 0000 6690 | 4181 fa00 
  0x000001d923f1f164: 0010 000f | 8727 3400 | 004d 8b9f | b801 0000 | 4c8b 8424 | a800 0000 | 4983 c017 | 4983 e0f8 
  0x000001d923f1f184: 4d8b cb4d | 03c8 4d3b | 8fc8 0100 | 000f 83fd | 3300 004d | 898f b801 | 0000 410f | 0d89 c000 
  0x000001d923f1f1a4: 0000 49c7 | 0301 0000 | 0041 0f0d | 8900 0100 

  0x000001d923f1f1b4: ;   {metadata({type array byte})}
  0x000001d923f1f1b4: 0041 c743 | 0828 0a04 | 0045 8953 | 0c41 0f0d | 8940 0100 | 0041 0f0d | 8980 0100 | 0044 8b94 
  0x000001d923f1f1d4: 2484 0000 | 004b 8d4c | d410 498b | d348 83c2 | 1049 8bdb | 4c8b 9424 | a800 0000 | 4983 c207 
  0x000001d923f1f1f4: 49c1 ea03 | 4d8b c2c5 | f877 49ba | 6081 f222 | d901 0000 

  0x000001d923f1f208: ;   {other}
  0x000001d923f1f208: 41ff d20f | 1f84 0000 | 0000 004c | 8bcb 6666 | 0f1f 8400 | 0000 0000 | 4180 7f40 | 000f 853a 
  0x000001d923f1f228: 2200 004c | 8b84 24b8 | 0000 004d | 8bd9 49c1 | eb03 4589 | 5814 4d8b | d04d 8bd9 | 4d33 da49 
  0x000001d923f1f248: c1eb 164d | 85db 741a | 49c1 ea09 | 48b9 0000 | 2d31 d901 | 0000 4903 | ca80 3902 | 0f85 8d22 
  0x000001d923f1f268: 0000 4588 | 6010 4c8b | 5c24 2048 | 8d84 2410 | 0100 0048 | 8338 000f | 8479 0000 | 004d 8b13 
  0x000001d923f1f288: 41f6 c202 | 0f84 6200 | 0000 4983 | ba86 0000 | 0000 7409 | 49ff 8a86 | 0000 00eb | 4b49 8b82 
  0x000001d923f1f2a8: 9600 0000 | 490b 828e | 0000 0075 | 0a49 c742 | 3e00 0000 | 00eb 3d49 | 83ba 9e00 | 0000 0074 
  0x000001d923f1f2c8: 2248 33c0 | 49c7 423e | 0000 0000 | f083 0424 | 0049 83ba | 9e00 0000 | 0075 0df0 | 4d0f b17a 
  0x000001d923f1f2e8: 3e75 0583 | c801 eb0c | a800 eb08 | 4c8b 10f0 | 4d0f b113 | 750a 49ff | 8f48 0500 | 0045 33d2 
  0x000001d923f1f308: ;   {no_reloc}
  0x000001d923f1f308: 0f85 be39 | 0000 448b | 5424 5447 | 8b44 d408 | 0f1f 8400 | 0000 0000 

  0x000001d923f1f320: ;   {metadata('java/util/jar/JarFile')}
  0x000001d923f1f320: 4181 f8c0 | 6d00 000f | 856f 3900 | 0049 8bd3 

  0x000001d923f1f330: ;   {optimized virtual_call}
  0x000001d923f1f330: c5f8 77e8 

  0x000001d923f1f334: ; ImmutableOopMap {[40]=Oop [48]=Oop [64]=Oop [72]=Oop [80]=NarrowOop [88]=Oop [104]=NarrowOop [108]=NarrowOop [112]=Oop [120]=Oop }
                      ;*invokevirtual getManifest {reexecute=0 rethrow=0 return_oop=1}
                      ; - java.util.jar.JarFile::maybeInstantiateVerifier@31
                      ; - java.util.jar.JarFile$JarFileEntry::getCodeSigners@4
                      ; - jdk.internal.loader.URLClassPath$JarLoader$2::getCodeSigners@4
                      ; - java.net.URLClassLoader::defineClass@185
                      ; - java.net.URLClassLoader$1::run@43
  0x000001d923f1f334: 48f7 01ff 

  0x000001d923f1f338: ;   {other}
  0x000001d923f1f338: 0f1f 8400 | 284e 0031 | 4c8b 5424 | 304c 8b5c | 2470 e9e6 | cbff ff44 | 8994 2488 | 0000 0044 
  0x000001d923f1f358: 895c 2468 | 4c89 b424 | 8000 0000 | 4889 7424 | 784c 894c | 2470 4489 | 4424 2448 | 8944 24f8 
  0x000001d923f1f378: 8b84 248c | 0000 0089 | 4424 2048 | 8b44 24f8 | 8b6c 246c 

  0x000001d923f1f38c: ;   {metadata('java/lang/String')}
  0x000001d923f1f38c: 48ba b01e | 0400 0800 | 0000 6690 

  0x000001d923f1f398: ;   {runtime_call _new_instance_Java}
  0x000001d923f1f398: c5f8 77e8 

  0x000001d923f1f39c: ; ImmutableOopMap {rbp=NarrowOop [32]=NarrowOop [40]=Oop [48]=Oop [56]=Oop [64]=Oop [72]=Oop [80]=NarrowOop [88]=Oop [104]=NarrowOop [112]=Oop [120]=Oop [128]=Derived_oop_[120] [140]=NarrowOop }
                      ;*new {reexecute=0 rethrow=0 return_oop=1}
                      ; - java.lang.StringLatin1::newString@7
                      ; - java.lang.String::substring@41
                      ; - java.lang.ClassLoader::checkCerts@21
                      ; - java.lang.ClassLoader::preDefineClass@113
                      ; - java.lang.ClassLoader::defineClass@4
                      ; - java.security.SecureClassLoader::defineClass@12
                      ; - java.net.URLClassLoader::defineClass@220
                      ; - java.net.URLClassLoader$1::run@43
  0x000001d923f1f39c: 605e 0eff 

  0x000001d923f1f3a0: ;   {other}
  0x000001d923f1f3a0: 0f1f 8400 | 904e 0032 | 896c 246c | 448b 4424 | 244c 8b4c | 2470 488b | 7424 784c | 8bb4 2480 
  0x000001d923f1f3c0: 0000 0044 | 8b5c 2468 | 448b 9424 | 8800 0000 | 488b d8e9 | 99d1 ffff | 4489 5c24 | 444c 8974 
  0x000001d923f1f3e0: 2460 48ff | 7424 2848 | 8f44 2458 | 4889 5c24 | 5089 4424 | 4044 8954 | 242c 4489 | 4c24 2848 
  0x000001d923f1f400: 8944 24f8 | 8b44 246c | 8944 2424 | 488b 4424 | f848 8944 | 24f8 8b44 | 2468 8944 | 2420 488b 
  0x000001d923f1f420: 4424 f848 | 8bef 4c89 

  0x000001d923f1f428: ;   {metadata('java/lang/String')}
  0x000001d923f1f428: 6c24 3048 | bab0 1e04 | 0008 0000 | 0066 6690 

  0x000001d923f1f438: ;   {runtime_call _new_instance_Java}
  0x000001d923f1f438: c5f8 77e8 

  0x000001d923f1f43c: ; ImmutableOopMap {[32]=NarrowOop [36]=NarrowOop [40]=NarrowOop [48]=Oop [68]=NarrowOop [72]=Oop [80]=Oop [88]=Oop [96]=Oop }
                      ;*new {reexecute=0 rethrow=0 return_oop=1}
                      ; - java.lang.StringLatin1::newString@7
                      ; - java.lang.String::substring@41
                      ; - java.net.URLClassLoader::defineClass@28
                      ; - java.net.URLClassLoader$1::run@43
  0x000001d923f1f43c: c05d 0eff 

  0x000001d923f1f440: ;   {other}
  0x000001d923f1f440: 0f1f 8400 | 304f 0033 | 4c8b c04c | 8b6c 2430 | 488b fd48 | 8944 24f8 | 8b44 2420 | 8944 2468 
  0x000001d923f1f460: 488b 4424 | f848 8944 | 24f8 8b44 | 2424 8944 | 246c 488b | 4424 f844 | 8b4c 2428 | 448b 5424 
  0x000001d923f1f480: 2c8b 4424 | 4048 8b5c | 2450 48ff | 7424 5848 | 8f44 2428 | 4c8b 7424 | 6044 8b5c | 2444 6690 
  0x000001d923f1f4a0: e915 c2ff | ff48 89bc | 24a0 0000 | 0048 898c | 2498 0000 | 0048 899c | 2490 0000 | 0044 8994 
  0x000001d923f1f4c0: 248c 0000 | 0044 899c | 2488 0000 | 004c 89b4 | 2480 0000 | 004c 894c | 2470 4889 | 4424 f88b 
  0x000001d923f1f4e0: 4424 6c89 | 4424 6848 | 8b44 24f8 

  0x000001d923f1f4ec: ;   {metadata({type array byte})}
  0x000001d923f1f4ec: 48ba 280a | 0400 0800 | 0000 4889 | 7424 7845 | 8bc2 6690 

  0x000001d923f1f500: ;   {runtime_call _new_array_nozero_Java}
  0x000001d923f1f500: c5f8 77e8 

  0x000001d923f1f504: ; ImmutableOopMap {[40]=Oop [48]=Oop [56]=Oop [64]=Oop [72]=Oop [80]=NarrowOop [88]=Oop [104]=NarrowOop [112]=Oop [120]=Oop [128]=Derived_oop_[120] [136]=NarrowOop [144]=Oop }
                      ;*newarray {reexecute=0 rethrow=0 return_oop=1}
                      ; - java.util.Arrays::copyOfRangeByte@10
                      ; - java.util.Arrays::copyOfRange@13
                      ; - java.lang.StringLatin1::newString@16
                      ; - java.lang.String::substring@41
                      ; - java.lang.ClassLoader::checkCerts@21
                      ; - java.lang.ClassLoader::preDefineClass@113
                      ; - java.lang.ClassLoader::defineClass@4
                      ; - java.security.SecureClassLoader::defineClass@12
                      ; - java.net.URLClassLoader::defineClass@220
                      ; - java.net.URLClassLoader$1::run@43
  0x000001d923f1f504: f862 0eff 

  0x000001d923f1f508: ;   {other}
  0x000001d923f1f508: 0f1f 8400 | f84f 0034 | 4889 4424 | f88b 4424 | 6889 4424 | 6c48 8b44 | 24f8 4c8b | 4c24 704c 
  0x000001d923f1f528: 8bb4 2480 | 0000 0044 | 8b9c 2488 | 0000 0044 | 8b94 248c | 0000 0048 | 8b9c 2490 | 0000 0048 
  0x000001d923f1f548: 8b8c 2498 | 0000 0048 | 8bbc 24a0 | 0000 004c | 8be8 e9a9 | d1ff ff4c | 896c 2430 | 4889 7c24 
  0x000001d923f1f568: 4089 4424 | 5048 895c | 2420 4c89 | 7424 5844 | 895c 2454 | 4c89 4424 | 6048 894c | 2470 4889 
  0x000001d923f1f588: 5424 784c | 8994 2480 

  0x000001d923f1f590: ;   {metadata({type array byte})}
  0x000001d923f1f590: 0000 0048 | ba28 0a04 | 0008 0000 | 0044 8b44 | 2450 6690 

  0x000001d923f1f5a4: ;   {runtime_call _new_array_nozero_Java}
  0x000001d923f1f5a4: c5f8 77e8 

  0x000001d923f1f5a8: ; ImmutableOopMap {[32]=Oop [112]=Derived_oop_[32] [40]=Oop [48]=Oop [72]=Oop [84]=NarrowOop [88]=Oop [96]=Oop [104]=NarrowOop [108]=NarrowOop }
                      ;*newarray {reexecute=0 rethrow=0 return_oop=1}
                      ; - java.util.Arrays::copyOfRangeByte@10
                      ; - java.util.Arrays::copyOfRange@13
                      ; - java.lang.StringLatin1::newString@16
                      ; - java.lang.String::substring@41
                      ; - java.net.URLClassLoader::defineClass@28
                      ; - java.net.URLClassLoader$1::run@43
  0x000001d923f1f5a8: 5462 0eff 

  0x000001d923f1f5ac: ;   {other}
  0x000001d923f1f5ac: 0f1f 8400 | 9c50 0035 | 448b 5424 | 504c 8bc0 | 0f1f 4000 | e9b1 c2ff | ff4c 894c | 2470 488b 
  0x000001d923f1f5cc: ee4c 8974 | 2420 4489 | 5c24 6848 | 895c 2478 | 4c89 9424 | 8000 0000 

  0x000001d923f1f5e4: ;   {metadata({type array byte})}
  0x000001d923f1f5e4: 48ba 280a | 0400 0800 | 0000 6690 

  0x000001d923f1f5f0: ;   {runtime_call _new_array_nozero_Java}
  0x000001d923f1f5f0: c5f8 77e8 

  0x000001d923f1f5f4: ; ImmutableOopMap {rbp=Oop [32]=Derived_oop_rbp [40]=Oop [48]=Oop [56]=Oop [64]=Oop [72]=Oop [80]=NarrowOop [88]=Oop [104]=NarrowOop [108]=NarrowOop [112]=Oop [120]=Oop [140]=NarrowOop }
                      ;*invokevirtual clone {reexecute=1 rethrow=0 return_oop=1}
                      ; - (reexecute) java.util.Arrays::copyOfRange@18
                      ; - java.lang.StringLatin1::newString@16
                      ; - java.lang.String::substring@41
                      ; - java.lang.ClassLoader::checkCerts@21
                      ; - java.lang.ClassLoader::preDefineClass@113
                      ; - java.lang.ClassLoader::defineClass@4
                      ; - java.security.SecureClassLoader::defineClass@12
                      ; - java.net.URLClassLoader::defineClass@220
                      ; - java.net.URLClassLoader$1::run@43
  0x000001d923f1f5f4: 0862 0eff 

  0x000001d923f1f5f8: ;   {other}
  0x000001d923f1f5f8: 0f1f 8400 | e850 0036 | 488b d8e9 | ffcf ffff | 4c89 6c24 | 3048 897c | 2440 4489 | 4c24 5048 
  0x000001d923f1f618: 895c 2420 | 4c89 7424 | 5844 895c | 2454 4c89 | 4424 6048 | 894c 2470 | 4889 6c24 

  0x000001d923f1f634: ;   {metadata({type array byte})}
  0x000001d923f1f634: 7848 ba28 | 0a04 0008 | 0000 0045 | 8bc2 6690 

  0x000001d923f1f644: ;   {runtime_call _new_array_nozero_Java}
  0x000001d923f1f644: c5f8 77e8 

  0x000001d923f1f648: ; ImmutableOopMap {[32]=Oop [112]=Derived_oop_[32] [40]=Oop [48]=Oop [72]=Oop [80]=NarrowOop [84]=NarrowOop [88]=Oop [96]=Oop [104]=NarrowOop [108]=NarrowOop }
                      ;*invokevirtual clone {reexecute=1 rethrow=0 return_oop=1}
                      ; - (reexecute) java.util.Arrays::copyOfRange@18
                      ; - java.lang.StringLatin1::newString@16
                      ; - java.lang.String::substring@41
                      ; - java.net.URLClassLoader::defineClass@28
                      ; - java.net.URLClassLoader$1::run@43
  0x000001d923f1f648: b461 0eff 

  0x000001d923f1f64c: ;   {other}
  0x000001d923f1f64c: 0f1f 8400 | 3c51 0037 | 488b d8e9 | 0ac1 ffff | bae4 ffff | ff48 8b6c | 2448 4c89 | 6c24 284c 
  0x000001d923f1f66c: 8b54 2438 | 4c89 5424 | 3089 4424 | 3c44 894c | 244c 6690 

  0x000001d923f1f680: ;   {runtime_call UncommonTrapBlob}
  0x000001d923f1f680: c5f8 77e8 

  0x000001d923f1f684: ; ImmutableOopMap {rbp=Oop [40]=Oop [76]=NarrowOop [104]=NarrowOop [108]=NarrowOop }
                      ;*baload {reexecute=0 rethrow=0 return_oop=0}
                      ; - java.lang.StringLatin1::lastIndexOf@24
                      ; - java.lang.String::lastIndexOf@13
                      ; - java.lang.String::lastIndexOf@8
                      ; - java.net.URLClassLoader::defineClass@7
                      ; - java.net.URLClassLoader$1::run@43
  0x000001d923f1f684: 784f 02ff 

  0x000001d923f1f688: ;   {other}
  0x000001d923f1f688: 0f1f 8400 | 7851 0038 | bae4 ffff | ff48 8b6c | 2448 4c8b | 4424 304c | 8944 2420 | 4c8b 4424 
  0x000001d923f1f6a8: 384c 8944 | 2428 448b | 4424 5444 | 8944 2430 | 4c89 4c24 | 3844 895c | 2434 4489 | 5424 4448 
  0x000001d923f1f6c8: 8944 24f8 | 8b84 248c | 0000 0089 | 4424 5848 | 8b44 24f8 

  0x000001d923f1f6dc: ;   {runtime_call UncommonTrapBlob}
  0x000001d923f1f6dc: c5f8 77e8 

  0x000001d923f1f6e0: ; ImmutableOopMap {rbp=Oop [32]=Oop [40]=Oop [52]=NarrowOop [56]=Oop [80]=NarrowOop [88]=NarrowOop [108]=NarrowOop }
                      ;*baload {reexecute=0 rethrow=0 return_oop=0}
                      ; - java.lang.StringLatin1::lastIndexOf@24
                      ; - java.lang.String::lastIndexOf@13
                      ; - java.lang.String::lastIndexOf@8
                      ; - java.lang.ClassLoader::checkCerts@3
                      ; - java.lang.ClassLoader::preDefineClass@113
                      ; - java.lang.ClassLoader::defineClass@4
                      ; - java.security.SecureClassLoader::defineClass@12
                      ; - java.net.URLClassLoader::defineClass@220
                      ; - java.net.URLClassLoader$1::run@43
  0x000001d923f1f6e0: 1c4f 02ff 

  0x000001d923f1f6e4: ;   {other}
  0x000001d923f1f6e4: 0f1f 8400 | d451 0039 | 418b e8e9 | 27b9 ffff 

  0x000001d923f1f6f4: ;   {metadata('java/lang/String')}
  0x000001d923f1f6f4: 48ba b01e | 0400 0800 | 0000 6690 

  0x000001d923f1f700: ;   {runtime_call _new_instance_Java}
  0x000001d923f1f700: c5f8 77e8 

  0x000001d923f1f704: ; ImmutableOopMap {[72]=Oop }
                      ;*new {reexecute=0 rethrow=0 return_oop=1}
                      ; - java.lang.StringConcatHelper::simpleConcat@17
                      ; - java.lang.String::concat@11
                      ; - java.net.URLClassLoader$1::run@13
  0x000001d923f1f704: f85a 0eff 

  0x000001d923f1f708: ;   {other}
  0x000001d923f1f708: 0f1f 8400 | f851 003a | e9c0 d3ff | ffba e4ff | ffff 488b | 6c24 484c | 8b54 2430 | 4c89 5424 
  0x000001d923f1f728: 2048 ff74 | 2450 488f | 4424 3048 | ff74 2450 | 488f 4424 | 4048 894c | 2448 4489 | 4c24 5444 
  0x000001d923f1f748: 8b44 2468 | 4489 4424 | 5c44 895c | 2464 6690 

  0x000001d923f1f758: ;   {runtime_call UncommonTrapBlob}
  0x000001d923f1f758: c5f8 77e8 

  0x000001d923f1f75c: ; ImmutableOopMap {rbp=Oop [32]=Oop [48]=Oop [64]=Oop [72]=Oop [92]=NarrowOop [100]=NarrowOop [104]=NarrowOop [112]=Oop }
                      ;*baload {reexecute=0 rethrow=0 return_oop=0}
                      ; - java.lang.StringLatin1::lastIndexOf@24
                      ; - java.lang.String::lastIndexOf@13
                      ; - java.lang.String::lastIndexOf@8
                      ; - java.lang.Class::getPackageName@47
                      ; - java.lang.ClassLoader::postDefineClass@2
                      ; - java.lang.ClassLoader::defineClass@37
                      ; - java.security.SecureClassLoader::defineClass@12
                      ; - java.net.URLClassLoader::defineClass@220
                      ; - java.net.URLClassLoader$1::run@43
  0x000001d923f1f75c: a04e 02ff 

  0x000001d923f1f760: ;   {other}
  0x000001d923f1f760: 0f1f 8400 | 5052 003b | 4c8b 4c24 | 7045 8b59 | 1045 85db | 0f84 f7d9 | ffff 4d8b | 4728 498b 
  0x000001d923f1f780: cb48 c1e1 | 034d 85c0 | 0f84 a22b | 0000 488b | ea41 8bf2 | 488b 5c24 | 704d 8b57 | 384b 894c 
  0x000001d923f1f7a0: 02f8 4983 | c0f8 4d89 | 4728 4c8b | cb44 8bd6 | 488b d5e9 | b9d9 ffff | 448b 471c | 0f1f 4000 
  0x000001d923f1f7c0: 4585 c00f | 8462 daff | ff4d 8b5f | 2849 8bc8 | 48c1 e103 | 4d85 db0f | 847e 2b00 | 0048 8bea 
  0x000001d923f1f7e0: 418b f249 | 8bd9 4d8b | 5738 4b89 | 4c1a f849 | 83c3 f84d | 895f 284c | 8bcb 448b | d648 8bd5 
  0x000001d923f1f800: e926 daff | ff45 8b59 | 1445 85db | 743b 4d8b | 4728 498b | cb48 c1e1 | 034d 85c0 | 0f1f 4000 
  0x000001d923f1f820: 0f84 5f2b | 0000 488b | f241 8bfa | 498b d94d | 8b57 384b | 894c 02f8 | 4983 c0f8 | 4d89 4728 
  0x000001d923f1f840: 4c8b cb44 | 8bd7 488b | d648 8bda | e9c3 daff | ff47 8b5c | c424 4585 | db0f 84bd 

  0x000001d923f1f85c: ;   {no_reloc}
  0x000001d923f1f85c: dcff ff4d | 8b57 2849 | 8bcb 48c1 | e103 4d85 | d20f 843b | 2b00 004d | 8b5f 384b | 894c 13f8 
  0x000001d923f1f87c: 4983 c2f8 | 4d89 5728 | e993 dcff | ff4d 8b57 | 584d 8b5f | 48f0 8344 | 24c0 0080 | 3900 660f 
  0x000001d923f1f89c: 1f44 0000 | 0f84 e0d6 | ffff 4488 | 214d 85db | 7520 498b | d7c5 f877 | 49ba 50ee | a53e f87f 
  0x000001d923f1f8bc: 0000 41ff 

  0x000001d923f1f8c0: ;   {other}
  0x000001d923f1f8c0: d20f 1f84 | 0000 0000 | 00e9 b8d6 | ffff 4b89 | 4c1a f849 | 83c3 f84d | 895f 480f | 1f44 0000 
  0x000001d923f1f8e0: e9a1 d6ff | ff48 8bf2 | 418b fa49 | 8bd9 4d8b | 5758 4d8b | 5f48 f083 | 4424 c000 | 0f1f 4000 
  0x000001d923f1f900: 8039 0074 | 3244 8821 | 4d85 db74 | 0f4b 894c | 1af8 4983 | c3f8 4d89 | 5f48 eb1b | 498b d7c5 
  0x000001d923f1f920: f877 49ba | 50ee a53e | f87f 0000 

  0x000001d923f1f92c: ;   {other}
  0x000001d923f1f92c: 41ff d20f | 1f84 0000 | 0000 004c | 8bcb 458b | 5910 6690 | 4585 db0f | 84ac 3a00 | 004d 8bd3 
  0x000001d923f1f94c: 49c1 e203 | 4d8b da44 | 8bd7 498b | fb48 8bd6 | 0f1f 4000 | e944 d8ff | ff4d 8b57 | 484d 8b5f 
  0x000001d923f1f96c: 58f0 8344 | 24c0 0080 | 3900 0f84 | dad9 ffff | 4488 2190 | 4d85 d275 | 2049 8bd7 | c5f8 7749 
  0x000001d923f1f98c: ba50 eea5 | 3ef8 7f00 | 0041 ffd2 

  0x000001d923f1f998: ;   {other}
  0x000001d923f1f998: 0f1f 8400 | 0000 0000 | e9b1 d9ff | ff4b 894c | 13f8 4983 | c2f8 4d89 | 5748 e99f | d9ff ff48 
  0x000001d923f1f9b8: 8bea 488b | f741 8bfa | 498b d94d | 8b57 484d | 8b5f 58f0 | 8344 24c0 | 0080 3900 | 7432 4488 
  0x000001d923f1f9d8: 214d 85d2 | 740f 4b89 | 4c13 f849 | 83c2 f84d | 8957 48eb | 1b49 8bd7 | c5f8 7749 | ba50 eea5 
  0x000001d923f1f9f8: 3ef8 7f00 | 0041 ffd2 

  0x000001d923f1fa00: ;   {other}
  0x000001d923f1fa00: 0f1f 8400 | 0000 0000 | 4c8b cb44 | 8bd7 488b | fe48 8bd5 | e94d d8ff | ff4d 8b57 | 484d 8b5f 
  0x000001d923f1fa20: 58f0 8344 | 24c0 0080 | 3900 0f84 | 24db ffff | 4488 214d | 85d2 7520 | 498b d7c5 | f877 49ba 
  0x000001d923f1fa40: 50ee a53e | f87f 0000 

  0x000001d923f1fa48: ;   {other}
  0x000001d923f1fa48: 41ff d20f | 1f84 0000 | 0000 00e9 | fcda ffff | 4b89 4c13 | f849 83c2 | f84d 8957 | 48e9 eada 
  0x000001d923f1fa68: ffff 478b | 5cc4 1445 | 85db 0f84 | 45d6 ffff | 418b d84d | 8b57 2849 | 8bcb 48c1 | e103 4d85 
  0x000001d923f1fa88: d20f 8431 | 2a00 004d | 8b5f 384b | 894c 13f8 | 4983 c2f8 | 4d89 5728 | 448b c3e9 | 15d6 ffff 
  0x000001d923f1faa8: 4d8b 5748 | 4d8b 5f58 | f083 4424 | c000 8039 | 000f 8440 | d6ff ff44 | 8821 4d85 | d275 2049 
  0x000001d923f1fac8: 8bd7 c5f8 | 7749 ba50 | eea5 3ef8 | 7f00 0041 

  0x000001d923f1fad8: ;   {other}
  0x000001d923f1fad8: ffd2 0f1f | 8400 0000 | 0000 e918 | d6ff ff4b | 894c 13f8 | 4983 c2f8 | 4d89 5748 | e906 d6ff 
  0x000001d923f1faf8: ffba f6ff | ffff 4889 | 4424 2090 

  0x000001d923f1fb04: ;   {runtime_call UncommonTrapBlob}
  0x000001d923f1fb04: c5f8 77e8 

  0x000001d923f1fb08: ; ImmutableOopMap {[32]=Oop [72]=Oop }
                      ;*invokevirtual getResource {reexecute=0 rethrow=0 return_oop=0}
                      ; - java.net.URLClassLoader$1::run@26
  0x000001d923f1fb08: f44a 02ff 

  0x000001d923f1fb0c: ;   {other}
  0x000001d923f1fb0c: 0f1f 8400 | fc55 003c | ba76 ffff | ff48 8b6c | 2448 897c | 2424 895c | 2428 894c | 242c 6690 
  0x000001d923f1fb2c: ;   {runtime_call UncommonTrapBlob}
  0x000001d923f1fb2c: c5f8 77e8 

  0x000001d923f1fb30: ; ImmutableOopMap {rbp=Oop [40]=NarrowOop [44]=NarrowOop }
                      ;*if_icmpge {reexecute=1 rethrow=0 return_oop=0}
                      ; - (reexecute) java.lang.StringLatin1::replace@19
                      ; - java.lang.String::replace@18
                      ; - java.net.URLClassLoader$1::run@8
  0x000001d923f1fb30: cc4a 02ff 

  0x000001d923f1fb34: ;   {other}
  0x000001d923f1fb34: 0f1f 8400 | 2456 003d | 4963 d090 | e999 b8ff | ffba ccff | ffff 4c89 | 4c24 2048 | 8974 2430 
  0x000001d923f1fb54: 4889 5c24 | 3889 4c24 | 4066 6690 

  0x000001d923f1fb60: ;   {runtime_call UncommonTrapBlob}
  0x000001d923f1fb60: c5f8 77e8 

  0x000001d923f1fb64: ; ImmutableOopMap {[32]=Oop [56]=Oop [72]=Oop }
                      ;*invokestatic arraycopy {reexecute=0 rethrow=0 return_oop=0}
                      ; - java.lang.String::getBytes@22
                      ; - java.lang.StringConcatHelper::prepend@21
                      ; - java.lang.StringConcatHelper::simpleConcat@71
                      ; - java.lang.String::concat@11
                      ; - java.net.URLClassLoader$1::run@13
  0x000001d923f1fb64: 984a 02ff 

  0x000001d923f1fb68: ;   {other}
  0x000001d923f1fb68: 0f1f 8400 | 5856 003e | bacc ffff | ff4c 895c | 2420 4889 | 5c24 3044 | 8954 2438 

  0x000001d923f1fb84: ;   {runtime_call UncommonTrapBlob}
  0x000001d923f1fb84: c5f8 77e8 

  0x000001d923f1fb88: ; ImmutableOopMap {[32]=Oop [48]=Oop [72]=Oop }
                      ;*invokestatic arraycopy {reexecute=0 rethrow=0 return_oop=0}
                      ; - java.lang.String::getBytes@22
                      ; - java.lang.StringConcatHelper::prepend@21
                      ; - java.lang.StringConcatHelper::simpleConcat@81
                      ; - java.lang.String::concat@11
                      ; - java.net.URLClassLoader$1::run@13
  0x000001d923f1fb88: 744a 02ff 

  0x000001d923f1fb8c: ;   {other}
  0x000001d923f1fb8c: 0f1f 8400 | 7c56 003f | ba76 ffff | ff4c 895c | 2430 897c | 2438 895c | 243c 894c | 2440 6690 
  0x000001d923f1fbac: ;   {runtime_call UncommonTrapBlob}
  0x000001d923f1fbac: c5f8 77e8 

  0x000001d923f1fbb0: ; ImmutableOopMap {[48]=Oop [60]=NarrowOop [64]=NarrowOop [72]=Oop }
                      ;*if_icmpge {reexecute=1 rethrow=0 return_oop=0}
                      ; - (reexecute) java.lang.StringLatin1::replace@82
                      ; - java.lang.String::replace@18
                      ; - java.net.URLClassLoader$1::run@8
  0x000001d923f1fbb0: 4c4a 02ff 

  0x000001d923f1fbb4: ;   {other}
  0x000001d923f1fbb4: 0f1f 8400 | a456 0040 | baf6 ffff | ff48 8944 | 2428 6690 

  0x000001d923f1fbc8: ;   {runtime_call UncommonTrapBlob}
  0x000001d923f1fbc8: c5f8 77e8 

  0x000001d923f1fbcc: ; ImmutableOopMap {[40]=Oop [72]=Oop [108]=NarrowOop }
                      ;*invokevirtual defineClass {reexecute=0 rethrow=0 return_oop=0}
                      ; - java.net.URLClassLoader$1::run@43
  0x000001d923f1fbcc: 304a 02ff 

  0x000001d923f1fbd0: ;   {other}
  0x000001d923f1fbd0: 0f1f 8400 | c056 0041 | ba45 ffff | ff48 ff74 | 2448 488f | 4424 204c | 896c 2430 | 4489 5c24 
  0x000001d923f1fbf0: 4866 6690 

  0x000001d923f1fbf4: ;   {runtime_call UncommonTrapBlob}
  0x000001d923f1fbf4: c5f8 77e8 

  0x000001d923f1fbf8: ; ImmutableOopMap {rbp=NarrowOop [32]=Oop [48]=Oop [72]=NarrowOop [104]=NarrowOop [108]=NarrowOop }
                      ;*ifeq {reexecute=1 rethrow=0 return_oop=0}
                      ; - (reexecute) jdk.internal.loader.Resource::getByteBuffer@9
                      ; - java.net.URLClassLoader::defineClass@132
                      ; - java.net.URLClassLoader$1::run@43
  0x000001d923f1fbf8: 044a 02ff 

  0x000001d923f1fbfc: ;   {other}
  0x000001d923f1fbfc: 0f1f 8400 | ec56 0042 | bae4 ffff | ff4c 8b54 | 2448 4c89 | 5424 204c | 8b54 2430 | 4c89 5424 
  0x000001d923f1fc1c: 2844 894c | 2454 6690 

  0x000001d923f1fc24: ;   {runtime_call UncommonTrapBlob}
  0x000001d923f1fc24: c5f8 77e8 

  0x000001d923f1fc28: ; ImmutableOopMap {[32]=Oop [40]=Oop [84]=NarrowOop [104]=NarrowOop [108]=NarrowOop [120]=Oop [128]=Oop }
                      ;*invokestatic checkIndex {reexecute=0 rethrow=0 return_oop=0}
                      ; - java.nio.Buffer::checkIndex@8
                      ; - java.nio.DirectLongBufferU::get@11
                      ; - jdk.internal.perf.PerfCounter::get@5
                      ; - jdk.internal.perf.PerfCounter::add@1
                      ; - jdk.internal.perf.PerfCounter::addElapsedTimeFrom@6
                      ; - java.net.URLClassLoader::defineClass@207
                      ; - java.net.URLClassLoader$1::run@43
  0x000001d923f1fc28: d449 02ff 

  0x000001d923f1fc2c: ;   {other}
  0x000001d923f1fc2c: 0f1f 8400 | 1c57 0043 | baf6 ffff | ff4c 8b54 | 2430 4c89 | 5424 2048 | 895c 2428 | 4c89 4424 
  0x000001d923f1fc4c: 3066 6690 

  0x000001d923f1fc50: ;   {runtime_call UncommonTrapBlob}
  0x000001d923f1fc50: c5f8 77e8 

  0x000001d923f1fc54: ; ImmutableOopMap {[32]=Oop [40]=Oop [48]=Oop [72]=Oop }
                      ;*invokevirtual putIfAbsent {reexecute=0 rethrow=0 return_oop=0}
                      ; - java.lang.ClassLoader::checkCerts@62
                      ; - java.lang.ClassLoader::preDefineClass@113
                      ; - java.lang.ClassLoader::defineClass@4
                      ; - java.security.SecureClassLoader::defineClass@12
                      ; - java.net.URLClassLoader::defineClass@220
                      ; - java.net.URLClassLoader$1::run@43
  0x000001d923f1fc54: a849 02ff 

  0x000001d923f1fc58: ;   {other}
  0x000001d923f1fc58: 0f1f 8400 | 4857 0044 | baf6 ffff | ff66 6690 

  0x000001d923f1fc68: ;   {runtime_call UncommonTrapBlob}
  0x000001d923f1fc68: c5f8 77e8 

  0x000001d923f1fc6c: ; ImmutableOopMap {rbp=NarrowOop [48]=Oop [72]=Oop }
                      ;*invokevirtual toExternalForm {reexecute=0 rethrow=0 return_oop=0}
                      ; - java.net.URL::toExternalForm@5
                      ; - java.net.URL::toString@1
                      ; - java.lang.ClassLoader::defineClassSourceLocation@22
                      ; - java.lang.ClassLoader::defineClass@12
                      ; - java.security.SecureClassLoader::defineClass@12
                      ; - java.net.URLClassLoader::defineClass@220
                      ; - java.net.URLClassLoader$1::run@43
  0x000001d923f1fc6c: 9049 02ff 

  0x000001d923f1fc70: ;   {other}
  0x000001d923f1fc70: 0f1f 8400 | 6057 0045 | 4889 5424 | 604c 894c | 2458 4489 | 5c24 504c | 8974 2440 | 48ff 7424 
  0x000001d923f1fc90: 2848 8f44 | 2430 4889 | 4424 f88b | 4424 6c89 | 4424 2c48 | 8b44 24f8 | 4889 4424 | f88b 4424 
  0x000001d923f1fcb0: 6889 4424 | 2848 8b44 | 24f8 4c89 | 6c24 2048 | 8b6c 2448 | 498b d54c | 8d84 2410 | 0100 0090 
  0x000001d923f1fcd0: ;   {runtime_call _complete_monitor_locking_Java}
  0x000001d923f1fcd0: c5f8 77e8 

  0x000001d923f1fcd4: ; ImmutableOopMap {rbp=Oop [32]=Oop [40]=NarrowOop [44]=NarrowOop [48]=Oop [64]=Oop [80]=NarrowOop [88]=Oop }
                      ;*synchronization entry
                      ; - jdk.internal.loader.Resource::cachedInputStream@-1
                      ; - jdk.internal.loader.Resource::getByteBuffer@1
                      ; - java.net.URLClassLoader::defineClass@132
                      ; - java.net.URLClassLoader$1::run@43
  0x000001d923f1fcd4: a844 0eff 

  0x000001d923f1fcd8: ;   {other}
  0x000001d923f1fcd8: 0f1f 8400 | c857 0046 | 4889 6c24 | 484c 8b6c | 2420 4889 | 4424 f88b | 4424 2889 | 4424 6848 
  0x000001d923f1fcf8: 8b44 24f8 | 4889 4424 | f88b 4424 | 2c89 4424 | 6c48 8b44 | 24f8 48ff | 7424 3048 | 8f44 2428 
  0x000001d923f1fd18: 4c8b 7424 | 4044 8b5c | 2450 4c8b | 4c24 5848 | 8b54 2460 | e929 bfff | ff44 8944 | 2444 4889 
  0x000001d923f1fd38: 5424 584c | 894c 2450 | 4489 5c24 | 404c 8974 | 2430 498b | cd48 8d94 | 2410 0100 | 004d 8bc7 
  0x000001d923f1fd58: c5f8 7749 | ba90 65e7 | 3ef8 7f00 | 0041 ffd2 

  0x000001d923f1fd68: ;   {other}
  0x000001d923f1fd68: 0f1f 8400 | 0000 0000 | 4c8b 7424 | 3044 8b5c | 2440 4c8b | 4c24 5048 | 8b54 2458 | 448b 4424 
  0x000001d923f1fd88: 44e9 58c0 

  0x000001d923f1fd8c: ;   {oop(a 'jdk/internal/perf/PerfCounter'{0x0000000600eee550})}
  0x000001d923f1fd8c: ffff 48ba | 50e5 ee00 | 0600 0000 | 4c8d 8424 | 1001 0000 

  0x000001d923f1fda0: ;   {runtime_call _complete_monitor_locking_Java}
  0x000001d923f1fda0: c5f8 77e8 

  0x000001d923f1fda4: ; ImmutableOopMap {[40]=Oop [48]=Oop [64]=Oop [72]=Oop [88]=Oop [104]=NarrowOop [108]=NarrowOop [120]=Oop [128]=Oop }
                      ;*synchronization entry
                      ; - jdk.internal.perf.PerfCounter::add@-1
                      ; - jdk.internal.perf.PerfCounter::addElapsedTimeFrom@6
                      ; - java.net.URLClassLoader::defineClass@207
                      ; - java.net.URLClassLoader$1::run@43
  0x000001d923f1fda4: d843 0eff 

  0x000001d923f1fda8: ;   {other}
  0x000001d923f1fda8: 0f1f 8400 | 9858 0047 | e922 c3ff | ffba ccff | ffff 4c8b | 5424 484c | 8954 2420 | 4c8b 5424 
  0x000001d923f1fdc8: 304c 8954 | 2428 4489 | 4c24 5490 

  0x000001d923f1fdd4: ;   {runtime_call UncommonTrapBlob}
  0x000001d923f1fdd4: c5f8 77e8 

  0x000001d923f1fdd8: ; ImmutableOopMap {[32]=Oop [40]=Oop [84]=NarrowOop [104]=NarrowOop [108]=NarrowOop [120]=Oop [128]=Oop }
                      ;*invokestatic checkIndex {reexecute=0 rethrow=0 return_oop=0}
                      ; - java.nio.Buffer::checkIndex@8
                      ; - java.nio.DirectLongBufferU::get@11
                      ; - jdk.internal.perf.PerfCounter::get@5
                      ; - jdk.internal.perf.PerfCounter::add@1
                      ; - jdk.internal.perf.PerfCounter::addElapsedTimeFrom@6
                      ; - java.net.URLClassLoader::defineClass@207
                      ; - java.net.URLClassLoader$1::run@43
  0x000001d923f1fdd8: 2448 02ff 

  0x000001d923f1fddc: ;   {other}
  0x000001d923f1fddc: 0f1f 8400 | cc58 0048 

  0x000001d923f1fde4: ;   {oop(a 'jdk/internal/perf/PerfCounter'{0x0000000600eee550})}
  0x000001d923f1fde4: 48b9 50e5 | ee00 0600 | 0000 488d | 9424 1001 | 0000 4d8b | c7c5 f877 | 49ba 9065 | e73e f87f 
  0x000001d923f1fe04: 0000 41ff 

  0x000001d923f1fe08: ;   {other}
  0x000001d923f1fe08: d20f 1f84 | 0000 0000 | 00e9 a4c3 | ffff bade | ffff ff4c | 8b54 2448 | 4c89 5424 | 204c 8b54 
  0x000001d923f1fe28: 2430 4c89 | 5424 284c | 8944 2430 | 4489 4c24 | 3889 4c24 | 3c48 895c | 2448 4889 | 7c24 5090 
  0x000001d923f1fe48: ;   {runtime_call UncommonTrapBlob}
  0x000001d923f1fe48: c5f8 77e8 

  0x000001d923f1fe4c: ; ImmutableOopMap {rbp=NarrowOop [32]=Oop [40]=Oop [48]=Oop [60]=NarrowOop [72]=Oop [80]=Oop [108]=NarrowOop }
                      ;*invokeinterface computeIfAbsent {reexecute=0 rethrow=0 return_oop=0}
                      ; - java.security.SecureClassLoader::getProtectionDomain@28
                      ; - java.security.SecureClassLoader::defineClass@9
                      ; - java.net.URLClassLoader::defineClass@220
                      ; - java.net.URLClassLoader$1::run@43
  0x000001d923f1fe4c: b047 02ff 

  0x000001d923f1fe50: ;   {other}
  0x000001d923f1fe50: 0f1f 8400 | 4059 0049 | ba45 ffff | ff48 8b6c | 2448 4c8b | 5424 304c | 8954 2420 | 4c8b 5424 
  0x000001d923f1fe70: 384c 8954 | 2428 4c89 | 4c24 3844 | 8b54 2450 | 4489 5424 | 4466 6690 

  0x000001d923f1fe88: ;   {runtime_call UncommonTrapBlob}
  0x000001d923f1fe88: c5f8 77e8 

  0x000001d923f1fe8c: ; ImmutableOopMap {rbp=Oop [32]=Oop [40]=Oop [56]=Oop [68]=NarrowOop [80]=NarrowOop [108]=NarrowOop }
                      ;*ifeq {reexecute=1 rethrow=0 return_oop=0}
                      ; - (reexecute) java.lang.ClassLoader::checkName@8
                      ; - java.lang.ClassLoader::preDefineClass@1
                      ; - java.lang.ClassLoader::defineClass@4
                      ; - java.security.SecureClassLoader::defineClass@12
                      ; - java.net.URLClassLoader::defineClass@220
                      ; - java.net.URLClassLoader$1::run@43
  0x000001d923f1fe8c: 7047 02ff 

  0x000001d923f1fe90: ;   {other}
  0x000001d923f1fe90: 0f1f 8400 | 8059 004a | 4c89 5424 | 7044 8944 | 2460 4889 | 5424 584c | 894c 2450 | 4489 5c24 
  0x000001d923f1feb0: 244c 8974 | 2440 4889 | 4424 f88b | 4424 6c89 | 4424 2048 | 8b44 24f8 | 8b6c 2468 | 4c89 6c24 
  0x000001d923f1fed0: ;   {metadata('java/io/FileInputStream')}
  0x000001d923f1fed0: 3048 bae8 | ee06 0008 | 0000 0090 

  0x000001d923f1fedc: ;   {runtime_call _new_instance_Java}
  0x000001d923f1fedc: c5f8 77e8 

  0x000001d923f1fee0: ; ImmutableOopMap {rbp=NarrowOop [32]=NarrowOop [36]=NarrowOop [40]=Oop [48]=Oop [64]=Oop [72]=Oop [80]=Oop [112]=Oop }
                      ;*new {reexecute=0 rethrow=0 return_oop=1}
                      ; - jdk.internal.loader.URLClassPath$FileLoader$1::getInputStream@0
                      ; - jdk.internal.loader.Resource::cachedInputStream@9
                      ; - jdk.internal.loader.Resource::getByteBuffer@1
                      ; - java.net.URLClassLoader::defineClass@132
                      ; - java.net.URLClassLoader$1::run@43
  0x000001d923f1fee0: 1c53 0eff 

  0x000001d923f1fee4: ;   {other}
  0x000001d923f1fee4: 0f1f 8400 | d459 004b | 4c8b 6c24 | 3089 6c24 | 6848 8944 | 24f8 8b44 | 2420 8944 | 246c 488b 
  0x000001d923f1ff04: 4424 f84c | 8b74 2440 | 448b 5c24 | 244c 8b4c | 2450 488b | 5424 5844 | 8b44 2460 | 4c8b 5424 
  0x000001d923f1ff24: 70e9 abcf | ffff 8be9 | 4889 5c24 | 704c 8954 | 2460 4489 | 4424 4448 | 8954 2458 | 4c89 4c24 
  0x000001d923f1ff44: 5044 895c | 2440 4c89 | 7424 204c | 896c 2430 

  0x000001d923f1ff54: ;   {metadata('java/lang/Object')}
  0x000001d923f1ff54: 48ba 4812 | 0400 0800 | 0000 6690 

  0x000001d923f1ff60: ;   {runtime_call _new_instance_Java}
  0x000001d923f1ff60: c5f8 77e8 

  0x000001d923f1ff64: ; ImmutableOopMap {rbp=NarrowOop [32]=Oop [40]=Oop [48]=Oop [64]=NarrowOop [72]=Oop [80]=Oop [96]=Oop [104]=NarrowOop [108]=NarrowOop [112]=Oop }
                      ;*new {reexecute=0 rethrow=0 return_oop=1}
                      ; - java.io.FileInputStream::<init>@5
                      ; - jdk.internal.loader.URLClassPath$FileLoader$1::getInputStream@8
                      ; - jdk.internal.loader.Resource::cachedInputStream@9
                      ; - jdk.internal.loader.Resource::getByteBuffer@1
                      ; - java.net.URLClassLoader::defineClass@132
                      ; - java.net.URLClassLoader$1::run@43
  0x000001d923f1ff64: 9852 0eff 

  0x000001d923f1ff68: ;   {other}
  0x000001d923f1ff68: 0f1f 8400 | 585a 004c | e9cc cfff | ff48 8954 | 2478 418b 

  0x000001d923f1ff7c: ;   {metadata('java/io/FileDescriptor')}
  0x000001d923f1ff7c: ea48 bab0 | f106 0008 | 0000 0090 

  0x000001d923f1ff88: ;   {runtime_call _new_instance_Java}
  0x000001d923f1ff88: c5f8 77e8 

  0x000001d923f1ff8c: ; ImmutableOopMap {rbp=NarrowOop [32]=Oop [40]=Oop [48]=Oop [64]=NarrowOop [72]=Oop [80]=Oop [96]=Oop [104]=NarrowOop [108]=NarrowOop [112]=Oop [120]=Oop }
                      ;*new {reexecute=0 rethrow=0 return_oop=1}
                      ; - java.io.FileInputStream::<init>@71
                      ; - jdk.internal.loader.URLClassPath$FileLoader$1::getInputStream@8
                      ; - jdk.internal.loader.Resource::cachedInputStream@9
                      ; - jdk.internal.loader.Resource::getByteBuffer@1
                      ; - java.net.URLClassLoader::defineClass@132
                      ; - java.net.URLClassLoader$1::run@43
  0x000001d923f1ff8c: 7052 0eff 

  0x000001d923f1ff90: ;   {other}
  0x000001d923f1ff90: 0f1f 8400 | 805a 004d | 448b d548 | 8bf8 488b | 5424 78e9 | aad1 ffff 

  0x000001d923f1ffa8: ;   {metadata('java/io/FileCleanable')}
  0x000001d923f1ffa8: 48ba e06c | 0800 0800 | 0000 6690 

  0x000001d923f1ffb4: ;   {runtime_call _new_instance_Java}
  0x000001d923f1ffb4: c5f8 77e8 

  0x000001d923f1ffb8: ; ImmutableOopMap {[32]=Oop [40]=Oop [48]=Oop [64]=NarrowOop [72]=Oop [80]=Oop [96]=Oop [104]=NarrowOop [108]=NarrowOop [112]=Oop [120]=NarrowOop [136]=Oop }
                      ;*new {reexecute=0 rethrow=0 return_oop=1}
                      ; - java.io.FileCleanable::register@32
                      ; - java.io.FileInputStream::<init>@103
                      ; - jdk.internal.loader.URLClassPath$FileLoader$1::getInputStream@8
                      ; - jdk.internal.loader.Resource::cachedInputStream@9
                      ; - jdk.internal.loader.Resource::getByteBuffer@1
                      ; - java.net.URLClassLoader::defineClass@132
                      ; - java.net.URLClassLoader$1::run@43
  0x000001d923f1ffb8: 4452 0eff 

  0x000001d923f1ffbc: ;   {other}
  0x000001d923f1ffbc: 0f1f 8400 | ac5a 004e | e979 d4ff | ffba e4ff | ffff 4c8b | 5c24 484c | 895c 2420 | 4c8b 5c24 
  0x000001d923f1ffdc: 304c 895c | 2428 4c8b | 5c24 384c | 895c 2430 | 448b 5c24 | 6844 895c | 2438 4c8b | 5c24 704c 
  0x000001d923f1fffc: 895c 2440 | 448b 5c24 | 5044 895c | 2448 4889 | 4424 6044 | 8954 2468 

  0x000001d923f20014: ;   {runtime_call UncommonTrapBlob}
  0x000001d923f20014: c5f8 77e8 

  0x000001d923f20018: ; ImmutableOopMap {[32]=Oop [40]=Oop [56]=NarrowOop [64]=Oop [72]=NarrowOop [96]=Oop [108]=NarrowOop }
                      ;*invokestatic checkIndex {reexecute=0 rethrow=0 return_oop=0}
                      ; - java.util.zip.CRC32::updateBytesCheck@30
                      ; - java.util.zip.CRC32::updateBytes@3
                      ; - java.util.zip.CRC32::update@31
                      ; - java.util.zip.Checksum::update@5
                      ; - jdk.internal.loader.URLClassPath$JarLoader$2::getBytes@15
                      ; - java.net.URLClassLoader::defineClass@179
                      ; - java.net.URLClassLoader$1::run@43
  0x000001d923f20018: e445 02ff 

  0x000001d923f2001c: ;   {other}
  0x000001d923f2001c: 0f1f 8400 | 0c5b 004f | bace ffff | ff4c 8b5c | 2448 498b | eb4c 8b5c | 2430 4c89 | 5c24 204c 
  0x000001d923f2003c: 8b5c 2438 | 4c89 5c24 | 2844 8b44 | 2454 4489 | 4424 304c | 894c 2438 | 448b 5c24 | 5044 895c 
  0x000001d923f2005c: 2444 4489 | 5424 5490 

  0x000001d923f20064: ;   {runtime_call UncommonTrapBlob}
  0x000001d923f20064: c5f8 77e8 

  0x000001d923f20068: ; ImmutableOopMap {rbp=Oop [32]=Oop [40]=Oop [56]=Oop [68]=NarrowOop [108]=NarrowOop [140]=NarrowOop }
                      ;*invokestatic indexOfChar {reexecute=0 rethrow=0 return_oop=0}
                      ; - java.lang.StringLatin1::indexOf@33
                      ; - java.lang.String::indexOf@17
                      ; - java.lang.String::indexOf@3
                      ; - java.lang.ClassLoader::checkName@16
                      ; - java.lang.ClassLoader::preDefineClass@1
                      ; - java.lang.ClassLoader::defineClass@4
                      ; - java.security.SecureClassLoader::defineClass@12
                      ; - java.net.URLClassLoader::defineClass@220
                      ; - java.net.URLClassLoader$1::run@43
  0x000001d923f20068: 9445 02ff 

  0x000001d923f2006c: ;   {other}
  0x000001d923f2006c: 0f1f 8400 | 5c5b 0050 | bade ffff | ff48 8b6c | 2448 4c89 | 6c24 204c | 8b4c 2438 | 4c89 4c24 
  0x000001d923f2008c: 2844 895c | 2440 4c89 | 5424 5089 | 4c24 4444 | 8944 2458 

  0x000001d923f200a0: ;   {runtime_call UncommonTrapBlob}
  0x000001d923f200a0: c5f8 77e8 

  0x000001d923f200a4: ; ImmutableOopMap {rbp=Oop [32]=Oop [64]=NarrowOop [68]=NarrowOop [80]=Oop [88]=NarrowOop [104]=NarrowOop [108]=NarrowOop [248]=Oop }
                      ;*invokeinterface ensureInitialization {reexecute=0 rethrow=0 return_oop=0}
                      ; - jdk.internal.loader.URLClassPath$JarLoader$2::getManifest@10
                      ; - java.net.URLClassLoader::defineClass@34
                      ; - java.net.URLClassLoader$1::run@43
  0x000001d923f200a4: 5845 02ff 

  0x000001d923f200a8: ;   {other}
  0x000001d923f200a8: 0f1f 8400 | 985b 0051 | 4889 4c24 | 7844 894c | 2470 4489 | 4424 5c4c | 8954 2460 | 4489 5c24 
  0x000001d923f200c8: 584c 8974 | 2450 48ff | 7424 2848 | 8f44 2440 | 4889 4424 | f88b 4424 | 6c89 4424 | 3448 8b44 
  0x000001d923f200e8: 24f8 4889 | 4424 f88b | 4424 6889 | 4424 3048 | 8b44 24f8 | 4889 7c24 | 284c 896c | 2420 488b 
  0x000001d923f20108: 6c24 4848 | 8bd1 4c8d | 8424 1001 | 0000 6690 

  0x000001d923f20118: ;   {runtime_call _complete_monitor_locking_Java}
  0x000001d923f20118: c5f8 77e8 

  0x000001d923f2011c: ; ImmutableOopMap {rbp=Oop [32]=Oop [48]=NarrowOop [52]=NarrowOop [64]=Oop [80]=Oop [88]=NarrowOop [92]=NarrowOop [96]=Oop [120]=Oop [248]=Oop }
                      ;*synchronization entry
                      ; - java.util.jar.JarFile::ensureInitialization@-1
                      ; - java.util.jar.JavaUtilJarAccessImpl::ensureInitialization@1
                      ; - jdk.internal.loader.URLClassPath$JarLoader$2::getManifest@10
                      ; - java.net.URLClassLoader::defineClass@34
                      ; - java.net.URLClassLoader$1::run@43
  0x000001d923f2011c: 6040 0eff 

  0x000001d923f20120: ;   {other}
  0x000001d923f20120: 0f1f 8400 | 105c 0052 | 4889 6c24 | 484c 8b6c | 2420 488b | 7c24 2848 | 8944 24f8 | 8b44 2430 
  0x000001d923f20140: 8944 2468 | 488b 4424 | f848 8944 | 24f8 8b44 | 2434 8944 | 246c 488b | 4424 f848 | ff74 2440 
  0x000001d923f20160: 488f 4424 | 284c 8b74 | 2450 448b | 5c24 584c | 8b54 2460 | 448b 4424 | 5c44 8b4c | 2470 488b 
  0x000001d923f20180: 4c24 78e9 | 6cb8 ffff | 4c89 5424 | 6048 895c | 2458 4c89 | 4c24 5044 | 895c 2440 | 4c89 7424 
  0x000001d923f201a0: 3048 8bf7 | 488d 9424 | 1001 0000 | 4d8b c7c5 | f877 49ba | 9065 e73e | f87f 0000 

  0x000001d923f201bc: ;   {other}
  0x000001d923f201bc: 41ff d20f | 1f84 0000 | 0000 0048 | 8bfe 4c8b | 7424 3044 | 8b5c 2440 | 4c8b 4c24 | 5048 8b5c 
  0x000001d923f201dc: 2458 4c8b | 5424 60e9 | dfb8 ffff | bade ffff | ff48 ff74 | 2448 488f | 4424 204c | 896c 2428 
  0x000001d923f201fc: 4c8b 4424 | 384c 8944 | 2430 4c89 | 5424 4044 | 895c 2448 

  0x000001d923f20210: ;   {runtime_call UncommonTrapBlob}
  0x000001d923f20210: c5f8 77e8 

  0x000001d923f20214: ; ImmutableOopMap {rbp=NarrowOop [32]=Oop [40]=Oop [64]=Oop [72]=NarrowOop [104]=NarrowOop [108]=NarrowOop [248]=Oop }
                      ;*invokevirtual getManifest {reexecute=0 rethrow=0 return_oop=0}
                      ; - jdk.internal.loader.URLClassPath$JarLoader$2::getManifest@22
                      ; - java.net.URLClassLoader::defineClass@34
                      ; - java.net.URLClassLoader$1::run@43
  0x000001d923f20214: e843 02ff 

  0x000001d923f20218: ;   {other}
  0x000001d923f20218: 0f1f 8400 | 085d 0053 | bade ffff | ff4c 8b5c | 2448 4c89 | 5c24 2048 | ff74 2430 | 488f 4424 
  0x000001d923f20238: 284c 8b54 | 2438 4c89 | 5424 3090 

  0x000001d923f20244: ;   {runtime_call UncommonTrapBlob}
  0x000001d923f20244: c5f8 77e8 

  0x000001d923f20248: ; ImmutableOopMap {rbp=NarrowOop [32]=Oop [40]=Oop [80]=NarrowOop [104]=NarrowOop [108]=NarrowOop [120]=Oop }
                      ;*invokevirtual getCodeSigners {reexecute=0 rethrow=0 return_oop=0}
                      ; - jdk.internal.loader.URLClassPath$JarLoader$2::getCodeSigners@4
                      ; - java.net.URLClassLoader::defineClass@185
                      ; - java.net.URLClassLoader$1::run@43
  0x000001d923f20248: b443 02ff 

  0x000001d923f2024c: ;   {other}
  0x000001d923f2024c: 0f1f 8400 | 3c5d 0054 | 33ed 4585 | d240 0f94 | c5ba 45ff | ffff 895c | 2428 6690 

  0x000001d923f20268: ;   {runtime_call UncommonTrapBlob}
  0x000001d923f20268: c5f8 77e8 

  0x000001d923f2026c: ; ImmutableOopMap {[40]=NarrowOop [72]=Oop }
                      ;*ifeq {reexecute=1 rethrow=0 return_oop=0}
                      ; - (reexecute) java.lang.String::replace@9
                      ; - java.net.URLClassLoader$1::run@8
  0x000001d923f2026c: 9043 02ff 

  0x000001d923f20270: ;   {other}
  0x000001d923f20270: 0f1f 8400 | 605d 0055 | ba76 ffff | ff89 7c24 | 284c 895c | 2430 895c | 2438 894c | 243c 6690 
  0x000001d923f20290: ;   {runtime_call UncommonTrapBlob}
  0x000001d923f20290: c5f8 77e8 

  0x000001d923f20294: ; ImmutableOopMap {[48]=Oop [56]=NarrowOop [60]=NarrowOop [72]=Oop }
                      ;*if_icmpge {reexecute=1 rethrow=0 return_oop=0}
                      ; - (reexecute) java.lang.StringLatin1::replace@61
                      ; - java.lang.String::replace@18
                      ; - java.net.URLClassLoader$1::run@8
  0x000001d923f20294: 6843 02ff 

  0x000001d923f20298: ;   {other}
  0x000001d923f20298: 0f1f 8400 | 885d 0056 | 41ba 0100 | 0000 e9a9 | aeff ffba | 45ff ffff | 4c89 4c24 | 2089 4c24 
  0x000001d923f202b8: 2866 6690 

  0x000001d923f202bc: ;   {runtime_call UncommonTrapBlob}
  0x000001d923f202bc: c5f8 77e8 

  0x000001d923f202c0: ; ImmutableOopMap {[32]=Oop [72]=Oop }
                      ;*iflt {reexecute=1 rethrow=0 return_oop=0}
                      ; - (reexecute) java.lang.StringConcatHelper::checkOverflow@2
                      ; - java.lang.StringConcatHelper::mix@23
                      ; - java.lang.StringConcatHelper::simpleConcat@46
                      ; - java.lang.String::concat@11
                      ; - java.net.URLClassLoader$1::run@13
  0x000001d923f202c0: 3c43 02ff 

  0x000001d923f202c4: ;   {other}
  0x000001d923f202c4: 0f1f 8400 | b45d 0057 | ba45 ffff | ff4c 894c | 2428 6690 

  0x000001d923f202d8: ;   {runtime_call UncommonTrapBlob}
  0x000001d923f202d8: c5f8 77e8 

  0x000001d923f202dc: ; ImmutableOopMap {[40]=Oop [72]=Oop }
                      ;*iflt {reexecute=1 rethrow=0 return_oop=0}
                      ; - (reexecute) java.lang.StringConcatHelper::checkOverflow@2
                      ; - java.lang.StringConcatHelper::mix@23
                      ; - java.lang.StringConcatHelper::simpleConcat@54
                      ; - java.lang.String::concat@11
                      ; - java.net.URLClassLoader$1::run@13
  0x000001d923f202dc: 2043 02ff 

  0x000001d923f202e0: ;   {other}
  0x000001d923f202e0: 0f1f 8400 | d05d 0058 | ba45 ffff | ff4c 894c | 2420 4889 | 7424 2889 | 7c24 3090 

  0x000001d923f202fc: ;   {runtime_call UncommonTrapBlob}
  0x000001d923f202fc: c5f8 77e8 

  0x000001d923f20300: ; ImmutableOopMap {[32]=Oop [72]=Oop }
                      ;*if_icmpne {reexecute=1 rethrow=0 return_oop=0}
                      ; - (reexecute) java.lang.StringConcatHelper::mix@13
                      ; - java.lang.StringConcatHelper::simpleConcat@46
                      ; - java.lang.String::concat@11
                      ; - java.net.URLClassLoader$1::run@13
  0x000001d923f20300: fc42 02ff 

  0x000001d923f20304: ;   {other}
  0x000001d923f20304: 0f1f 8400 | f45d 0059 | ba45 ffff | ff4c 894c | 2420 4889 | 4424 2844 | 8944 2430 

  0x000001d923f20320: ;   {runtime_call UncommonTrapBlob}
  0x000001d923f20320: c5f8 77e8 

  0x000001d923f20324: ; ImmutableOopMap {[32]=Oop [72]=Oop }
                      ;*ifge {reexecute=1 rethrow=0 return_oop=0}
                      ; - (reexecute) java.lang.StringConcatHelper::newArray@13
                      ; - java.lang.StringConcatHelper::simpleConcat@61
                      ; - java.lang.String::concat@11
                      ; - java.net.URLClassLoader$1::run@13
  0x000001d923f20324: d842 02ff 

  0x000001d923f20328: ;   {other}
  0x000001d923f20328: 0f1f 8400 | 185e 005a | baf6 ffff | ff48 ff74 | 2448 488f | 4424 204c | 896c 2430 | 4489 5c24 
  0x000001d923f20348: 4848 895c | 2450 6690 

  0x000001d923f20350: ;   {runtime_call UncommonTrapBlob}
  0x000001d923f20350: c5f8 77e8 

  0x000001d923f20354: ; ImmutableOopMap {rbp=NarrowOop [32]=Oop [48]=Oop [72]=NarrowOop [80]=Oop [104]=NarrowOop [108]=NarrowOop }
                      ;*invokevirtual getInputStream {reexecute=0 rethrow=0 return_oop=0}
                      ; - jdk.internal.loader.URLClassPath$JarLoader$2::getInputStream@11
                      ; - jdk.internal.loader.Resource::cachedInputStream@9
                      ; - jdk.internal.loader.Resource::getByteBuffer@1
                      ; - java.net.URLClassLoader::defineClass@132
                      ; - java.net.URLClassLoader$1::run@43
  0x000001d923f20354: a842 02ff 

  0x000001d923f20358: ;   {other}
  0x000001d923f20358: 0f1f 8400 | 485e 005b | 33ed 85c9 | 400f 94c5 | ba45 ffff | ff48 ff74 | 2448 488f | 4424 204c 
  0x000001d923f20378: 896c 2430 | 4889 4424 | f88b 4424 | 6c89 4424 | 4448 8b44 | 24f8 4489 | 5c24 4c90 

  0x000001d923f20394: ;   {runtime_call UncommonTrapBlob}
  0x000001d923f20394: c5f8 77e8 

  0x000001d923f20398: ; ImmutableOopMap {[32]=Oop [48]=Oop [68]=NarrowOop [104]=NarrowOop }
                      ;*ifeq {reexecute=1 rethrow=0 return_oop=0}
                      ; - (reexecute) java.lang.String::lastIndexOf@4
                      ; - java.lang.String::lastIndexOf@8
                      ; - java.net.URLClassLoader::defineClass@7
                      ; - java.net.URLClassLoader$1::run@43
  0x000001d923f20398: 6442 02ff 

  0x000001d923f2039c: ;   {other}
  0x000001d923f2039c: 0f1f 8400 | 8c5e 005c | 498b d7c5 | f877 49ba | 70ee a53e | f87f 0000 

  0x000001d923f203b4: ;   {other}
  0x000001d923f203b4: 41ff d20f | 1f84 0000 | 0000 004c | 8bc5 e927 | bcff ff33 | ed45 85db | 400f 94c5 | ba45 ffff 
  0x000001d923f203d4: ff4c 8b54 | 2448 4c89 | 5424 204c | 8b54 2430 | 4c89 5424 | 284c 8b54 | 2438 4c89 | 5424 3044 
  0x000001d923f203f4: 8b54 2454 | 4489 5424 | 384c 894c | 2440 448b | 5c24 5044 | 895c 244c 

  0x000001d923f2040c: ;   {runtime_call UncommonTrapBlob}
  0x000001d923f2040c: c5f8 77e8 

  0x000001d923f20410: ; ImmutableOopMap {[32]=Oop [40]=Oop [48]=Oop [64]=Oop [76]=NarrowOop [108]=NarrowOop }
                      ;*ifeq {reexecute=1 rethrow=0 return_oop=0}
                      ; - (reexecute) java.lang.String::indexOf@4
                      ; - java.lang.String::indexOf@3
                      ; - java.lang.ClassLoader::checkName@16
                      ; - java.lang.ClassLoader::preDefineClass@1
                      ; - java.lang.ClassLoader::defineClass@4
                      ; - java.security.SecureClassLoader::defineClass@12
                      ; - java.net.URLClassLoader::defineClass@220
                      ; - java.net.URLClassLoader$1::run@43
  0x000001d923f20410: ec41 02ff 

  0x000001d923f20414: ;   {other}
  0x000001d923f20414: 0f1f 8400 | 045f 005d | ba45 ffff | ff48 8b6c | 2448 4c8b | 5424 304c | 8954 2420 | 4c8b 5424 
  0x000001d923f20434: 384c 8954 | 2428 4c89 | 4c24 3844 | 8b54 2450 | 4489 5424 | 4489 5c24 | 4c66 6690 

  0x000001d923f20450: ;   {runtime_call UncommonTrapBlob}
  0x000001d923f20450: c5f8 77e8 

  0x000001d923f20454: ; ImmutableOopMap {rbp=Oop [32]=Oop [40]=Oop [56]=Oop [68]=NarrowOop [80]=NarrowOop [108]=NarrowOop }
                      ;*if_icmpne {reexecute=1 rethrow=0 return_oop=0}
                      ; - (reexecute) java.lang.ClassLoader::checkName@20
                      ; - java.lang.ClassLoader::preDefineClass@1
                      ; - java.lang.ClassLoader::defineClass@4
                      ; - java.security.SecureClassLoader::defineClass@12
                      ; - java.net.URLClassLoader::defineClass@220
                      ; - java.net.URLClassLoader$1::run@43
  0x000001d923f20454: a841 02ff 

  0x000001d923f20458: ;   {other}
  0x000001d923f20458: 0f1f 8400 | 485f 005e | ba45 ffff | ff48 8b6c | 2448 4c8b | 4424 304c | 8944 2420 | 4c8b 4424 
  0x000001d923f20478: 384c 8944 | 2428 448b | 4424 5444 | 8944 2430 | 4c89 4c24 | 3844 895c | 2434 4489 | 5424 4444 
  0x000001d923f20498: 8954 2448 | 4489 6c24 | 6466 6690 

  0x000001d923f204a4: ;   {runtime_call UncommonTrapBlob}
  0x000001d923f204a4: c5f8 77e8 

  0x000001d923f204a8: ; ImmutableOopMap {rbp=Oop [32]=Oop [40]=Oop [52]=NarrowOop [56]=Oop [80]=NarrowOop [108]=NarrowOop }
                      ;*if_icmpgt {reexecute=1 rethrow=0 return_oop=0}
                      ; - (reexecute) jdk.internal.util.Preconditions::checkFromToIndex@6
                      ; - java.lang.String::checkBoundsBeginEnd@6
                      ; - java.lang.String::substring@8
                      ; - java.lang.ClassLoader::checkCerts@21
                      ; - java.lang.ClassLoader::preDefineClass@113
                      ; - java.lang.ClassLoader::defineClass@4
                      ; - java.security.SecureClassLoader::defineClass@12
                      ; - java.net.URLClassLoader::defineClass@220
                      ; - java.net.URLClassLoader$1::run@43
  0x000001d923f204a8: 5441 02ff 

  0x000001d923f204ac: ;   {other}
  0x000001d923f204ac: 0f1f 8400 | 9c5f 005f | ba45 ffff | ff48 8b6c | 2448 4c89 | 6c24 2848 | ff74 2438 | 488f 4424 
  0x000001d923f204cc: 3089 4424 | 3c89 4424 | 4048 8944 | 24f8 8b44 | 246c 8944 | 2448 488b | 4424 f844 | 895c 244c 
  0x000001d923f204ec: 4489 4424 | 5866 6690 

  0x000001d923f204f4: ;   {runtime_call UncommonTrapBlob}
  0x000001d923f204f4: c5f8 77e8 

  0x000001d923f204f8: ; ImmutableOopMap {rbp=Oop [40]=Oop [72]=NarrowOop [76]=NarrowOop [104]=NarrowOop }
                      ;*if_icmpgt {reexecute=1 rethrow=0 return_oop=0}
                      ; - (reexecute) jdk.internal.util.Preconditions::checkFromToIndex@6
                      ; - java.lang.String::checkBoundsBeginEnd@6
                      ; - java.lang.String::substring@8
                      ; - java.net.URLClassLoader::defineClass@28
                      ; - java.net.URLClassLoader$1::run@43
  0x000001d923f204f8: 0441 02ff 

  0x000001d923f204fc: ;   {other}
  0x000001d923f204fc: 0f1f 8400 | ec5f 0060 | ba45 ffff | ff48 8b6c | 2448 4c89 | 5424 204c | 8b54 2438 | 4c89 5424 
  0x000001d923f2051c: 2848 894c | 2448 4c89 | 5c24 5890 

  0x000001d923f20528: ;   {runtime_call UncommonTrapBlob}
  0x000001d923f20528: c5f8 77e8 

  0x000001d923f2052c: ; ImmutableOopMap {rbp=Oop [32]=Oop [72]=Oop [80]=NarrowOop [88]=Oop [104]=NarrowOop [108]=NarrowOop [120]=Oop }
                      ;*ifnull {reexecute=1 rethrow=0 return_oop=0}
                      ; - (reexecute) java.security.CodeSource::<init>@25
                      ; - java.net.URLClassLoader::defineClass@198
                      ; - java.net.URLClassLoader$1::run@43
  0x000001d923f2052c: d040 02ff 

  0x000001d923f20530: ;   {other}
  0x000001d923f20530: 0f1f 8400 | 2060 0061 | ba45 ffff | ff4c 8b54 | 2448 4c89 | 5424 204c | 8b54 2430 | 4c89 5424 
  0x000001d923f20550: 2844 894c | 2454 6690 

  0x000001d923f20558: ;   {runtime_call UncommonTrapBlob}
  0x000001d923f20558: c5f8 77e8 

  0x000001d923f2055c: ; ImmutableOopMap {rbp=NarrowOop [32]=Oop [40]=Oop [84]=NarrowOop [104]=NarrowOop [108]=NarrowOop [120]=Oop [128]=Oop }
                      ;*ifnull {reexecute=1 rethrow=0 return_oop=0}
                      ; - (reexecute) java.nio.Buffer::session@4
                      ; - java.nio.DirectLongBufferU::get@4
                      ; - jdk.internal.perf.PerfCounter::get@5
                      ; - jdk.internal.perf.PerfCounter::add@1
                      ; - jdk.internal.perf.PerfCounter::addElapsedTimeFrom@6
                      ; - java.net.URLClassLoader::defineClass@207
                      ; - java.net.URLClassLoader$1::run@43
  0x000001d923f2055c: a040 02ff 

  0x000001d923f20560: ;   {other}
  0x000001d923f20560: 0f1f 8400 | 5060 0062 | ba45 ffff | ff4c 8b54 | 2448 4c89 | 5424 204c | 8b54 2430 | 4c89 5424 
  0x000001d923f20580: 284c 8b54 | 2438 4c89 | 5424 304c | 894c 2440 | 448b 5c24 | 5044 895c | 244c 6690 

  0x000001d923f2059c: ;   {runtime_call UncommonTrapBlob}
  0x000001d923f2059c: c5f8 77e8 

  0x000001d923f205a0: ; ImmutableOopMap {[32]=Oop [40]=Oop [48]=Oop [64]=Oop [76]=NarrowOop [108]=NarrowOop }
                      ;*if_icmpne {reexecute=1 rethrow=0 return_oop=0}
                      ; - (reexecute) java.lang.ClassLoader::checkName@30
                      ; - java.lang.ClassLoader::preDefineClass@1
                      ; - java.lang.ClassLoader::defineClass@4
                      ; - java.security.SecureClassLoader::defineClass@12
                      ; - java.net.URLClassLoader::defineClass@220
                      ; - java.net.URLClassLoader$1::run@43
  0x000001d923f205a0: 5c40 02ff 

  0x000001d923f205a4: ;   {other}
  0x000001d923f205a4: 0f1f 8400 | 9460 0063 | ba45 ffff | ff48 8b6c | 2448 4c8b | 5424 304c | 8954 2420 | 4c8b 5424 
  0x000001d923f205c4: 384c 8954 | 2428 4489 | 4424 4890 

  0x000001d923f205d0: ;   {runtime_call UncommonTrapBlob}
  0x000001d923f205d0: c5f8 77e8 

  0x000001d923f205d4: ; ImmutableOopMap {rbp=Oop [32]=Oop [40]=Oop [80]=NarrowOop [108]=NarrowOop [112]=Oop }
                      ;*ifne {reexecute=1 rethrow=0 return_oop=0}
                      ; - (reexecute) java.lang.ClassLoader::compareCerts@7
                      ; - java.lang.ClassLoader::checkCerts@80
                      ; - java.lang.ClassLoader::preDefineClass@113
                      ; - java.lang.ClassLoader::defineClass@4
                      ; - java.security.SecureClassLoader::defineClass@12
                      ; - java.net.URLClassLoader::defineClass@220
                      ; - java.net.URLClassLoader$1::run@43
  0x000001d923f205d4: 2840 02ff 

  0x000001d923f205d8: ;   {other}
  0x000001d923f205d8: 0f1f 8400 | c860 0064 | ba45 ffff | ff48 8b6c | 2448 4c8b | 4424 304c | 8944 2420 | 4c8b 4424 
  0x000001d923f205f8: 384c 8944 | 2428 8b4c | 2454 894c | 2430 4c89 | 4c24 3844 | 895c 2434 | 4489 5424 | 4444 8954 
  0x000001d923f20618: 2448 4489 | 6c24 6444 | 896c 2468 

  0x000001d923f20624: ;   {runtime_call UncommonTrapBlob}
  0x000001d923f20624: c5f8 77e8 

  0x000001d923f20628: ; ImmutableOopMap {rbp=Oop [32]=Oop [40]=Oop [52]=NarrowOop [56]=Oop [80]=NarrowOop [108]=NarrowOop }
                      ;*if_icmple {reexecute=1 rethrow=0 return_oop=0}
                      ; - (reexecute) jdk.internal.util.Preconditions::checkFromToIndex@11
                      ; - java.lang.String::checkBoundsBeginEnd@6
                      ; - java.lang.String::substring@8
                      ; - java.lang.ClassLoader::checkCerts@21
                      ; - java.lang.ClassLoader::preDefineClass@113
                      ; - java.lang.ClassLoader::defineClass@4
                      ; - java.security.SecureClassLoader::defineClass@12
                      ; - java.net.URLClassLoader::defineClass@220
                      ; - java.net.URLClassLoader$1::run@43
  0x000001d923f20628: d43f 02ff 

  0x000001d923f2062c: ;   {other}
  0x000001d923f2062c: 0f1f 8400 | 1c61 0065 | ba45 ffff | ff48 8b6c | 2448 4c89 | 6c24 2848 | ff74 2438 | 488f 4424 
  0x000001d923f2064c: 3089 4424 | 3c89 4424 | 4048 8944 | 24f8 8b44 | 246c 8944 | 2448 488b | 4424 f844 | 895c 244c 
  0x000001d923f2066c: 4489 4424 | 5844 8944 | 245c 6690 

  0x000001d923f20678: ;   {runtime_call UncommonTrapBlob}
  0x000001d923f20678: c5f8 77e8 

  0x000001d923f2067c: ; ImmutableOopMap {rbp=Oop [40]=Oop [72]=NarrowOop [76]=NarrowOop [104]=NarrowOop }
                      ;*if_icmple {reexecute=1 rethrow=0 return_oop=0}
                      ; - (reexecute) jdk.internal.util.Preconditions::checkFromToIndex@11
                      ; - java.lang.String::checkBoundsBeginEnd@6
                      ; - java.lang.String::substring@8
                      ; - java.net.URLClassLoader::defineClass@28
                      ; - java.net.URLClassLoader$1::run@43
  0x000001d923f2067c: 803f 02ff 

  0x000001d923f20680: ;   {other}
  0x000001d923f20680: 0f1f 8400 | 7061 0066 | ba45 ffff | ff48 8b6c | 2448 4c8b | 5c24 304c | 895c 2420 | 4c8b 5c24 
  0x000001d923f206a0: 384c 895c | 2428 4c8b | 5c24 7044 | 8b44 2450 | 4489 4424 | 404c 895c | 2448 4889 | 4424 5844 
  0x000001d923f206c0: 8954 2460 

  0x000001d923f206c4: ;   {runtime_call UncommonTrapBlob}
  0x000001d923f206c4: c5f8 77e8 

  0x000001d923f206c8: ; ImmutableOopMap {rbp=Oop [32]=Oop [64]=NarrowOop [72]=Oop [88]=Oop [104]=NarrowOop [108]=NarrowOop [112]=Oop }
                      ;*ifgt {reexecute=1 rethrow=0 return_oop=0}
                      ; - (reexecute) java.util.zip.CRC32::updateBytesCheck@1
                      ; - java.util.zip.CRC32::updateBytes@3
                      ; - java.util.zip.CRC32::update@31
                      ; - java.util.zip.Checksum::update@5
                      ; - jdk.internal.loader.URLClassPath$JarLoader$2::getBytes@15
                      ; - java.net.URLClassLoader::defineClass@179
                      ; - java.net.URLClassLoader$1::run@43
  0x000001d923f206c8: 343f 02ff 

  0x000001d923f206cc: ;   {other}
  0x000001d923f206cc: 0f1f 8400 | bc61 0067 | 4d3b dabd | ffff ffff | 7c08 400f | 95c5 400f | b6ed ba45 | ffff ff4c 
  0x000001d923f206ec: 8b54 2448 | 4c89 5424 | 204c 8b54 | 2430 4c89 | 5424 284c | 8b54 2438 | 4c89 5424 | 304c 8b54 
  0x000001d923f2070c: 2470 4c89 | 5424 4044 | 8b54 2450 | 4489 5424 | 4866 6690 

  0x000001d923f20720: ;   {runtime_call UncommonTrapBlob}
  0x000001d923f20720: c5f8 77e8 

  0x000001d923f20724: ; ImmutableOopMap {[32]=Oop [40]=Oop [64]=Oop [72]=NarrowOop [104]=NarrowOop [108]=NarrowOop [120]=Oop }
                      ;*ifeq {reexecute=1 rethrow=0 return_oop=0}
                      ; - (reexecute) jdk.internal.loader.URLClassPath$JarLoader$2::getBytes@30
                      ; - java.net.URLClassLoader::defineClass@179
                      ; - java.net.URLClassLoader$1::run@43
  0x000001d923f20724: d83e 02ff 

  0x000001d923f20728: ;   {other}
  0x000001d923f20728: 0f1f 8400 | 1862 0068 | ba45 ffff | ff48 8b6c | 2448 4c8b | 5424 304c | 8954 2420 | 4889 4424 
  0x000001d923f20748: 3048 8944 | 2440 448b | 5c24 6844 | 895c 244c 

  0x000001d923f20758: ;   {runtime_call UncommonTrapBlob}
  0x000001d923f20758: c5f8 77e8 

  0x000001d923f2075c: ; ImmutableOopMap {rbp=Oop [32]=Oop [48]=Oop [64]=Oop [76]=NarrowOop [104]=NarrowOop [112]=Oop }
                      ;*ifeq {reexecute=1 rethrow=0 return_oop=0}
                      ; - (reexecute) java.lang.Class::getPackageName@13
                      ; - java.lang.ClassLoader::postDefineClass@2
                      ; - java.lang.ClassLoader::defineClass@37
                      ; - java.security.SecureClassLoader::defineClass@12
                      ; - java.net.URLClassLoader::defineClass@220
                      ; - java.net.URLClassLoader$1::run@43
  0x000001d923f2075c: a03e 02ff 

  0x000001d923f20760: ;   {other}
  0x000001d923f20760: 0f1f 8400 | 5062 0069 | 4963 cae9 | 00bf ffff | 4883 c1fe | 488b fa48 | 33c0 4883 | f908 7f10 
  0x000001d923f20780: 48ff c978 | 4f48 8904 | cf48 ffc9 | 7df7 eb44 | c5fd efc0 | e90d 0000 | 00c5 fe7f | 07c5 fe7f 
  0x000001d923f207a0: 4720 4883 | c740 4883 | e908 7ded | 4883 c104 | 7c0c c5fe | 7f07 4883 | c720 4883 | e904 4883 
  0x000001d923f207c0: c104 7e10 | 48ff c9c5 | f9d6 0748 | 83c7 0848 | ffc9 7df3 | e988 bfff | ff48 63d0 | 0f1f 4000 
  0x000001d923f207e0: e9c9 afff | ff49 83c3 | fe49 8bcb | 488b fa48 | 33c0 4883 | f908 7f10 | 48ff c978 | 4f48 8904 
  0x000001d923f20800: cf48 ffc9 | 7df7 eb44 | c5fd efc0 | e90d 0000 | 00c5 fe7f | 07c5 fe7f | 4720 4883 | c740 4883 
  0x000001d923f20820: e908 7ded | 4883 c104 | 7c0c c5fe | 7f07 4883 | c720 4883 | e904 4883 | c104 7e10 | 48ff c9c5 
  0x000001d923f20840: f9d6 0748 | 83c7 0848 | ffc9 7df3 | e97c b0ff | ffba ccff | ffff 488b | 6c24 484c 

  0x000001d923f2085c: ;   {no_reloc}
  0x000001d923f2085c: 8b44 2430 | 4c89 4424 | 204c 8b44 | 2438 4c89 | 4424 288b | 4c24 5489 | 4c24 304c | 894c 2438 
  0x000001d923f2087c: 4489 5c24 | 3444 8954 | 2444 4889 | 5c24 6090 

  0x000001d923f2088c: ;   {runtime_call UncommonTrapBlob}
  0x000001d923f2088c: c5f8 77e8 

  0x000001d923f20890: ; ImmutableOopMap {rbp=Oop [32]=Oop [40]=Oop [52]=NarrowOop [56]=Oop [80]=NarrowOop [96]=Oop [108]=NarrowOop [140]=NarrowOop }
                      ;*newarray {reexecute=1 rethrow=0 return_oop=0}
                      ; - (reexecute) java.util.Arrays::copyOfRangeByte@10
                      ; - java.util.Arrays::copyOfRange@13
                      ; - java.lang.StringLatin1::newString@16
                      ; - java.lang.String::substring@41
                      ; - java.lang.ClassLoader::checkCerts@21
                      ; - java.lang.ClassLoader::preDefineClass@113
                      ; - java.lang.ClassLoader::defineClass@4
                      ; - java.security.SecureClassLoader::defineClass@12
                      ; - java.net.URLClassLoader::defineClass@220
                      ; - java.net.URLClassLoader$1::run@43
  0x000001d923f20890: 6c3d 02ff 

  0x000001d923f20894: ;   {other}
  0x000001d923f20894: 0f1f 8400 | 8463 006a | bacc ffff | ff48 8b6c | 2448 4c89 | 6c24 284c | 8b54 2438 | 4c89 5424 
  0x000001d923f208b4: 3089 4424 | 3c44 895c | 2448 4c89 | 4424 5844 | 894c 244c 

  0x000001d923f208c8: ;   {runtime_call UncommonTrapBlob}
  0x000001d923f208c8: c5f8 77e8 

  0x000001d923f208cc: ; ImmutableOopMap {rbp=Oop [40]=Oop [72]=NarrowOop [76]=NarrowOop [88]=Oop [104]=NarrowOop [108]=NarrowOop }
                      ;*newarray {reexecute=1 rethrow=0 return_oop=0}
                      ; - (reexecute) java.util.Arrays::copyOfRangeByte@10
                      ; - java.util.Arrays::copyOfRange@13
                      ; - java.lang.StringLatin1::newString@16
                      ; - java.lang.String::substring@41
                      ; - java.net.URLClassLoader::defineClass@28
                      ; - java.net.URLClassLoader$1::run@43
  0x000001d923f208cc: 303d 02ff 

  0x000001d923f208d0: ;   {other}
  0x000001d923f208d0: 0f1f 8400 | c063 006b | 33ed 4585 | db40 0f95 | c5ba 45ff | ffff 4c8b | 5424 484c | 8954 2420 
  0x000001d923f208f0: 448b 5c24 | 6c44 895c | 2444 4889 | 4424 f88b | 4424 6889 | 4424 4c48 | 8b44 24f8 | 4889 4424 
  0x000001d923f20910: 7866 6690 

  0x000001d923f20914: ;   {runtime_call UncommonTrapBlob}
  0x000001d923f20914: c5f8 77e8 

  0x000001d923f20918: ; ImmutableOopMap {[32]=Oop [48]=Oop [68]=NarrowOop [76]=NarrowOop [80]=NarrowOop [112]=Oop [120]=Oop [248]=Oop }
                      ;*ifne {reexecute=1 rethrow=0 return_oop=0}
                      ; - (reexecute) java.lang.Package::isSealed@7
                      ; - java.net.URLClassLoader::getAndVerifyPackage@14
                      ; - java.net.URLClassLoader::defineClass@46
                      ; - java.net.URLClassLoader$1::run@43
  0x000001d923f20918: e43c 02ff 

  0x000001d923f2091c: ;   {other}
  0x000001d923f2091c: 0f1f 8400 | 0c64 006c | baf6 ffff | ff66 6690 

  0x000001d923f2092c: ;   {runtime_call UncommonTrapBlob}
  0x000001d923f2092c: c5f8 77e8 

  0x000001d923f20930: ; ImmutableOopMap {[48]=Oop [72]=Oop }
                      ;*invokevirtual intern {reexecute=0 rethrow=0 return_oop=0}
                      ; - java.lang.Class::getPackageName@65
                      ; - java.lang.ClassLoader::postDefineClass@2
                      ; - java.lang.ClassLoader::defineClass@37
                      ; - java.security.SecureClassLoader::defineClass@12
                      ; - java.net.URLClassLoader::defineClass@220
                      ; - java.net.URLClassLoader$1::run@43
  0x000001d923f20930: cc3c 02ff 

  0x000001d923f20934: ;   {other}
  0x000001d923f20934: 0f1f 8400 | 2464 006d | 488b eb41 | 8bf3 498b | d949 8bd7 | c5f8 7749 | ba70 eea5 | 3ef8 7f00 
  0x000001d923f20954: 0041 ffd2 

  0x000001d923f20958: ;   {other}
  0x000001d923f20958: 0f1f 8400 | 0000 0000 | 4c8b cb44 | 8bde 488b | dde9 febd | ffff 498b | f849 8bd7 | c5f8 7749 
  0x000001d923f20978: ba70 eea5 | 3ef8 7f00 | 0041 ffd2 

  0x000001d923f20984: ;   {other}
  0x000001d923f20984: 0f1f 8400 | 0000 0000 | 4c8b c7e9 | 49af ffff | ba45 ffff | ff4c 8b54 | 2448 4c89 | 5424 2044 
  0x000001d923f209a4: 8b5c 246c | 4489 5c24 | 4448 8944 | 24f8 8b44 | 2468 8944 | 244c 488b | 4424 f848 | 8944 2478 
  0x000001d923f209c4: ;   {runtime_call UncommonTrapBlob}
  0x000001d923f209c4: c5f8 77e8 

  0x000001d923f209c8: ; ImmutableOopMap {rbp=NarrowOop [32]=Oop [48]=Oop [68]=NarrowOop [76]=NarrowOop [80]=NarrowOop [112]=Oop [120]=Oop [248]=Oop }
                      ;*ifnull {reexecute=1 rethrow=0 return_oop=0}
                      ; - (reexecute) java.lang.Package::isSealed@17
                      ; - java.net.URLClassLoader::getAndVerifyPackage@14
                      ; - java.net.URLClassLoader::defineClass@46
                      ; - java.net.URLClassLoader$1::run@43
  0x000001d923f209c8: 343c 02ff 

  0x000001d923f209cc: ;   {other}
  0x000001d923f209cc: 0f1f 8400 | bc64 006e | ba45 ffff | ff48 8b6c | 2448 4c8b | 5424 304c | 8954 2428 | 4c8b 5424 
  0x000001d923f209ec: 384c 8954 | 2430 448b | 5424 5044 | 8954 2440 | 8944 2444 

  0x000001d923f20a00: ;   {runtime_call UncommonTrapBlob}
  0x000001d923f20a00: c5f8 77e8 

  0x000001d923f20a04: ; ImmutableOopMap {rbp=Oop [40]=Oop [64]=NarrowOop [104]=NarrowOop [108]=NarrowOop [112]=Oop [248]=Oop }
                      ;*ifeq {reexecute=1 rethrow=0 return_oop=0}
                      ; - (reexecute) java.net.URLClassLoader::getAndVerifyPackage@71
                      ; - java.net.URLClassLoader::defineClass@46
                      ; - java.net.URLClassLoader$1::run@43
  0x000001d923f20a04: f83b 02ff 

  0x000001d923f20a08: ;   {other}
  0x000001d923f20a08: 0f1f 8400 | f864 006f | 498b d7c5 | f877 49ba | 70ee a53e | f87f 0000 

  0x000001d923f20a20: ;   {other}
  0x000001d923f20a20: 41ff d20f | 1f84 0000 | 0000 00e9 | b3b2 ffff | 4c8b 4424 | 7045 8b58 | 1045 85db | 0f1f 4000 
  0x000001d923f20a40: 0f84 56d7 | ffff 4d8b | 5728 498b | cb48 c1e1 | 034d 85d2 | 0f84 2d1e | 0000 4d8b | 5f38 4b89 
  0x000001d923f20a60: 4c13 f849 | 83c2 f84d | 8957 28e9 | 2cd7 ffff | 4d8b 5758 | 4d8b 5f48 | f083 4424 | c000 6690 
  0x000001d923f20a80: 8039 000f | 844a d7ff | ff44 8821 | 4d85 db75 | 2649 8bd8 | 498b d7c5 | f877 49ba | 50ee a53e 
  0x000001d923f20aa0: f87f 0000 

  0x000001d923f20aa4: ;   {other}
  0x000001d923f20aa4: 41ff d20f | 1f84 0000 | 0000 004c | 8bc3 e91c | d7ff ff4b | 894c 1af8 | 4983 c3f8 | 4d89 5f48 
  0x000001d923f20ac4: e90a d7ff | ff0f 1f80 | 0000 0000 | 448b 9424 | 8800 0000 | 4489 9424 | f000 0000 | e958 0200 
  0x000001d923f20ae4: 0044 8b9c | 2488 0000 | 0041 81fb | 0000 1000 | 0f87 922d | 0000 448b | d844 035c | 2468 458d 
  0x000001d923f20b04: 532e 4489 | 5424 6844 | 8b5c 2474 | 453b da0f | 826f 2e00 | 0044 8b94 | 2488 0000 | 0044 3bd0 
  0x000001d923f20b24: 0f82 5e2e | 0000 4c8b | 9424 a800 | 0000 4983 | c217 498b | ea44 8b9c | 2488 0000 | 0041 81fb 
  0x000001d923f20b44: 0000 1000 | 0f87 0e28 | 0000 498b | 87b8 0100 | 0049 83e2 | f84c 8bd8 | 4d03 da90 | 4d3b 9fc8 
  0x000001d923f20b64: 0100 000f | 83ef 2700 | 004d 899f | b801 0000 | 410f 0d8b | c000 0000 | 48c7 0001 | 0000 0041 
  0x000001d923f20b84: 0f0d 8b00 

  0x000001d923f20b88: ;   {metadata({type array byte})}
  0x000001d923f20b88: 0100 00c7 | 4008 280a | 0400 448b | 9424 8800 | 0000 4489 | 500c 410f | 0d8b 4001 | 0000 410f 
  0x000001d923f20ba8: 0d8b 8001 | 0000 4c8b | d04c 8994 | 24a8 0000 | 0049 83c2 | 104c 8994 | 24b0 0000 | 004c 6394 
  0x000001d923f20bc8: 2490 0000 | 004c 8994 | 24b8 0000 | 0044 8b9c | 2488 0000 | 0044 899c | 248c 0000 | 004c 8bd5 
  0x000001d923f20be8: 49c1 ea03 | 4d8b ca44 | 8b94 2494 | 0000 0045 | 85d2 660f | 1f44 0000 | 0f84 932c | 0000 4d63 
  0x000001d923f20c08: c244 3b94 | 2488 0000 | 000f 8c65 | 1b00 0048 | 8b8c 2498 | 0000 0048 | 8b94 24b0 | 0000 00c5 
  0x000001d923f20c28: f877 49ba | a07b f222 | d901 0000 

  0x000001d923f20c34: ;   {other}
  0x000001d923f20c34: 41ff d20f | 1f84 0000 

  0x000001d923f20c3c: ;   {oop(""{0x0000000600401508})}
  0x000001d923f20c3c: 0000 0049 | ba08 1540 | 0006 0000 | 0049 bb00 | 002d 31d9 | 0100 004c | 8994 2400 | 0100 004c 
  0x000001d923f20c5c: 899c 2408 | 0100 00eb | 4a44 8b9c | 24f0 0000 | 0044 3b9c | 248c 0000 | 000f 8339 | 3000 004c 
  0x000001d923f20c7c: 8b94 24a8 | 0000 0045 | 884c 2a10 | 4d8b 9750 

  0x000001d923f20c8c: ; ImmutableOopMap {[40]=Oop [48]=Oop [64]=NarrowOop [68]=NarrowOop [72]=Oop [80]=Oop [88]=NarrowOop [92]=NarrowOop [96]=Oop [108]=NarrowOop [120]=Oop [128]=Oop [168]=Oop [176]=Derived_oop_[168] [248]=Oop [256]=Oop }
                      ;*goto {reexecute=1 rethrow=0 return_oop=0}
                      ; - (reexecute) java.lang.String::newStringUTF8NoRepl@127
                      ; - java.lang.System$2::newStringUTF8NoRepl@4
                      ; - java.util.zip.ZipCoder$UTF8ZipCoder::toString@6
                      ; - java.util.zip.ZipFile::getEntryName@38
                      ; - java.util.zip.ZipFile::getManifestName@41
                      ; - java.util.zip.ZipFile$1::getManifestName@2
                      ; - java.util.jar.JarFile::maybeInstantiateVerifier@20
                      ; - java.util.jar.JarFile::ensureInitialization@1
                      ; - java.util.jar.JavaUtilJarAccessImpl::ensureInitialization@1
                      ; - jdk.internal.loader.URLClassPath$JarLoader$2::getManifest@10
                      ; - java.net.URLClassLoader::defineClass@34
                      ; - java.net.URLClassLoader$1::run@43
                      ;   {poll}
  0x000001d923f20c8c: 0400 0041 | 8502 448b | 9c24 9400 | 0000 4489 | 5c24 6844 | 8b94 2488 | 0000 0044 | 8994 2494 
  0x000001d923f20cac: 0000 0044 | 8b5c 2468 | 0f1f 8400 | 0000 0000 | 6666 6690 | 443b 9c24 | 9000 0000 | 0f8d 1f0e 
  0x000001d923f20ccc: 0000 443b | 5c24 740f | 83e3 2900 | 004c 6354 | 2468 4c8b | 9c24 b800 | 0000 4d2b | da49 83c3 
  0x000001d923f20cec: 0149 83e3 | fe45 8bd3 | 4403 5424 | 684d 63d2 | 4983 c2fe | 4c3b 9424 | a000 0000 | 0f83 ae29 
  0x000001d923f20d0c: 0000 448b | 9c24 9000 | 0000 6666 | 0f1f 8400 | 0000 0000 | 4181 fbfe | ffff 7f0f | 8fff 2900 
  0x000001d923f20d2c: 0044 8b9c | 2494 0000 | 0044 899c | 24f0 0000 | 004c 8b9c | 2480 0000 | 0044 8b54 | 2468 470f 
  0x000001d923f20d4c: be5c 1310 | 458b cb44 | 8b94 24f0 | 0000 0041 | ffc2 4489 | 9424 8800 | 0000 4c63 | 9424 f000 
  0x000001d923f20d6c: 0000 498b | ea44 8b5c | 2468 41ff | c344 899c | 2494 0000 | 0045 8bd9 | 4585 db0f | 8dd8 feff 
  0x000001d923f20d8c: ;   {no_reloc}
  0x000001d923f20d8c: ff45 8bd3 | 4181 e2fe | 0000 0066 | 0f1f 8400 | 0000 0000 | 4181 fac2 | 0000 000f | 85a1 0800 
  0x000001d923f20dac: 0044 8b94 | 2494 0000 | 0066 6666 | 0f1f 8400 | 0000 0000 | 443b 9424 | 9000 0000 | 0f8d 8008 
  0x000001d923f20dcc: 0000 458b | da44 3b5c | 2474 0f83 | 8d26 0000 | 4c63 5424 | 684c 8b9c | 2480 0000 | 0047 0fbe 
  0x000001d923f20dec: 4413 1141 | 83f8 c00f | 8d55 0800 | 0041 8bd1 

  0x000001d923f20dfc: ;   {static_call}
  0x000001d923f20dfc: c5f8 77e8 

  0x000001d923f20e00: ; ImmutableOopMap {[40]=Oop [48]=Oop [64]=NarrowOop [68]=NarrowOop [72]=Oop [80]=Oop [88]=NarrowOop [92]=NarrowOop [96]=Oop [108]=NarrowOop [120]=Oop [128]=Oop [168]=Oop [176]=Derived_oop_[168] [248]=Oop [256]=Oop }
                      ;*invokestatic decode2 {reexecute=0 rethrow=0 return_oop=0}
                      ; - java.lang.String::newStringUTF8NoRepl@171
                      ; - java.lang.System$2::newStringUTF8NoRepl@4
                      ; - java.util.zip.ZipCoder$UTF8ZipCoder::toString@6
                      ; - java.util.zip.ZipFile::getEntryName@38
                      ; - java.util.zip.ZipFile::getManifestName@41
                      ; - java.util.zip.ZipFile$1::getManifestName@2
                      ; - java.util.jar.JarFile::maybeInstantiateVerifier@20
                      ; - java.util.jar.JarFile::ensureInitialization@1
                      ; - java.util.jar.JavaUtilJarAccessImpl::ensureInitialization@1
                      ; - jdk.internal.loader.URLClassPath$JarLoader$2::getManifest@10
                      ; - java.net.URLClassLoader::defineClass@34
                      ; - java.net.URLClassLoader$1::run@43
  0x000001d923f20e00: 7ce2 01ff 

  0x000001d923f20e04: ;   {other}
  0x000001d923f20e04: 0f1f 8400 | f468 0071 | 448b 9c24 | f000 0000 | 0f1f 8400 | 0000 0000 | 6666 6690 | 443b 9c24 
  0x000001d923f20e24: 8c00 0000 | 0f83 4a27 | 0000 4c8b | 9424 a800 | 0000 4188 | 442a 1044 | 8b5c 2468 | 4183 c302 
  0x000001d923f20e44: 4489 5c24 | 6844 3b9c | 2490 0000 | 000f 8c79 | fcff ff66 | 0f1f 8400 | 0000 0000 | 443b 9c24 
  0x000001d923f20e64: 9000 0000 | 0f84 2214 | 0000 4489 | 9c24 d800 | 0000 448b | 9424 8800 | 0000 6690 | e906 0800 
  0x000001d923f20e84: 0066 6666 | 0f1f 8400 | 0000 0000 | 448b 9c24 | 9800 0000 | 4489 9c24 | a400 0000 | e918 0200 
  0x000001d923f20ea4: 0041 81f8 | 0000 1000 | 0f87 582a | 0000 448d | 1c38 458d | 532e 418b | ea66 6690 | 413b d20f 
  0x000001d923f20ec4: 8233 2b00 | 0044 3bc0 | 0f82 2a2b | 0000 4c8b | 9424 b000 | 0000 4983 | c217 4c89 | 9424 b000 
  0x000001d923f20ee4: 0000 4181 | f800 0010 | 000f 8792 | 2400 0049 | 8b87 b801 | 0000 4983 | e2f8 4c8b 

  0x000001d923f20f00: ;   {no_reloc}
  0x000001d923f20f00: d84d 03da | 4d3b 9fc8 | 0100 000f | 8374 2400 | 004d 899f | b801 0000 | 410f 0d8b | c000 0000 
  0x000001d923f20f20: 48c7 0001 | 0000 0041 | 0f0d 8b00 

  0x000001d923f20f2c: ;   {metadata({type array byte})}
  0x000001d923f20f2c: 0100 00c7 | 4008 280a | 0400 4489 | 400c 410f | 0d8b 4001 | 0000 410f | 0d8b 8001 | 0000 4c8b 
  0x000001d923f20f4c: d04c 8994 | 24c0 0000 | 0049 83c2 | 104c 8994 | 24c8 0000 | 004c 6394 | 249c 0000 | 004c 8994 
  0x000001d923f20f6c: 24d0 0000 | 0044 8b9c | 248c 0000 | 0044 899c | 2480 0000 | 004c 8b94 | 24b0 0000 | 0049 c1ea 
  0x000001d923f20f8c: 034d 8bda | 448b 9424 | b800 0000 | 4585 d20f | 1f44 0000 | 0f84 7129 | 0000 4d63 | c244 3b94 
  0x000001d923f20fac: 248c 0000 | 000f 8c4e | 1800 0048 | 8b8c 24a0 | 0000 0048 | 8b94 24c8 | 0000 00c5 | f877 49ba 
  0x000001d923f20fcc: a07b f222 | d901 0000 

  0x000001d923f20fd4: ;   {other}
  0x000001d923f20fd4: 41ff d20f | 1f84 0000 | 0000 0090 | eb44 448b | 8424 a400 | 0000 443b | 8424 8000 | 0000 0f83 
  0x000001d923f20ff4: 682d 0000 | 4c8b 9424 | c000 0000 | 4588 5c2a | 104d 8b97 

  0x000001d923f21008: ; ImmutableOopMap {[32]=Oop [40]=Oop [48]=Oop [64]=Oop [72]=Oop [80]=NarrowOop [84]=NarrowOop [88]=Oop [104]=NarrowOop [108]=NarrowOop [112]=Oop [120]=Oop [132]=NarrowOop [144]=Oop [192]=Oop [200]=Derived_oop_[192] }
                      ;*goto {reexecute=1 rethrow=0 return_oop=0}
                      ; - (reexecute) java.lang.String::newStringUTF8NoRepl@127
                      ; - java.lang.System$2::newStringUTF8NoRepl@4
                      ; - java.util.zip.ZipCoder$UTF8ZipCoder::toString@6
                      ; - java.util.zip.ZipFile::getEntryName@38
                      ; - java.util.zip.ZipFile::getManifestName@41
                      ; - java.util.zip.ZipFile$1::getManifestName@2
                      ; - java.util.jar.JarFile::maybeInstantiateVerifier@20
                      ; - java.util.jar.JarFile$JarFileEntry::getCodeSigners@4
                      ; - jdk.internal.loader.URLClassPath$JarLoader$2::getCodeSigners@4
                      ; - java.net.URLClassLoader::defineClass@185
                      ; - java.net.URLClassLoader$1::run@43
  0x000001d923f21008: 5004 0000 

  0x000001d923f2100c: ;   {poll}
  0x000001d923f2100c: 4185 028b | ac24 a000 | 0000 448b | 9c24 9800 | 0000 4489 | 9c24 b800 | 0000 448b | dd3b ac24 
  0x000001d923f2102c: 9c00 0000 | 0f8d e70a | 0000 6666 | 0f1f 8400 | 0000 0000 | 3bac 2488 | 0000 000f | 8352 2700 
  0x000001d923f2104c: 0089 ac24 | 8c00 0000 | 4c63 d54c | 8b9c 24d0 | 0000 004d | 2bda 4983 | c301 4983 | e3fe 458b 
  0x000001d923f2106c: d344 03d5 | 4d63 d249 | 83c2 fe66 | 0f1f 8400 | 0000 0000 | 4c3b 9424 | a800 0000 | 0f83 0e27 
  0x000001d923f2108c: 0000 448b | 9c24 9c00 | 0000 6666 | 0f1f 8400 | 0000 0000 | 4181 fbfe | ffff 7f0f | 8f67 2700 
  0x000001d923f210ac: 0044 8b94 | 24b8 0000 | 0044 8994 | 24a4 0000 | 004c 8b94 | 2490 0000 | 0044 8b9c | 248c 0000 
  0x000001d923f210cc: 0047 0fbe | 5c1a 1044 | 8b94 24a4 | 0000 0041 | ffc2 4489 | 9424 9800 | 0000 4c63 | 9424 a400 
  0x000001d923f210ec: 0000 498b | ea44 8b84 | 248c 0000 | 0041 ffc0 | 4489 8424 | a000 0000 | 4585 db0f 

  0x000001d923f21108: ;   {no_reloc}
  0x000001d923f21108: 8dd5 feff | ff45 8bd3 | 4181 e2fe | 0000 0066 | 0f1f 8400 | 0000 0000 | 4181 fac2 | 0000 000f 
  0x000001d923f21128: 8532 0700 | 0044 3b84 | 249c 0000 | 000f 8d24 | 0700 000f | 1f44 0000 | 443b 8424 | 8800 0000 
  0x000001d923f21148: 0f83 9e23 | 0000 4c63 | 9424 8c00 | 0000 4c8b | 8424 9000 | 0000 470f | be44 1011 | 4183 f8c0 
  0x000001d923f21168: 0f8d f106 | 0000 418b | d366 6690 

  0x000001d923f21174: ;   {static_call}
  0x000001d923f21174: c5f8 77e8 

  0x000001d923f21178: ; ImmutableOopMap {[32]=Oop [40]=Oop [48]=Oop [64]=Oop [72]=Oop [80]=NarrowOop [84]=NarrowOop [88]=Oop [104]=NarrowOop [108]=NarrowOop [112]=Oop [120]=Oop [132]=NarrowOop [144]=Oop [192]=Oop [200]=Derived_oop_[192] }
                      ;*invokestatic decode2 {reexecute=0 rethrow=0 return_oop=0}
                      ; - java.lang.String::newStringUTF8NoRepl@171
                      ; - java.lang.System$2::newStringUTF8NoRepl@4
                      ; - java.util.zip.ZipCoder$UTF8ZipCoder::toString@6
                      ; - java.util.zip.ZipFile::getEntryName@38
                      ; - java.util.zip.ZipFile::getManifestName@41
                      ; - java.util.zip.ZipFile$1::getManifestName@2
                      ; - java.util.jar.JarFile::maybeInstantiateVerifier@20
                      ; - java.util.jar.JarFile$JarFileEntry::getCodeSigners@4
                      ; - jdk.internal.loader.URLClassPath$JarLoader$2::getCodeSigners@4
                      ; - java.net.URLClassLoader::defineClass@185
                      ; - java.net.URLClassLoader$1::run@43
  0x000001d923f21178: 04df 01ff 

  0x000001d923f2117c: ;   {other}
  0x000001d923f2117c: 0f1f 8400 | 6c6c 0073 | 448b 9c24 | a400 0000 | 443b 9c24 | 8000 0000 | 0f83 8624 | 0000 4c8b 
  0x000001d923f2119c: 9424 c000 | 0000 4188 | 442a 1044 | 8b9c 248c | 0000 0041 | 83c3 0244 | 899c 248c | 0000 000f 
  0x000001d923f211bc: 1f44 0000 | 443b 9c24 | 9c00 0000 | 0f8c c2fc | ffff 443b | 9c24 9c00 | 0000 0f84 | c110 0000 
  0x000001d923f211dc: 4489 9c24 | b000 0000 | 448b 9c24 | 9800 0000 | e9a4 0600 | 00ba e4ff | ffff 488b | 6c24 484c 
  0x000001d923f211fc: 8b54 2430 | 4c89 5424 | 204c 8b54 | 2438 4c89 | 5424 284c | 894c 2438 | 448b 5424 | 5044 8954 
  0x000001d923f2121c: 2444 4889 | 4424 f88b | 8424 8c00 | 0000 8944 | 244c 488b | 4424 f890 

  0x000001d923f21234: ;   {runtime_call UncommonTrapBlob}
  0x000001d923f21234: c5f8 77e8 

  0x000001d923f21238: ; ImmutableOopMap {rbp=Oop [32]=Oop [40]=Oop [56]=Oop [68]=NarrowOop [76]=NarrowOop [108]=NarrowOop }
                      ;*baload {reexecute=0 rethrow=0 return_oop=0}
                      ; - jdk.internal.util.ArraysSupport::mismatch@82
                      ; - java.lang.String::startsWith@70
                      ; - java.lang.String::startsWith@3
                      ; - java.lang.ClassLoader::preDefineClass@43
                      ; - java.lang.ClassLoader::defineClass@4
                      ; - java.security.SecureClassLoader::defineClass@12
                      ; - java.net.URLClassLoader::defineClass@220
                      ; - java.net.URLClassLoader$1::run@43
  0x000001d923f21238: c433 02ff 

  0x000001d923f2123c: ;   {other}
  0x000001d923f2123c: 0f1f 8400 | 2c6d 0074 | 33ed 4585 | c940 0f94 | c5ba 45ff | ffff 4c8b | 5424 484c | 8954 2420 
  0x000001d923f2125c: 4c8b 5424 | 304c 8954 | 2428 48ff | 7424 5048 | 8f44 2438 | 48ff 7424 | 5048 8f44 | 2448 4889 
  0x000001d923f2127c: 4c24 5844 | 8b54 2468 | 4489 5424 | 6444 8944 | 2468 6690 

  0x000001d923f21290: ;   {runtime_call UncommonTrapBlob}
  0x000001d923f21290: c5f8 77e8 

  0x000001d923f21294: ; ImmutableOopMap {[32]=Oop [40]=Oop [56]=Oop [72]=Oop [88]=Oop [100]=NarrowOop [112]=Oop }
                      ;*ifeq {reexecute=1 rethrow=0 return_oop=0}
                      ; - (reexecute) java.lang.String::lastIndexOf@4
                      ; - java.lang.String::lastIndexOf@8
                      ; - java.lang.Class::getPackageName@47
                      ; - java.lang.ClassLoader::postDefineClass@2
                      ; - java.lang.ClassLoader::defineClass@37
                      ; - java.security.SecureClassLoader::defineClass@12
                      ; - java.net.URLClassLoader::defineClass@220
                      ; - java.net.URLClassLoader$1::run@43
  0x000001d923f21294: 6833 02ff 

  0x000001d923f21298: ;   {other}
  0x000001d923f21298: 0f1f 8400 | 886d 0075 | 498b d7c5 | f877 49ba | 70ee a53e | f87f 0000 

  0x000001d923f212b0: ;   {other}
  0x000001d923f212b0: 41ff d20f | 1f84 0000 | 0000 000f | 1f44 0000 | e90b b7ff | ff48 85c9 | 0f85 fbcf | ffff e958 
  0x000001d923f212d0: 0000 004d | 8b57 584d | 8b5f 48f0 | 8344 24c0 | 0080 3900 | 7438 4488 | 214d 85db | 740f 4b89 
  0x000001d923f212f0: 4c1a f849 | 83c3 f84d | 895f 48eb | 2149 8bd9 | 498b d7c5 | f877 49ba | 50ee a53e | f87f 0000 
  0x000001d923f21310: ;   {other}
  0x000001d923f21310: 41ff d20f | 1f84 0000 | 0000 004c | 8bcb 458b | 415c 4585 | c00f 859e | cfff ff4c | 8b54 2430 
  0x000001d923f21330: e922 acff | ff4c 8b4c | 2420 458b | 595c 6690 | 4585 db0f | 8432 cfff | ff4d 8b57 | 2849 8bcb 
  0x000001d923f21350: 48c1 e103 | 4d85 d20f | 84a0 1900 | 004d 8b5f | 384b 894c | 13f8 4983 | c2f8 4d89 | 5728 e908 
  0x000001d923f21370: cfff ff44 | 8b54 2478 | 478b 4cd4 | 1466 6690 | 4585 c90f | 84d4 caff | ff4d 8b5f | 2849 8bc9 
  0x000001d923f21390: 48c1 e103 | 4d85 db0f | 8488 1900 | 004d 8b4f | 384b 894c | 19f8 4983 | c3f8 4d89 | 5f28 e9aa 
  0x000001d923f213b0: caff ff4d | 8b5f 484d | 8b47 58f0 | 8344 24c0 | 0080 3900 | 7438 4488 | 214d 85db | 740f 4b89 
  0x000001d923f213d0: 4c18 f849 | 83c3 f84d | 895f 48eb | 2141 8bfa | 498b d7c5 | f877 49ba | 50ee a53e | f87f 0000 
  0x000001d923f213f0: ;   {other}
  0x000001d923f213f0: 41ff d20f | 1f84 0000 | 0000 0044 | 8bd7 478b | 54d4 1445 | 85d2 0f84 | 9028 0000 | 4d8b c249 
  0x000001d923f21410: c1e0 03e9 | 7dca ffff | 4c8b 9c24 | b000 0000 | 458b 5314 | 4585 d20f | 8431 d8ff | ff49 8bfb 
  0x000001d923f21430: 4d8b 5f28 | 498b ca48 | c1e1 030f | 1f44 0000 | 4d85 db0f | 84f7 1b00 | 004d 8b57 | 384b 894c 
  0x000001d923f21450: 1af8 4983 | c3f8 4d89 | 5f28 4c8b | df66 6690 | e9f9 d7ff | ff4c 8b84 | 24b8 0000 | 0045 8b50 
  0x000001d923f21470: 1445 85d2 | 0f84 b9dd | ffff 4d8b | 5f28 498b | ca48 c1e1 | 034d 85db | 0f84 d71b | 0000 4d8b 
  0x000001d923f21490: 5738 4b89 | 4c1a f849 | 83c3 f84d | 895f 2890 | e98e ddff | ff4d 8b57 | 484d 8b5f | 58f0 8344 
  0x000001d923f214b0: 24c0 0080 | 3900 0f84 | e3d7 ffff | 4488 2190 | 4d85 d275 | 2049 8bd7 | c5f8 7749 | ba50 eea5 
  0x000001d923f214d0: 3ef8 7f00 | 0041 ffd2 

  0x000001d923f214d8: ;   {other}
  0x000001d923f214d8: 0f1f 8400 | 0000 0000 | e9ba d7ff | ff4b 894c | 13f8 4983 | c2f8 4d89 | 5748 e9a8 | d7ff ff4d 
  0x000001d923f214f8: 8b57 584d | 8b5f 48f0 | 8344 24c0 | 0080 3900 | 0f84 5cdd | ffff 4488 | 214d 85db | 7526 498b 
  0x000001d923f21518: d849 8bd7 | c5f8 7749 | ba50 eea5 | 3ef8 7f00 | 0041 ffd2 

  0x000001d923f2152c: ;   {other}
  0x000001d923f2152c: 0f1f 8400 | 0000 0000 | 4c8b c3e9 | 2edd ffff | 4b89 4c1a | f849 83c3 | f84d 895f | 48e9 1cdd 
  0x000001d923f2154c: ffff 4d8d | 4810 498b | c948 83e1 | f848 8bfb | 4803 f949 | c1e9 034d | 2bd9 498b | cb48 33c0 
  0x000001d923f2156c: 4883 f908 | 7f10 48ff | c978 4f48 | 8904 cf48 | ffc9 7df7 | eb44 c5fd | efc0 e90d | 0000 00c5 
  0x000001d923f2158c: fe7f 07c5 | fe7f 4720 | 4883 c740 | 4883 e908 | 7ded 4883 | c104 7c0c | c5fe 7f07 | 4883 c720 
  0x000001d923f215ac: 4883 e904 | 4883 c104 | 7e10 48ff | c9c5 f9d6 | 0748 83c7 | 0848 ffc9 | 7df3 e98f | d5ff ff49 
  0x000001d923f215cc: 8bd9 4c8b | d74d 8d48 | 1049 8bc9 | 4883 e1f8 | 488b fb48 | 03f9 49c1 | e903 4d2b | d149 8bca 
  0x000001d923f215ec: 4833 c048 | 83f9 087f | 1048 ffc9 | 784f 4889 | 04cf 48ff | c97d f7eb | 44c5 fdef | c0e9 0d00 
  0x000001d923f2160c: 0000 c5fe | 7f07 c5fe | 7f47 2048 | 83c7 4048 | 83e9 087d | ed48 83c1 | 047c 0cc5 

  0x000001d923f21628: ;   {no_reloc}
  0x000001d923f21628: fe7f 0748 | 83c7 2048 | 83e9 0448 | 83c1 047e | 1048 ffc9 | c5f9 d607 | 4883 c708 | 48ff c97d 
  0x000001d923f21648: f3e9 ddda | ffff 448b | 5424 6866 | 0f1f 8400 | 0000 0000 | 6666 6690 | 443b 9424 | 9000 0000 
  0x000001d923f21668: 0f84 1d06 | 0000 4889 | 4424 f88b | 4424 6889 | 8424 d800 | 0000 488b | 4424 f844 | 8b94 24f0 
  0x000001d923f21688: 0000 0045 | 85d2 0f84 | fc04 0000 | 418b ea8b | 9424 8c00 | 0000 6690 

  0x000001d923f216a0: ;   {static_call}
  0x000001d923f216a0: c5f8 77e8 

  0x000001d923f216a4: ; ImmutableOopMap {[40]=Oop [48]=Oop [64]=NarrowOop [68]=NarrowOop [72]=Oop [80]=Oop [88]=NarrowOop [92]=NarrowOop [96]=Oop [108]=NarrowOop [120]=Oop [128]=Oop [168]=Oop [176]=Derived_oop_[168] [248]=Oop [256]=Oop }
                      ;*invokestatic newBytesFor {reexecute=0 rethrow=0 return_oop=1}
                      ; - java.lang.String::newStringUTF8NoRepl@237
                      ; - java.lang.System$2::newStringUTF8NoRepl@4
                      ; - java.util.zip.ZipCoder$UTF8ZipCoder::toString@6
                      ; - java.util.zip.ZipFile::getEntryName@38
                      ; - java.util.zip.ZipFile::getManifestName@41
                      ; - java.util.zip.ZipFile$1::getManifestName@2
                      ; - java.util.jar.JarFile::maybeInstantiateVerifier@20
                      ; - java.util.jar.JarFile::ensureInitialization@1
                      ; - java.util.jar.JavaUtilJarAccessImpl::ensureInitialization@1
                      ; - jdk.internal.loader.URLClassPath$JarLoader$2::getManifest@10
                      ; - java.net.URLClassLoader::defineClass@34
                      ; - java.net.URLClassLoader$1::run@43
  0x000001d923f216a4: d8d9 01ff 

  0x000001d923f216a8: ;   {other}
  0x000001d923f216a8: 0f1f 8400 | 9871 0076 | 448b cd45 | 85c9 0f8c | 9c23 0000 | 448b 8424 | 8c00 0000 | 453b c10f 
  0x000001d923f216c8: 8293 2300 | 0041 8bd9 | 478d 1c09 | 4585 db0f | 8c0b 2400 | 0044 8b48 | 0c45 3bcb | 0f82 fe23 
  0x000001d923f216e8: 0000 488b | f848 83c7 | 1048 8bb4 | 24b0 0000 | 008b d38b | ca83 e10f | 83e2 f074 | 1c48 8d34 
  0x000001d923f21708: 1648 8d3c | 5748 f7da | c4e2 7d30 | 0416 c5fe | 7f04 5748 | 83c2 1075 | ef8b d183 | e107 83e2 
  0x000001d923f21728: f874 27c4 | e279 3006 | c5fa 7f07 | 4883 c608 | 4883 c710 | e911 0000 | 00c4 e279 | 3004 16c5 
  0x000001d923f21748: fa7f 0457 | 4883 c208 | 75ef 8bd1 | 83fa 047c | 19c5 f96e | 06c4 e279 | 30c0 c5f9 | d607 4883 
  0x000001d923f21768: ea04 4883 | c604 4883 | c708 85d2 | 7418 488d | 3416 488d | 3c57 48f7 | da0f b60c | 1666 890c 
  0x000001d923f21788: 5748 ffc2 | 75f3 8bf3 | 4889 8424 | b000 0000 | 488b 9424 | 8000 0000 | 448b 8424 

  0x000001d923f217a4: ;   {no_reloc}
  0x000001d923f217a4: d800 0000 | 448b 8c24 | 9000 0000 | 488b bc24 | b000 0000 | 33c9 6690 

  0x000001d923f217bc: ;   {static_call}
  0x000001d923f217bc: c5f8 77e8 

  0x000001d923f217c0: ; ImmutableOopMap {[40]=Oop [48]=Oop [64]=NarrowOop [68]=NarrowOop [72]=Oop [80]=Oop [88]=NarrowOop [92]=NarrowOop [96]=Oop [120]=Oop [176]=Oop [248]=Oop [256]=Oop }
                      ;*invokestatic decodeUTF8_UTF16 {reexecute=0 rethrow=0 return_oop=0}
                      ; - java.lang.String::newStringUTF8NoRepl@266
                      ; - java.lang.System$2::newStringUTF8NoRepl@4
                      ; - java.util.zip.ZipCoder$UTF8ZipCoder::toString@6
                      ; - java.util.zip.ZipFile::getEntryName@38
                      ; - java.util.zip.ZipFile::getManifestName@41
                      ; - java.util.zip.ZipFile$1::getManifestName@2
                      ; - java.util.jar.JarFile::maybeInstantiateVerifier@20
                      ; - java.util.jar.JarFile::ensureInitialization@1
                      ; - java.util.jar.JavaUtilJarAccessImpl::ensureInitialization@1
                      ; - jdk.internal.loader.URLClassPath$JarLoader$2::getManifest@10
                      ; - java.net.URLClassLoader::defineClass@34
                      ; - java.net.URLClassLoader$1::run@43
  0x000001d923f217c0: bcd8 01ff 

  0x000001d923f217c4: ;   {other}
  0x000001d923f217c4: 0f1f 8400 | b472 0077 | 3b84 248c | 0000 000f | 84de 0300 | 0044 8d04 | 0048 8b94 | 24b0 0000 
  0x000001d923f217e4: 0066 6690 

  0x000001d923f217e8: ;   {static_call}
  0x000001d923f217e8: c5f8 77e8 

  0x000001d923f217ec: ; ImmutableOopMap {[40]=Oop [48]=Oop [64]=NarrowOop [68]=NarrowOop [72]=Oop [80]=Oop [88]=NarrowOop [92]=NarrowOop [96]=Oop [120]=Oop [248]=Oop [256]=Oop }
                      ;*invokestatic copyOf {reexecute=0 rethrow=0 return_oop=1}
                      ; - java.lang.String::newStringUTF8NoRepl@306
                      ; - java.lang.System$2::newStringUTF8NoRepl@4
                      ; - java.util.zip.ZipCoder$UTF8ZipCoder::toString@6
                      ; - java.util.zip.ZipFile::getEntryName@38
                      ; - java.util.zip.ZipFile::getManifestName@41
                      ; - java.util.zip.ZipFile$1::getManifestName@2
                      ; - java.util.jar.JarFile::maybeInstantiateVerifier@20
                      ; - java.util.jar.JarFile::ensureInitialization@1
                      ; - java.util.jar.JavaUtilJarAccessImpl::ensureInitialization@1
                      ; - jdk.internal.loader.URLClassPath$JarLoader$2::getManifest@10
                      ; - java.net.URLClassLoader::defineClass@34
                      ; - java.net.URLClassLoader$1::run@43
  0x000001d923f217ec: 90d8 01ff 

  0x000001d923f217f0: ;   {other}
  0x000001d923f217f0: 0f1f 8400 | e072 0078 | 488b e849 | 8b87 b801 | 0000 4c8b | d049 83c2 | 184d 3b97 | c801 0000 
  0x000001d923f21810: 0f83 9f1b | 0000 4d89 | 97b8 0100 | 0041 0f0d | 8ac0 0000 | 0048 c700 | 0100 0000 

  0x000001d923f2182c: ;   {metadata('java/lang/String')}
  0x000001d923f2182c: c740 08b0 | 1e04 0044 | 8960 0c48 | c740 1001 | 0000 004c | 8bdd 49c1 | eb03 4489 | 5814 4c8b 
  0x000001d923f2184c: 9424 0001 | 0000 4c8b | 8424 0801 | 0000 e958 | d4ff ff44 | 8b94 248c | 0000 0044 | 3b94 249c 
  0x000001d923f2186c: 0000 000f | 84dc 0400 | 0048 8944 | 24f8 8b84 | 248c 0000 | 0089 8424 | b000 0000 | 488b 4424 
  0x000001d923f2188c: f844 8b9c | 24a4 0000 | 0045 85db | 0f84 2703 | 0000 418b | eb8b 9424 | 8000 0000 

  0x000001d923f218a8: ;   {static_call}
  0x000001d923f218a8: c5f8 77e8 

  0x000001d923f218ac: ; ImmutableOopMap {[32]=Oop [40]=Oop [48]=Oop [64]=Oop [72]=Oop [80]=NarrowOop [84]=NarrowOop [88]=Oop [104]=NarrowOop [108]=NarrowOop [112]=Oop [120]=Oop [132]=NarrowOop [144]=Oop [192]=Oop [200]=Derived_oop_[192] }
                      ;*invokestatic newBytesFor {reexecute=0 rethrow=0 return_oop=1}
                      ; - java.lang.String::newStringUTF8NoRepl@237
                      ; - java.lang.System$2::newStringUTF8NoRepl@4
                      ; - java.util.zip.ZipCoder$UTF8ZipCoder::toString@6
                      ; - java.util.zip.ZipFile::getEntryName@38
                      ; - java.util.zip.ZipFile::getManifestName@41
                      ; - java.util.zip.ZipFile$1::getManifestName@2
                      ; - java.util.jar.JarFile::maybeInstantiateVerifier@20
                      ; - java.util.jar.JarFile$JarFileEntry::getCodeSigners@4
                      ; - jdk.internal.loader.URLClassPath$JarLoader$2::getCodeSigners@4
                      ; - java.net.URLClassLoader::defineClass@185
                      ; - java.net.URLClassLoader$1::run@43
  0x000001d923f218ac: d0d7 01ff 

  0x000001d923f218b0: ;   {other}
  0x000001d923f218b0: 0f1f 8400 | a073 0079 | 448b d50f | 1f44 0000 | 4585 d20f | 8cb3 2200 | 0044 8b84 | 2480 0000 
  0x000001d923f218d0: 0045 3bc2 | 0f82 aa22 | 0000 478d | 1c12 6690 | 4585 db0f | 8c27 2300 | 0048 8bd8 | 8b48 0c41 
  0x000001d923f218f0: 3bcb 0f82 | 1b23 0000 | 488b f848 | 83c7 1048 | 8bb4 24c8 | 0000 0041 | 8bd2 8bca | 83e1 0f83 
  0x000001d923f21910: e2f0 741c | 488d 3416 | 488d 3c57 | 48f7 dac4 | e27d 3004 | 16c5 fe7f | 0457 4883 | c210 75ef 
  0x000001d923f21930: 8bd1 83e1 | 0783 e2f8 | 7427 c4e2 | 7930 06c5 | fa7f 0748 | 83c6 0848 | 83c7 10e9 | 1100 0000 
  0x000001d923f21950: c4e2 7930 | 0416 c5fa | 7f04 5748 | 83c2 0875 | ef8b d183 | fa04 7c19 | c5f9 6e06 | c4e2 7930 
  0x000001d923f21970: c0c5 f9d6 | 0748 83ea | 0448 83c6 | 0448 83c7 | 0885 d274 | 1848 8d34 | 1648 8d3c | 5748 f7da 
  0x000001d923f21990: 0fb6 0c16 | 6689 0c57 | 48ff c275 | f341 8bf2 | 4889 8424 | a000 0000 | 418b e848 

  0x000001d923f219ac: ;   {no_reloc}
  0x000001d923f219ac: 8b94 2490 | 0000 0044 | 8b84 24b0 | 0000 0044 | 8b8c 249c | 0000 0048 | 8bbc 24a0 | 0000 0033 
  0x000001d923f219cc: c966 6690 

  0x000001d923f219d0: ;   {static_call}
  0x000001d923f219d0: c5f8 77e8 

  0x000001d923f219d4: ; ImmutableOopMap {[32]=Oop [40]=Oop [48]=Oop [64]=Oop [72]=Oop [80]=NarrowOop [84]=NarrowOop [88]=Oop [104]=NarrowOop [108]=NarrowOop [112]=Oop [120]=Oop [160]=Oop }
                      ;*invokestatic decodeUTF8_UTF16 {reexecute=0 rethrow=0 return_oop=0}
                      ; - java.lang.String::newStringUTF8NoRepl@266
                      ; - java.lang.System$2::newStringUTF8NoRepl@4
                      ; - java.util.zip.ZipCoder$UTF8ZipCoder::toString@6
                      ; - java.util.zip.ZipFile::getEntryName@38
                      ; - java.util.zip.ZipFile::getManifestName@41
                      ; - java.util.zip.ZipFile$1::getManifestName@2
                      ; - java.util.jar.JarFile::maybeInstantiateVerifier@20
                      ; - java.util.jar.JarFile$JarFileEntry::getCodeSigners@4
                      ; - jdk.internal.loader.URLClassPath$JarLoader$2::getCodeSigners@4
                      ; - java.net.URLClassLoader::defineClass@185
                      ; - java.net.URLClassLoader$1::run@43
  0x000001d923f219d4: a8d6 01ff 

  0x000001d923f219d8: ;   {other}
  0x000001d923f219d8: 0f1f 8400 | c874 007a | 3bc5 0f84 | 0b02 0000 | 448d 0400 | 488b 9424 | a000 0000 

  0x000001d923f219f4: ;   {static_call}
  0x000001d923f219f4: c5f8 77e8 

  0x000001d923f219f8: ; ImmutableOopMap {[32]=Oop [40]=Oop [48]=Oop [64]=Oop [72]=Oop [80]=NarrowOop [84]=NarrowOop [88]=Oop [104]=NarrowOop [108]=NarrowOop [112]=Oop [120]=Oop }
                      ;*invokestatic copyOf {reexecute=0 rethrow=0 return_oop=1}
                      ; - java.lang.String::newStringUTF8NoRepl@306
                      ; - java.lang.System$2::newStringUTF8NoRepl@4
                      ; - java.util.zip.ZipCoder$UTF8ZipCoder::toString@6
                      ; - java.util.zip.ZipFile::getEntryName@38
                      ; - java.util.zip.ZipFile::getManifestName@41
                      ; - java.util.zip.ZipFile$1::getManifestName@2
                      ; - java.util.jar.JarFile::maybeInstantiateVerifier@20
                      ; - java.util.jar.JarFile$JarFileEntry::getCodeSigners@4
                      ; - jdk.internal.loader.URLClassPath$JarLoader$2::getCodeSigners@4
                      ; - java.net.URLClassLoader::defineClass@185
                      ; - java.net.URLClassLoader$1::run@43
  0x000001d923f219f8: 84d6 01ff 

  0x000001d923f219fc: ;   {other}
  0x000001d923f219fc: 0f1f 8400 | ec74 007b | 488b e849 | 8b87 b801 | 0000 4c8b | d049 83c2 | 1866 6666 | 0f1f 8400 
  0x000001d923f21a1c: 0000 0000 | 4d3b 97c8 | 0100 000f | 83a8 1900 | 004d 8997 | b801 0000 | 410f 0d8a | c000 0000 
  0x000001d923f21a3c: 48c7 0001 

  0x000001d923f21a40: ;   {metadata('java/lang/String')}
  0x000001d923f21a40: 0000 00c7 | 4008 b01e | 0400 4489 | 600c 48c7 | 4010 0100 | 0000 4c8b | dd49 c1eb | 0344 8958 
  0x000001d923f21a60: 14e9 08d8 | ffff 4889 | 4424 f88b | 4424 6c89 | 4424 6848 | 8b44 24f8 | 4c89 4c24 | 7048 899c 
  0x000001d923f21a80: 2480 0000 | 0089 4c24 | 7848 897c | 2420 48ba | 0000 0000 | 0800 0000 | 4903 d045 | 8bc3 6690 
  0x000001d923f21aa0: ;   {runtime_call _new_array_Java}
  0x000001d923f21aa0: c5f8 77e8 

  0x000001d923f21aa4: ; ImmutableOopMap {rbp=Oop [40]=Oop [48]=Oop [56]=Oop [64]=Oop [72]=Oop [80]=NarrowOop [88]=Oop [104]=NarrowOop [112]=Oop [120]=NarrowOop [128]=Oop }
                      ;*invokevirtual clone {reexecute=1 rethrow=0 return_oop=1}
                      ; - (reexecute) java.security.CodeSource::getCertificates@11
                      ; - java.lang.ClassLoader::checkCerts@34
                      ; - java.lang.ClassLoader::preDefineClass@113
                      ; - java.lang.ClassLoader::defineClass@4
                      ; - java.security.SecureClassLoader::defineClass@12
                      ; - java.net.URLClassLoader::defineClass@220
                      ; - java.net.URLClassLoader$1::run@43
  0x000001d923f21aa4: 583a 0eff 

  0x000001d923f21aa8: ;   {other}
  0x000001d923f21aa8: 0f1f 8400 | 9875 007c | 4c8b d0e9 | 74c1 ffff | 4c89 5424 | 2044 8944 | 2454 498b | e948 894c 
  0x000001d923f21ac8: ;   {metadata('java/security/CodeSigner'[])}
  0x000001d923f21ac8: 2430 48ba | f0d5 5d00 | 0800 0000 | 458b c390 

  0x000001d923f21ad8: ;   {runtime_call _new_array_Java}
  0x000001d923f21ad8: c5f8 77e8 

  0x000001d923f21adc: ; ImmutableOopMap {rbp=Oop [32]=Oop [40]=Oop [64]=Oop [72]=Oop [80]=NarrowOop [84]=NarrowOop [88]=Oop [104]=NarrowOop [108]=NarrowOop [120]=Oop }
                      ;*invokevirtual clone {reexecute=1 rethrow=0 return_oop=1}
                      ; - (reexecute) java.util.jar.JarFile$JarFileEntry::getCodeSigners@70
                      ; - jdk.internal.loader.URLClassPath$JarLoader$2::getCodeSigners@4
                      ; - java.net.URLClassLoader::defineClass@185
                      ; - java.net.URLClassLoader$1::run@43
  0x000001d923f21adc: 203a 0eff 

  0x000001d923f21ae0: ;   {other}
  0x000001d923f21ae0: 0f1f 8400 | d075 007d | e979 c8ff | ff44 3b9c | 2490 0000 | 000f 8455 | 0a00 0048 | 8944 24f8 
  0x000001d923f21b00: 8b44 2468 | 8984 24d8 | 0000 0048 | 8b44 24f8 | 448b 9424 | 9400 0000 | e96e fbff | ff66 6690 
  0x000001d923f21b20: 3bac 249c | 0000 000f | 8430 0a00 | 0089 ac24 | b000 0000 | 448b 9c24 | b800 0000 | 0f1f 4000 
  0x000001d923f21b40: e950 fdff | ff4c 894c | 2450 4c89 | 4424 7049 

  0x000001d923f21b50: ;   {metadata('java/security/CodeSigner'[])}
  0x000001d923f21b50: 8bea 48ba | f0d5 5d00 | 0800 0000 | 458b c390 

  0x000001d923f21b60: ;   {runtime_call _new_array_Java}
  0x000001d923f21b60: c5f8 77e8 

  0x000001d923f21b64: ; ImmutableOopMap {[40]=Oop [48]=Oop [64]=Oop [72]=Oop [80]=Oop [88]=Oop [104]=NarrowOop [108]=NarrowOop [112]=Oop [120]=Oop }
                      ;*invokevirtual clone {reexecute=1 rethrow=0 return_oop=1}
                      ; - (reexecute) java.security.CodeSource::<init>@42
                      ; - java.net.URLClassLoader::defineClass@198
                      ; - java.net.URLClassLoader$1::run@43
  0x000001d923f21b64: 9839 0eff 

  0x000001d923f21b68: ;   {other}
  0x000001d923f21b68: 0f1f 8400 | 5876 007e | 4c8b d0e9 | dec5 ffff | baf6 ffff | ff66 6690 

  0x000001d923f21b80: ;   {runtime_call UncommonTrapBlob}
  0x000001d923f21b80: c5f8 77e8 

  0x000001d923f21b84: ; ImmutableOopMap {[48]=Oop [72]=Oop }
                      ;*invokevirtual lastIndexOf {reexecute=0 rethrow=0 return_oop=0}
                      ; - java.lang.Class::getPackageName@47
                      ; - java.lang.ClassLoader::postDefineClass@2
                      ; - java.lang.ClassLoader::defineClass@37
                      ; - java.security.SecureClassLoader::defineClass@12
                      ; - java.net.URLClassLoader::defineClass@220
                      ; - java.net.URLClassLoader$1::run@43
  0x000001d923f21b84: 782a 02ff 

  0x000001d923f21b88: ;   {other}
  0x000001d923f21b88: 0f1f 8400 | 7876 007f | 8b94 248c | 0000 0090 

  0x000001d923f21b98: ;   {static_call}
  0x000001d923f21b98: c5f8 77e8 

  0x000001d923f21b9c: ; ImmutableOopMap {[40]=Oop [48]=Oop [64]=NarrowOop [68]=NarrowOop [72]=Oop [80]=Oop [88]=NarrowOop [92]=NarrowOop [96]=Oop [120]=Oop [128]=Oop [248]=Oop [256]=Oop }
                      ;*invokestatic newBytesFor {reexecute=0 rethrow=0 return_oop=1}
                      ; - java.lang.String::newStringUTF8NoRepl@228
                      ; - java.lang.System$2::newStringUTF8NoRepl@4
                      ; - java.util.zip.ZipCoder$UTF8ZipCoder::toString@6
                      ; - java.util.zip.ZipFile::getEntryName@38
                      ; - java.util.zip.ZipFile::getManifestName@41
                      ; - java.util.zip.ZipFile$1::getManifestName@2
                      ; - java.util.jar.JarFile::maybeInstantiateVerifier@20
                      ; - java.util.jar.JarFile::ensureInitialization@1
                      ; - java.util.jar.JavaUtilJarAccessImpl::ensureInitialization@1
                      ; - jdk.internal.loader.URLClassPath$JarLoader$2::getManifest@10
                      ; - java.net.URLClassLoader::defineClass@34
                      ; - java.net.URLClassLoader$1::run@43
  0x000001d923f21b9c: e0d4 01ff 

  0x000001d923f21ba0: ;   {other}
  0x000001d923f21ba0: 0f1f 8400 | 9076 0080 | 4889 8424 | b000 0000 | 33f6 e9e1 | fbff ff48 | 8bac 24b0 | 0000 0090 
  0x000001d923f21bc0: e936 fcff | ff8b 9424 | 8000 0000 

  0x000001d923f21bcc: ;   {static_call}
  0x000001d923f21bcc: c5f8 77e8 

  0x000001d923f21bd0: ; ImmutableOopMap {[32]=Oop [40]=Oop [48]=Oop [64]=Oop [72]=Oop [80]=NarrowOop [84]=NarrowOop [88]=Oop [104]=NarrowOop [108]=NarrowOop [112]=Oop [120]=Oop [144]=Oop }
                      ;*invokestatic newBytesFor {reexecute=0 rethrow=0 return_oop=1}
                      ; - java.lang.String::newStringUTF8NoRepl@228
                      ; - java.lang.System$2::newStringUTF8NoRepl@4
                      ; - java.util.zip.ZipCoder$UTF8ZipCoder::toString@6
                      ; - java.util.zip.ZipFile::getEntryName@38
                      ; - java.util.zip.ZipFile::getManifestName@41
                      ; - java.util.zip.ZipFile$1::getManifestName@2
                      ; - java.util.jar.JarFile::maybeInstantiateVerifier@20
                      ; - java.util.jar.JarFile$JarFileEntry::getCodeSigners@4
                      ; - jdk.internal.loader.URLClassPath$JarLoader$2::getCodeSigners@4
                      ; - java.net.URLClassLoader::defineClass@185
                      ; - java.net.URLClassLoader$1::run@43
  0x000001d923f21bd0: acd4 01ff 

  0x000001d923f21bd4: ;   {other}
  0x000001d923f21bd4: 0f1f 8400 | c476 0081 | 4889 8424 | a000 0000 | 33f6 448b | 8424 8000 | 0000 e9b5 | fdff ff48 
  0x000001d923f21bf4: 8bac 24a0 | 0000 000f | 1f44 0000 | e902 feff | ff48 8974 | 2470 4489 | 4424 304c | 895c 2420 
  0x000001d923f21c14: 498b ea48 | 8bd6 4c8d | 8424 1001 | 0000 6690 

  0x000001d923f21c24: ;   {runtime_call _complete_monitor_locking_Java}
  0x000001d923f21c24: c5f8 77e8 

  0x000001d923f21c28: ; ImmutableOopMap {rbp=Oop [32]=Oop [40]=Oop [48]=NarrowOop [64]=Oop [72]=Oop [80]=NarrowOop [88]=Oop [104]=NarrowOop [108]=NarrowOop [112]=Oop [120]=Oop }
                      ;*monitorenter {reexecute=0 rethrow=0 return_oop=0}
                      ; - java.util.zip.ZipFile::getManifestName@3
                      ; - java.util.zip.ZipFile$1::getManifestName@2
                      ; - java.util.jar.JarFile::maybeInstantiateVerifier@20
                      ; - java.util.jar.JarFile$JarFileEntry::getCodeSigners@4
                      ; - jdk.internal.loader.URLClassPath$JarLoader$2::getCodeSigners@4
                      ; - java.net.URLClassLoader::defineClass@185
                      ; - java.net.URLClassLoader$1::run@43
  0x000001d923f21c28: 5425 0eff 

  0x000001d923f21c2c: ;   {other}
  0x000001d923f21c2c: 0f1f 8400 | 1c77 0082 | 4c8b d54c | 8b5c 2420 | 448b 4424 | 3048 8b74 | 2470 e99b | b0ff ff4c 
  0x000001d923f21c4c: 8bce 418b | f049 8bfb | 498b da49 | 8bc9 488d | 9424 1001 | 0000 4d8b | c7c5 f877 | 49ba 9065 
  0x000001d923f21c6c: e73e f87f | 0000 41ff 

  0x000001d923f21c74: ;   {other}
  0x000001d923f21c74: d20f 1f84 | 0000 0000 | 004c 8bd3 | 4c8b df44 | 8bc6 e929 | b1ff ff44 | 8b84 24f0 | 0000 0066 
  0x000001d923f21c94: 0f1f 8400 | 0000 0000 | 6666 6690 | 443b 8424 | 8c00 0000 | 7422 488b | 9424 a800 | 0000 6690 
  0x000001d923f21cb4: ;   {static_call}
  0x000001d923f21cb4: c5f8 77e8 

  0x000001d923f21cb8: ; ImmutableOopMap {[40]=Oop [48]=Oop [64]=NarrowOop [68]=NarrowOop [72]=Oop [80]=Oop [88]=NarrowOop [92]=NarrowOop [96]=Oop [120]=Oop [248]=Oop [256]=Oop }
                      ;*invokestatic copyOf {reexecute=0 rethrow=0 return_oop=1}
                      ; - java.lang.String::newStringUTF8NoRepl@206
                      ; - java.lang.System$2::newStringUTF8NoRepl@4
                      ; - java.util.zip.ZipCoder$UTF8ZipCoder::toString@6
                      ; - java.util.zip.ZipFile::getEntryName@38
                      ; - java.util.zip.ZipFile::getManifestName@41
                      ; - java.util.zip.ZipFile$1::getManifestName@2
                      ; - java.util.jar.JarFile::maybeInstantiateVerifier@20
                      ; - java.util.jar.JarFile::ensureInitialization@1
                      ; - java.util.jar.JavaUtilJarAccessImpl::ensureInitialization@1
                      ; - jdk.internal.loader.URLClassPath$JarLoader$2::getManifest@10
                      ; - java.net.URLClassLoader::defineClass@34
                      ; - java.net.URLClassLoader$1::run@43
  0x000001d923f21cb8: c4d3 01ff 

  0x000001d923f21cbc: ;   {other}
  0x000001d923f21cbc: 0f1f 8400 | ac77 0083 | 4889 8424 | a800 0000 | 498b 87b8 | 0100 004c | 8bd0 4983 | c218 660f 
  0x000001d923f21cdc: 1f44 0000 | 4d3b 97c8 | 0100 000f | 833b 1700 | 004d 8997 | b801 0000 | 410f 0d8a | c000 0000 
  0x000001d923f21cfc: 48c7 0001 

  0x000001d923f21d00: ;   {metadata('java/lang/String')}
  0x000001d923f21d00: 0000 00c7 | 4008 b01e | 0400 4489 | 600c 4c89 | 6010 4c8b | d049 8bd2 | 4c8b 8424 | a800 0000 
  0x000001d923f21d20: 4533 c94c | 8994 24a8 | 0000 0090 

  0x000001d923f21d2c: ;   {optimized virtual_call}
  0x000001d923f21d2c: c5f8 77e8 

  0x000001d923f21d30: ; ImmutableOopMap {[40]=Oop [48]=Oop [64]=NarrowOop [68]=NarrowOop [72]=Oop [80]=Oop [88]=NarrowOop [92]=NarrowOop [96]=Oop [120]=Oop [168]=Oop [248]=Oop [256]=Oop }
                      ;*invokespecial <init> {reexecute=0 rethrow=0 return_oop=0}
                      ; - java.lang.String::newStringUTF8NoRepl@218
                      ; - java.lang.System$2::newStringUTF8NoRepl@4
                      ; - java.util.zip.ZipCoder$UTF8ZipCoder::toString@6
                      ; - java.util.zip.ZipFile::getEntryName@38
                      ; - java.util.zip.ZipFile::getManifestName@41
                      ; - java.util.zip.ZipFile$1::getManifestName@2
                      ; - java.util.jar.JarFile::maybeInstantiateVerifier@20
                      ; - java.util.jar.JarFile::ensureInitialization@1
                      ; - java.util.jar.JavaUtilJarAccessImpl::ensureInitialization@1
                      ; - jdk.internal.loader.URLClassPath$JarLoader$2::getManifest@10
                      ; - java.net.URLClassLoader::defineClass@34
                      ; - java.net.URLClassLoader$1::run@43
  0x000001d923f21d30: 4ccd 01ff 

  0x000001d923f21d34: ;   {other}
  0x000001d923f21d34: 0f1f 8400 | 2478 0084 | 4c8b 9424 | 0001 0000 | 4c8b 8424 | 0801 0000 | e966 cfff | ff44 8b84 
  0x000001d923f21d54: 24a4 0000 | 000f 1f80 | 0000 0000 | 443b 8424 | 8000 0000 | 0f84 5e08 | 0000 488b | 9424 c000 
  0x000001d923f21d74: 0000 6690 

  0x000001d923f21d78: ;   {static_call}
  0x000001d923f21d78: c5f8 77e8 

  0x000001d923f21d7c: ; ImmutableOopMap {[32]=Oop [40]=Oop [48]=Oop [64]=Oop [72]=Oop [80]=NarrowOop [84]=NarrowOop [88]=Oop [104]=NarrowOop [108]=NarrowOop [112]=Oop [120]=Oop }
                      ;*invokestatic copyOf {reexecute=0 rethrow=0 return_oop=1}
                      ; - java.lang.String::newStringUTF8NoRepl@206
                      ; - java.lang.System$2::newStringUTF8NoRepl@4
                      ; - java.util.zip.ZipCoder$UTF8ZipCoder::toString@6
                      ; - java.util.zip.ZipFile::getEntryName@38
                      ; - java.util.zip.ZipFile::getManifestName@41
                      ; - java.util.zip.ZipFile$1::getManifestName@2
                      ; - java.util.jar.JarFile::maybeInstantiateVerifier@20
                      ; - java.util.jar.JarFile$JarFileEntry::getCodeSigners@4
                      ; - jdk.internal.loader.URLClassPath$JarLoader$2::getCodeSigners@4
                      ; - java.net.URLClassLoader::defineClass@185
                      ; - java.net.URLClassLoader$1::run@43
  0x000001d923f21d7c: 00d3 01ff 

  0x000001d923f21d80: ;   {other}
  0x000001d923f21d80: 0f1f 8400 | 7078 0085 | 4889 8424 | 9000 0000 | 498b 87b8 | 0100 004c | 8bd0 4983 | c218 6690 
  0x000001d923f21da0: 4d3b 97c8 | 0100 000f | 839c 1600 | 004d 8997 | b801 0000 | 410f 0d8a | c000 0000 | 48c7 0001 
  0x000001d923f21dc0: ;   {metadata('java/lang/String')}
  0x000001d923f21dc0: 0000 00c7 | 4008 b01e | 0400 4489 | 600c 4c89 | 6010 4c8b | d049 8bd2 | 4c8b 8424 | 9000 0000 
  0x000001d923f21de0: 4533 c94c | 8994 2490 | 0000 0090 

  0x000001d923f21dec: ;   {optimized virtual_call}
  0x000001d923f21dec: c5f8 77e8 

  0x000001d923f21df0: ; ImmutableOopMap {[32]=Oop [40]=Oop [48]=Oop [64]=Oop [72]=Oop [80]=NarrowOop [84]=NarrowOop [88]=Oop [104]=NarrowOop [108]=NarrowOop [112]=Oop [120]=Oop [144]=Oop }
                      ;*invokespecial <init> {reexecute=0 rethrow=0 return_oop=0}
                      ; - java.lang.String::newStringUTF8NoRepl@218
                      ; - java.lang.System$2::newStringUTF8NoRepl@4
                      ; - java.util.zip.ZipCoder$UTF8ZipCoder::toString@6
                      ; - java.util.zip.ZipFile::getEntryName@38
                      ; - java.util.zip.ZipFile::getManifestName@41
                      ; - java.util.zip.ZipFile$1::getManifestName@2
                      ; - java.util.jar.JarFile::maybeInstantiateVerifier@20
                      ; - java.util.jar.JarFile$JarFileEntry::getCodeSigners@4
                      ; - jdk.internal.loader.URLClassPath$JarLoader$2::getCodeSigners@4
                      ; - java.net.URLClassLoader::defineClass@185
                      ; - java.net.URLClassLoader$1::run@43
  0x000001d923f21df0: 8ccc 01ff 

  0x000001d923f21df4: ;   {other}
  0x000001d923f21df4: 0f1f 8400 | e478 0086 | 0f1f 4000 | e969 d4ff | ffba c6ff | ffff 488b | 6c24 484c | 8b5c 2438 
  0x000001d923f21e14: 4c89 5c24 | 284c 8954 | 2438 6690 

  0x000001d923f21e20: ;   {runtime_call UncommonTrapBlob}
  0x000001d923f21e20: c5f8 77e8 

  0x000001d923f21e24: ; ImmutableOopMap {rbp=Oop [56]=Oop [80]=NarrowOop [104]=NarrowOop [108]=NarrowOop [120]=Oop }
                      ;*invokevirtual getCodeSigners {reexecute=0 rethrow=0 return_oop=0}
                      ; - java.net.URLClassLoader::defineClass@185
                      ; - java.net.URLClassLoader$1::run@43
  0x000001d923f21e24: d827 02ff 

  0x000001d923f21e28: ;   {other}
  0x000001d923f21e28: 0f1f 8400 | 1879 0087 | bac6 ffff | ff48 8b6c | 2448 4c89 | 6c24 284c | 8b54 2438 | 4c89 5424 
  0x000001d923f21e48: 3089 4424 | 384c 896c | 2440 6690 

  0x000001d923f21e54: ;   {runtime_call UncommonTrapBlob}
  0x000001d923f21e54: c5f8 77e8 

  0x000001d923f21e58: ; ImmutableOopMap {rbp=Oop [40]=Oop [64]=Oop [104]=NarrowOop [108]=NarrowOop }
                      ;*invokevirtual getCodeSourceURL {reexecute=0 rethrow=0 return_oop=0}
                      ; - java.net.URLClassLoader::defineClass@13
                      ; - java.net.URLClassLoader$1::run@43
  0x000001d923f21e58: a427 02ff 

  0x000001d923f21e5c: ;   {other}
  0x000001d923f21e5c: 0f1f 8400 | 4c79 0088 | 4889 9424 | 8000 0000 | 897c 2478 | 4889 5c24 | 7044 895c | 2468 4c89 
  0x000001d923f21e7c: ;   {metadata('java/util/ArrayList')}
  0x000001d923f21e7c: 4c24 2048 | ba28 7205 | 0008 0000 | 0066 6690 

  0x000001d923f21e8c: ;   {runtime_call _new_instance_Java}
  0x000001d923f21e8c: c5f8 77e8 

  0x000001d923f21e90: ; ImmutableOopMap {[32]=Oop [40]=Oop [48]=Oop [56]=Oop [64]=Oop [72]=Oop [80]=NarrowOop [88]=Oop [104]=NarrowOop [108]=NarrowOop [112]=Oop [120]=NarrowOop [128]=Oop }
                      ;*new {reexecute=0 rethrow=0 return_oop=1}
                      ; - java.security.CodeSource::getCertificates@25
                      ; - java.lang.ClassLoader::checkCerts@34
                      ; - java.lang.ClassLoader::preDefineClass@113
                      ; - java.lang.ClassLoader::defineClass@4
                      ; - java.security.SecureClassLoader::defineClass@12
                      ; - java.net.URLClassLoader::defineClass@220
                      ; - java.net.URLClassLoader$1::run@43
  0x000001d923f21e90: 6c33 0eff 

  0x000001d923f21e94: ;   {other}
  0x000001d923f21e94: 0f1f 8400 | 8479 0089 | 4c8b 4c24 | 2044 8b5c | 2468 488b | 5c24 708b | 7c24 7848 | 8b94 2480 
  0x000001d923f21eb4: 0000 00e9 | f6bd ffff | 4889 4c24 | 2048 8bea | 4889 9c24 | 8000 0000 | 4489 5c24 | 784c 894c 
  0x000001d923f21ed4: 2470 4889 | 4424 f88b | 4424 6c89 | 4424 6848 | 8b44 24f8 

  0x000001d923f21ee8: ;   {metadata('java/security/cert/Certificate'[])}
  0x000001d923f21ee8: 48ba 308f | 0200 0800 | 0000 4533 | c066 6690 

  0x000001d923f21ef8: ;   {runtime_call _new_array_Java}
  0x000001d923f21ef8: c5f8 77e8 

  0x000001d923f21efc: ; ImmutableOopMap {rbp=Oop [32]=Oop [40]=Oop [48]=Oop [56]=Oop [64]=Oop [72]=Oop [80]=NarrowOop [88]=Oop [104]=NarrowOop [112]=Oop [120]=NarrowOop [128]=Oop }
                      ;*anewarray {reexecute=0 rethrow=0 return_oop=1}
                      ; - java.security.CodeSource::getCertificates@70
                      ; - java.lang.ClassLoader::checkCerts@34
                      ; - java.lang.ClassLoader::preDefineClass@113
                      ; - java.lang.ClassLoader::defineClass@4
                      ; - java.security.SecureClassLoader::defineClass@12
                      ; - java.net.URLClassLoader::defineClass@220
                      ; - java.net.URLClassLoader$1::run@43
  0x000001d923f21efc: 0036 0eff 

  0x000001d923f21f00: ;   {other}
  0x000001d923f21f00: 0f1f 8400 | f079 008a | e90b bfff | ff48 8bef | 4c89 4424 | 7848 ba00 | 0000 0008 | 0000 0049 
  0x000001d923f21f20: 03d3 448b | c166 6690 

  0x000001d923f21f28: ;   {runtime_call _new_array_Java}
  0x000001d923f21f28: c5f8 77e8 

  0x000001d923f21f2c: ; ImmutableOopMap {[40]=Oop [48]=Oop [56]=Oop [64]=Oop [72]=Oop [80]=NarrowOop [88]=Oop [104]=NarrowOop [112]=Oop [120]=Oop [128]=Oop }
                      ;*invokevirtual clone {reexecute=1 rethrow=0 return_oop=1}
                      ; - (reexecute) java.security.CodeSource::getCertificates@86
                      ; - java.lang.ClassLoader::checkCerts@34
                      ; - java.lang.ClassLoader::preDefineClass@113
                      ; - java.lang.ClassLoader::defineClass@4
                      ; - java.security.SecureClassLoader::defineClass@12
                      ; - java.net.URLClassLoader::defineClass@220
                      ; - java.net.URLClassLoader$1::run@43
  0x000001d923f21f2c: d035 0eff 

  0x000001d923f21f30: ;   {other}
  0x000001d923f21f30: 0f1f 8400 | 207a 008b | 488b d80f | 1f44 0000 | e9ca bfff | ffba 45ff | ffff 48ff | 7424 4848 
  0x000001d923f21f50: 8f44 2420 | 4c89 6c24 | 284c 8b4c | 2438 4c89 | 4c24 3048 | 8944 24f8 | 8b44 2468 | 8944 2438 
  0x000001d923f21f70: 488b 4424 | f848 8944 | 24f8 8b44 | 246c 8944 | 243c 488b | 4424 f844 | 895c 2448 | 4c89 5424 
  0x000001d923f21f90: 5844 8944 | 2460 4489 | 4424 6490 

  0x000001d923f21f9c: ;   {runtime_call UncommonTrapBlob}
  0x000001d923f21f9c: c5f8 77e8 

  0x000001d923f21fa0: ; ImmutableOopMap {[32]=Oop [40]=Oop [56]=NarrowOop [60]=NarrowOop [72]=NarrowOop [88]=Oop [96]=NarrowOop [100]=NarrowOop [248]=Oop }
                      ;*ifeq {reexecute=1 rethrow=0 return_oop=0}
                      ; - (reexecute) java.util.zip.ZipFile::ensureOpen@4
                      ; - java.util.zip.ZipFile::getManifestName@5
                      ; - java.util.zip.ZipFile$1::getManifestName@2
                      ; - java.util.jar.JarFile::maybeInstantiateVerifier@20
                      ; - java.util.jar.JarFile::ensureInitialization@1
                      ; - java.util.jar.JavaUtilJarAccessImpl::ensureInitialization@1
                      ; - jdk.internal.loader.URLClassPath$JarLoader$2::getManifest@10
                      ; - java.net.URLClassLoader::defineClass@34
                      ; - java.net.URLClassLoader$1::run@43
  0x000001d923f21fa0: 5c26 02ff 

  0x000001d923f21fa4: ;   {other}
  0x000001d923f21fa4: 0f1f 8400 | 947a 008c | ba45 ffff | ff4c 8b4c | 2448 4c89 | 4c24 204c | 8954 2428 | 4c8b 5424 
  0x000001d923f21fc4: 384c 8954 | 2430 448b | 5424 5044 | 8954 2448 | 4c89 5c24 | 5044 8944 | 2458 4489 | 4424 5c90 
  0x000001d923f21fe4: ;   {runtime_call UncommonTrapBlob}
  0x000001d923f21fe4: c5f8 77e8 

  0x000001d923f21fe8: ; ImmutableOopMap {[32]=Oop [40]=Oop [72]=NarrowOop [80]=Oop [88]=NarrowOop [92]=NarrowOop [104]=NarrowOop [108]=NarrowOop [120]=Oop }
                      ;*ifeq {reexecute=1 rethrow=0 return_oop=0}
                      ; - (reexecute) java.util.zip.ZipFile::ensureOpen@4
                      ; - java.util.zip.ZipFile::getManifestName@5
                      ; - java.util.zip.ZipFile$1::getManifestName@2
                      ; - java.util.jar.JarFile::maybeInstantiateVerifier@20
                      ; - java.util.jar.JarFile$JarFileEntry::getCodeSigners@4
                      ; - jdk.internal.loader.URLClassPath$JarLoader$2::getCodeSigners@4
                      ; - java.net.URLClassLoader::defineClass@185
                      ; - java.net.URLClassLoader$1::run@43
  0x000001d923f21fe8: 1426 02ff 

  0x000001d923f21fec: ;   {other}
  0x000001d923f21fec: 0f1f 8400 | dc7a 008d | ba45 ffff | ff4c 8b54 | 2448 4c89 | 5424 2044 | 8b5c 2468 | 4489 5c24 
  0x000001d923f2200c: 4444 8b54 | 246c 4489 | 5424 4889 | 7c24 4c90 

  0x000001d923f2201c: ;   {runtime_call UncommonTrapBlob}
  0x000001d923f2201c: c5f8 77e8 

  0x000001d923f22020: ; ImmutableOopMap {rbp=Oop [32]=Oop [48]=Oop [64]=NarrowOop [68]=NarrowOop [72]=NarrowOop [76]=NarrowOop [96]=Oop [112]=Oop }
                      ;*ifeq {reexecute=1 rethrow=0 return_oop=0}
                      ; - (reexecute) jdk.internal.misc.Blocker::begin@14
                      ; - java.io.FileInputStream::open@0
                      ; - java.io.FileInputStream::<init>@96
                      ; - jdk.internal.loader.URLClassPath$FileLoader$1::getInputStream@8
                      ; - jdk.internal.loader.Resource::cachedInputStream@9
                      ; - jdk.internal.loader.Resource::getByteBuffer@1
                      ; - java.net.URLClassLoader::defineClass@132
                      ; - java.net.URLClassLoader$1::run@43
  0x000001d923f22020: dc25 02ff 

  0x000001d923f22024: ;   {other}
  0x000001d923f22024: 0f1f 8400 | 147b 008e | bac6 ffff | ff48 8b6c | 2448 4c89 | 6c24 284c | 8b54 2438 | 4c89 5424 
  0x000001d923f22044: 304c 896c | 2438 4489 | 5c24 6090 

  0x000001d923f22050: ;   {runtime_call UncommonTrapBlob}
  0x000001d923f22050: c5f8 77e8 

  0x000001d923f22054: ; ImmutableOopMap {rbp=Oop [40]=Oop [56]=Oop [96]=NarrowOop [104]=NarrowOop [108]=NarrowOop }
                      ;*invokevirtual getInputStream {reexecute=0 rethrow=0 return_oop=0}
                      ; - jdk.internal.loader.Resource::cachedInputStream@9
                      ; - jdk.internal.loader.Resource::getByteBuffer@1
                      ; - java.net.URLClassLoader::defineClass@132
                      ; - java.net.URLClassLoader$1::run@43
  0x000001d923f22054: a825 02ff 

  0x000001d923f22058: ;   {other}
  0x000001d923f22058: 0f1f 8400 | 487b 008f | 4889 9424 | 8000 0000 | 4889 7c24 | 7844 8954 | 2470 498b | e948 8bd7 
  0x000001d923f22078: 4c8d 8424 | 1801 0000 

  0x000001d923f22080: ;   {runtime_call _complete_monitor_locking_Java}
  0x000001d923f22080: c5f8 77e8 

  0x000001d923f22084: ; ImmutableOopMap {rbp=Oop [32]=Oop [40]=Oop [48]=Oop [64]=NarrowOop [72]=Oop [80]=Oop [96]=Oop [104]=NarrowOop [108]=NarrowOop [112]=NarrowOop [120]=Oop [128]=Oop }
                      ;*synchronization entry
                      ; - java.io.FileDescriptor::attach@-1
                      ; - java.io.FileInputStream::<init>@86
                      ; - jdk.internal.loader.URLClassPath$FileLoader$1::getInputStream@8
                      ; - jdk.internal.loader.Resource::cachedInputStream@9
                      ; - jdk.internal.loader.Resource::getByteBuffer@1
                      ; - java.net.URLClassLoader::defineClass@132
                      ; - java.net.URLClassLoader$1::run@43
  0x000001d923f22084: f820 0eff 

  0x000001d923f22088: ;   {other}
  0x000001d923f22088: 0f1f 8400 | 787b 0090 | 4c8b cd44 | 8b54 2470 | 488b 7c24 | 7848 8b94 | 2480 0000 | 00e9 6ab1 
  0x000001d923f220a8: ffff 488b | ea41 8bf2 | 498b d948 | 8bcf 488d | 9424 1801 | 0000 4d8b | c7c5 f877 | 49ba 9065 
  0x000001d923f220c8: e73e f87f | 0000 41ff 

  0x000001d923f220d0: ;   {other}
  0x000001d923f220d0: d20f 1f84 | 0000 0000 | 004c 8bcb | 448b d648 | 8bd5 e91f | b2ff ff4c | 898c 2480 | 0000 0048 
  0x000001d923f220f0: 8bef 488b | d74c 8d84 | 2418 0100 | 0066 6690 

  0x000001d923f22100: ;   {runtime_call _complete_monitor_locking_Java}
  0x000001d923f22100: c5f8 77e8 

  0x000001d923f22104: ; ImmutableOopMap {rbp=Oop [32]=Oop [40]=Oop [48]=Oop [64]=NarrowOop [72]=Oop [80]=Oop [96]=Oop [104]=NarrowOop [108]=NarrowOop [112]=Oop [120]=NarrowOop [128]=Oop }
                      ;*synchronization entry
                      ; - java.io.FileDescriptor::registerCleanup@-1
                      ; - java.io.FileCleanable::register@45
                      ; - java.io.FileInputStream::<init>@103
                      ; - jdk.internal.loader.URLClassPath$FileLoader$1::getInputStream@8
                      ; - jdk.internal.loader.Resource::cachedInputStream@9
                      ; - jdk.internal.loader.Resource::getByteBuffer@1
                      ; - java.net.URLClassLoader::defineClass@132
                      ; - java.net.URLClassLoader$1::run@43
  0x000001d923f22104: 7820 0eff 

  0x000001d923f22108: ;   {other}
  0x000001d923f22108: 0f1f 8400 | f87b 0091 | 488b fd4c | 8b8c 2480 | 0000 000f | 1f44 0000 | e9da b3ff | ff48 8bcf 
  0x000001d923f22128: 488d 9424 | 1801 0000 | 4d8b c7c5 | f877 49ba | 9065 e73e | f87f 0000 

  0x000001d923f22140: ;   {other}
  0x000001d923f22140: 41ff d20f | 1f84 0000 | 0000 00e9 | 9fb4 ffff | 4c89 9424 | e000 0000 

  0x000001d923f22158: ;   {metadata('java/lang/String')}
  0x000001d923f22158: 48ba b01e | 0400 0800 | 0000 6690 

  0x000001d923f22164: ;   {runtime_call _new_instance_Java}
  0x000001d923f22164: c5f8 77e8 

  0x000001d923f22168: ; ImmutableOopMap {[40]=Oop [48]=Oop [64]=NarrowOop [68]=NarrowOop [72]=Oop [80]=Oop [88]=NarrowOop [92]=NarrowOop [96]=Oop [108]=NarrowOop [120]=Oop [128]=Oop [152]=Derived_oop_[128] [248]=Oop }
                      ;*new {reexecute=0 rethrow=0 return_oop=1}
                      ; - java.lang.String::newStringUTF8NoRepl@50
                      ; - java.lang.System$2::newStringUTF8NoRepl@4
                      ; - java.util.zip.ZipCoder$UTF8ZipCoder::toString@6
                      ; - java.util.zip.ZipFile::getEntryName@38
                      ; - java.util.zip.ZipFile::getManifestName@41
                      ; - java.util.zip.ZipFile$1::getManifestName@2
                      ; - java.util.jar.JarFile::maybeInstantiateVerifier@20
                      ; - java.util.jar.JarFile::ensureInitialization@1
                      ; - java.util.jar.JavaUtilJarAccessImpl::ensureInitialization@1
                      ; - jdk.internal.loader.URLClassPath$JarLoader$2::getManifest@10
                      ; - java.net.URLClassLoader::defineClass@34
                      ; - java.net.URLClassLoader$1::run@43
  0x000001d923f22168: 9430 0eff 

  0x000001d923f2216c: ;   {other}
  0x000001d923f2216c: 0f1f 8400 | 5c7c 0092 | 4c8b c04c | 8b94 24e0 | 0000 0090 | e97d c8ff | ff4c 899c | 24c8 0000 
  0x000001d923f2218c: ;   {metadata('java/lang/String')}
  0x000001d923f2218c: 0048 bab0 | 1e04 0008 | 0000 0090 

  0x000001d923f22198: ;   {runtime_call _new_instance_Java}
  0x000001d923f22198: c5f8 77e8 

  0x000001d923f2219c: ; ImmutableOopMap {[32]=Oop [40]=Oop [48]=Oop [64]=Oop [72]=Oop [80]=NarrowOop [84]=NarrowOop [88]=Oop [104]=NarrowOop [108]=NarrowOop [112]=Oop [120]=Oop [132]=NarrowOop [144]=Oop [160]=Derived_oop_[144] }
                      ;*new {reexecute=0 rethrow=0 return_oop=1}
                      ; - java.lang.String::newStringUTF8NoRepl@50
                      ; - java.lang.System$2::newStringUTF8NoRepl@4
                      ; - java.util.zip.ZipCoder$UTF8ZipCoder::toString@6
                      ; - java.util.zip.ZipFile::getEntryName@38
                      ; - java.util.zip.ZipFile::getManifestName@41
                      ; - java.util.zip.ZipFile$1::getManifestName@2
                      ; - java.util.jar.JarFile::maybeInstantiateVerifier@20
                      ; - java.util.jar.JarFile$JarFileEntry::getCodeSigners@4
                      ; - jdk.internal.loader.URLClassPath$JarLoader$2::getCodeSigners@4
                      ; - java.net.URLClassLoader::defineClass@185
                      ; - java.net.URLClassLoader$1::run@43
  0x000001d923f2219c: 6030 0eff 

  0x000001d923f221a0: ;   {other}
  0x000001d923f221a0: 0f1f 8400 | 907c 0093 | 4c8b c04c | 8b9c 24c8 | 0000 00e9 | 01ce ffff | bace ffff | ff4c 8b54 
  0x000001d923f221c0: 2448 4c89 | 5424 2044 | 8b5c 2468 | 4489 5c24 | 4444 8b54 | 246c 4489 | 5424 4889 | 7424 4c44 
  0x000001d923f221e0: 8944 247c | 4489 8c24 | 8000 0000 

  0x000001d923f221ec: ;   {runtime_call UncommonTrapBlob}
  0x000001d923f221ec: c5f8 77e8 

  0x000001d923f221f0: ; ImmutableOopMap {rbp=NarrowOop [32]=Oop [48]=Oop [64]=NarrowOop [68]=NarrowOop [72]=NarrowOop [76]=NarrowOop [96]=Oop [112]=Oop [124]=NarrowOop }
                      ;*invokestatic indexOfChar {reexecute=0 rethrow=0 return_oop=0}
                      ; - java.lang.StringLatin1::indexOf@33
                      ; - java.lang.String::indexOf@17
                      ; - java.lang.String::indexOf@3
                      ; - java.io.WinNTFileSystem::isInvalid@5
                      ; - java.io.File::isInvalid@13
                      ; - java.io.FileInputStream::<init>@54
                      ; - jdk.internal.loader.URLClassPath$FileLoader$1::getInputStream@8
                      ; - jdk.internal.loader.Resource::cachedInputStream@9
                      ; - jdk.internal.loader.Resource::getByteBuffer@1
                      ; - java.net.URLClassLoader::defineClass@132
                      ; - java.net.URLClassLoader$1::run@43
  0x000001d923f221f0: 0c24 02ff 

  0x000001d923f221f4: ;   {other}
  0x000001d923f221f4: 0f1f 8400 | e47c 0094 

  0x000001d923f221fc: ;   {metadata({type array byte})}
  0x000001d923f221fc: 48ba 280a | 0400 0800 | 0000 448b | 8424 8800 | 0000 6690 

  0x000001d923f22210: ;   {runtime_call _new_array_nozero_Java}
  0x000001d923f22210: c5f8 77e8 

  0x000001d923f22214: ; ImmutableOopMap {[40]=Oop [48]=Oop [64]=NarrowOop [68]=NarrowOop [72]=Oop [80]=Oop [88]=NarrowOop [92]=NarrowOop [96]=Oop [120]=Oop [128]=Oop [152]=Derived_oop_[128] [176]=Oop [248]=Oop }
                      ;*newarray {reexecute=0 rethrow=0 return_oop=1}
                      ; - java.util.Arrays::copyOfRangeByte@10
                      ; - java.util.Arrays::copyOfRange@13
                      ; - java.lang.String::newStringUTF8NoRepl@59
                      ; - java.lang.System$2::newStringUTF8NoRepl@4
                      ; - java.util.zip.ZipCoder$UTF8ZipCoder::toString@6
                      ; - java.util.zip.ZipFile::getEntryName@38
                      ; - java.util.zip.ZipFile::getManifestName@41
                      ; - java.util.zip.ZipFile$1::getManifestName@2
                      ; - java.util.jar.JarFile::maybeInstantiateVerifier@20
                      ; - java.util.jar.JarFile::ensureInitialization@1
                      ; - java.util.jar.JavaUtilJarAccessImpl::ensureInitialization@1
                      ; - jdk.internal.loader.URLClassPath$JarLoader$2::getManifest@10
                      ; - java.net.URLClassLoader::defineClass@34
                      ; - java.net.URLClassLoader$1::run@43
  0x000001d923f22214: e835 0eff 

  0x000001d923f22218: ;   {other}
  0x000001d923f22218: 0f1f 8400 | 087d 0095 | 4c8b d0e9 | 0ac9 ffff | 4489 9424 | 8000 0000 | 4c89 9c24 | 8800 0000 
  0x000001d923f22238: ;   {metadata({type array byte})}
  0x000001d923f22238: 48ba 280a | 0400 0800 | 0000 448b | 8424 8000 | 0000 6690 

  0x000001d923f2224c: ;   {runtime_call _new_array_nozero_Java}
  0x000001d923f2224c: c5f8 77e8 

  0x000001d923f22250: ; ImmutableOopMap {[32]=Oop [40]=Oop [48]=Oop [64]=Oop [72]=Oop [80]=NarrowOop [84]=NarrowOop [88]=Oop [104]=NarrowOop [108]=NarrowOop [112]=Oop [120]=Oop [144]=Oop [160]=Derived_oop_[144] [184]=Oop }
                      ;*newarray {reexecute=0 rethrow=0 return_oop=1}
                      ; - java.util.Arrays::copyOfRangeByte@10
                      ; - java.util.Arrays::copyOfRange@13
                      ; - java.lang.String::newStringUTF8NoRepl@59
                      ; - java.lang.System$2::newStringUTF8NoRepl@4
                      ; - java.util.zip.ZipCoder$UTF8ZipCoder::toString@6
                      ; - java.util.zip.ZipFile::getEntryName@38
                      ; - java.util.zip.ZipFile::getManifestName@41
                      ; - java.util.zip.ZipFile$1::getManifestName@2
                      ; - java.util.jar.JarFile::maybeInstantiateVerifier@20
                      ; - java.util.jar.JarFile$JarFileEntry::getCodeSigners@4
                      ; - jdk.internal.loader.URLClassPath$JarLoader$2::getCodeSigners@4
                      ; - java.net.URLClassLoader::defineClass@185
                      ; - java.net.URLClassLoader$1::run@43
  0x000001d923f22250: ac35 0eff 

  0x000001d923f22254: ;   {other}
  0x000001d923f22254: 0f1f 8400 | 447d 0096 | 8b8c 2480 | 0000 004c | 8bc8 e994 | ceff ffba | ceff ffff | 4c89 5c24 
  0x000001d923f22274: 2048 895c | 2430 4489 | 5424 3890 

  0x000001d923f22280: ;   {runtime_call UncommonTrapBlob}
  0x000001d923f22280: c5f8 77e8 

  0x000001d923f22284: ; ImmutableOopMap {[32]=Oop [48]=Oop [72]=Oop }
                      ;*invokestatic inflate {reexecute=0 rethrow=0 return_oop=0}
                      ; - java.lang.String::getBytes@40
                      ; - java.lang.StringConcatHelper::prepend@21
                      ; - java.lang.StringConcatHelper::simpleConcat@81
                      ; - java.lang.String::concat@11
                      ; - java.net.URLClassLoader$1::run@13
  0x000001d923f22284: 7823 02ff 

  0x000001d923f22288: ;   {other}
  0x000001d923f22288: 0f1f 8400 | 787d 0097 | 448b 8424 | 8800 0000 | e9f6 f9ff | ff44 8b84 | 2498 0000 | 00e9 affa 
  0x000001d923f222a8: ffff ba45 | ffff ff4c | 8b5c 2448 | 4c89 5c24 | 2044 8b44 | 2468 4489 | 4424 4444 | 8b5c 246c 
  0x000001d923f222c8: 4489 5c24 | 484c 894c | 2470 4489 | 5424 4c4c | 898c 2480 | 0000 0048 | 89bc 2488 | 0000 0090 
  0x000001d923f222e8: ;   {runtime_call UncommonTrapBlob}
  0x000001d923f222e8: c5f8 77e8 

  0x000001d923f222ec: ; ImmutableOopMap {rbp=NarrowOop [32]=Oop [48]=Oop [64]=NarrowOop [68]=NarrowOop [72]=NarrowOop [76]=NarrowOop [96]=Oop [112]=Oop [128]=Oop [136]=Oop }
                      ;*ifnonnull {reexecute=1 rethrow=0 return_oop=0}
                      ; - (reexecute) java.io.FileDescriptor::attach@4
                      ; - java.io.FileInputStream::<init>@86
                      ; - jdk.internal.loader.URLClassPath$FileLoader$1::getInputStream@8
                      ; - jdk.internal.loader.Resource::cachedInputStream@9
                      ; - jdk.internal.loader.Resource::getByteBuffer@1
                      ; - java.net.URLClassLoader::defineClass@132
                      ; - java.net.URLClassLoader$1::run@43
  0x000001d923f222ec: 1023 02ff 

  0x000001d923f222f0: ;   {other}
  0x000001d923f222f0: 0f1f 8400 | e07d 0098 | ba45 ffff | ff4c 8b54 | 2448 4c89 | 5424 2044 | 8b54 2468 | 4489 5424 
  0x000001d923f22310: 4444 8b5c | 246c 4489 | 5c24 4889 | 7c24 4c90 

  0x000001d923f22320: ;   {runtime_call UncommonTrapBlob}
  0x000001d923f22320: c5f8 77e8 

  0x000001d923f22324: ; ImmutableOopMap {[32]=Oop [48]=Oop [64]=NarrowOop [68]=NarrowOop [72]=NarrowOop [76]=NarrowOop [96]=Oop [112]=Oop }
                      ;*if_icmplt {reexecute=1 rethrow=0 return_oop=0}
                      ; - (reexecute) jdk.internal.misc.VM::isBooted@4
                      ; - jdk.internal.misc.Blocker::begin@0
                      ; - java.io.FileInputStream::open@0
                      ; - java.io.FileInputStream::<init>@96
                      ; - jdk.internal.loader.URLClassPath$FileLoader$1::getInputStream@8
                      ; - jdk.internal.loader.Resource::cachedInputStream@9
                      ; - jdk.internal.loader.Resource::getByteBuffer@1
                      ; - java.net.URLClassLoader::defineClass@132
                      ; - java.net.URLClassLoader$1::run@43
  0x000001d923f22324: d822 02ff 

  0x000001d923f22328: ;   {other}
  0x000001d923f22328: 0f1f 8400 | 187e 0099 | 488b ea41 | 8bf2 488b | 5c24 7049 | 8bd7 c5f8 | 7749 ba70 | eea5 3ef8 
  0x000001d923f22348: 7f00 0041 

  0x000001d923f2234c: ;   {other}
  0x000001d923f2234c: ffd2 0f1f | 8400 0000 | 0000 e94f | d4ff ff48 | 8bea 418b | f249 8bd9 | 498b d7c5 | f877 49ba 
  0x000001d923f2236c: 70ee a53e | f87f 0000 

  0x000001d923f22374: ;   {other}
  0x000001d923f22374: 41ff d20f | 1f84 0000 | 0000 0090 | e972 d4ff | ff48 8bf2 | 418b fa49 | 8bd9 498b | d7c5 f877 
  0x000001d923f22394: 49ba 70ee | a53e f87f | 0000 41ff 

  0x000001d923f223a0: ;   {other}
  0x000001d923f223a0: d20f 1f84 | 0000 0000 | 00e9 92d4 | ffff 498b | f149 8bd7 | c5f8 7749 | ba70 eea5 | 3ef8 7f00 
  0x000001d923f223c0: 0041 ffd2 

  0x000001d923f223c4: ;   {other}
  0x000001d923f223c4: 0f1f 8400 | 0000 0000 | 448b 4424 | 784c 8bce | e943 b1ff | ff49 c7c2 | ffff ffff | 4d3b dabd 
  0x000001d923f223e4: ffff ffff | 7c08 400f | 95c5 400f | b6ed ba45 | ffff ff4c | 8b54 2448 | 4c89 5424 | 2044 8b5c 
  0x000001d923f22404: 2468 4489 | 5c24 4444 | 8b54 246c | 4489 5424 | 484c 894c | 2468 4489 | 4424 7090 

  0x000001d923f22420: ;   {runtime_call UncommonTrapBlob}
  0x000001d923f22420: c5f8 77e8 

  0x000001d923f22424: ; ImmutableOopMap {[32]=Oop [48]=Oop [64]=NarrowOop [68]=NarrowOop [72]=NarrowOop [96]=Oop [104]=Oop [112]=NarrowOop }
                      ;*ifne {reexecute=1 rethrow=0 return_oop=0}
                      ; - (reexecute) java.io.FileDescriptor::valid@8
                      ; - java.io.FileCleanable::register@5
                      ; - java.io.FileInputStream::<init>@103
                      ; - jdk.internal.loader.URLClassPath$FileLoader$1::getInputStream@8
                      ; - jdk.internal.loader.Resource::cachedInputStream@9
                      ; - jdk.internal.loader.Resource::getByteBuffer@1
                      ; - java.net.URLClassLoader::defineClass@132
                      ; - java.net.URLClassLoader$1::run@43
  0x000001d923f22424: d821 02ff 

  0x000001d923f22428: ;   {other}
  0x000001d923f22428: 0f1f 8400 | 187f 009a | ba45 ffff | ff4c 8b54 | 2448 4c89 | 5424 2044 | 8b54 2468 | 4489 5424 
  0x000001d923f22448: 4444 8b5c | 246c 4489 | 5c24 484c | 8b54 2470 | 4c89 5424 | 684c 894c | 2470 6690 

  0x000001d923f22464: ;   {runtime_call UncommonTrapBlob}
  0x000001d923f22464: c5f8 77e8 

  0x000001d923f22468: ; ImmutableOopMap {rbp=NarrowOop [32]=Oop [48]=Oop [64]=NarrowOop [68]=NarrowOop [72]=NarrowOop [96]=Oop [104]=Oop [112]=Oop [120]=NarrowOop }
                      ;*ifnull {reexecute=1 rethrow=0 return_oop=0}
                      ; - (reexecute) java.io.FileDescriptor::registerCleanup@11
                      ; - java.io.FileCleanable::register@45
                      ; - java.io.FileInputStream::<init>@103
                      ; - jdk.internal.loader.URLClassPath$FileLoader$1::getInputStream@8
                      ; - jdk.internal.loader.Resource::cachedInputStream@9
                      ; - jdk.internal.loader.Resource::getByteBuffer@1
                      ; - java.net.URLClassLoader::defineClass@132
                      ; - java.net.URLClassLoader$1::run@43
  0x000001d923f22468: 9421 02ff 

  0x000001d923f2246c: ;   {other}
  0x000001d923f2246c: 0f1f 8400 | 5c7f 009b | 33ed 4585 | d240 0f94 | c5ba 45ff | ffff 4c8b | 5424 484c | 8954 2420 
  0x000001d923f2248c: 448b 5424 | 6844 8954 | 2444 448b | 5424 6c44 | 8954 2448 | 4489 4424 | 7c44 898c | 2480 0000 
  0x000001d923f224ac: 0066 6690 

  0x000001d923f224b0: ;   {runtime_call UncommonTrapBlob}
  0x000001d923f224b0: c5f8 77e8 

  0x000001d923f224b4: ; ImmutableOopMap {[32]=Oop [48]=Oop [64]=NarrowOop [68]=NarrowOop [72]=NarrowOop [96]=Oop [112]=Oop [124]=NarrowOop [128]=NarrowOop }
                      ;*ifeq {reexecute=1 rethrow=0 return_oop=0}
                      ; - (reexecute) java.lang.String::indexOf@4
                      ; - java.lang.String::indexOf@3
                      ; - java.io.WinNTFileSystem::isInvalid@5
                      ; - java.io.File::isInvalid@13
                      ; - java.io.FileInputStream::<init>@54
                      ; - jdk.internal.loader.URLClassPath$FileLoader$1::getInputStream@8
                      ; - jdk.internal.loader.Resource::cachedInputStream@9
                      ; - jdk.internal.loader.Resource::getByteBuffer@1
                      ; - java.net.URLClassLoader::defineClass@132
                      ; - java.net.URLClassLoader$1::run@43
  0x000001d923f224b4: 4821 02ff 

  0x000001d923f224b8: ;   {other}
  0x000001d923f224b8: 0f1f 8400 | a87f 009c | 498b d7c5 | f877 49ba | 70ee a53e | f87f 0000 

  0x000001d923f224d0: ;   {other}
  0x000001d923f224d0: 41ff d20f | 1f84 0000 | 0000 000f | 1f44 0000 | e9bb d5ff | ffba 45ff | ffff 488b | 6c24 484c 
  0x000001d923f224f0: 8b5c 2430 | 4c89 5c24 | 284c 8b5c | 2438 4c89 | 5c24 3044 | 8b4c 2468 | 4489 4c24 | 3844 8b4c 
  0x000001d923f22510: 246c 4489 | 4c24 3c4c | 8b5c 2460 | 4c89 5c24 | 504c 895c | 2458 4c8b | 5c24 704c | 895c 2468 
  0x000001d923f22530: 8974 2444 | 4489 4424 | 7089 5c24 | 7466 6690 

  0x000001d923f22540: ;   {runtime_call UncommonTrapBlob}
  0x000001d923f22540: c5f8 77e8 

  0x000001d923f22544: ; ImmutableOopMap {rbp=Oop [40]=Oop [56]=NarrowOop [60]=NarrowOop [64]=NarrowOop [68]=NarrowOop [80]=Oop [88]=Oop [104]=Oop [112]=NarrowOop }
                      ;*iflt {reexecute=1 rethrow=0 return_oop=0}
                      ; - (reexecute) java.io.WinNTFileSystem::isInvalid@8
                      ; - java.io.File::isInvalid@13
                      ; - java.io.FileInputStream::<init>@54
                      ; - jdk.internal.loader.URLClassPath$FileLoader$1::getInputStream@8
                      ; - jdk.internal.loader.Resource::cachedInputStream@9
                      ; - jdk.internal.loader.Resource::getByteBuffer@1
                      ; - java.net.URLClassLoader::defineClass@132
                      ; - java.net.URLClassLoader$1::run@43
  0x000001d923f22544: b820 02ff 

  0x000001d923f22548: ;   {other}
  0x000001d923f22548: 0f1f 8400 | 3880 009d | 448b 8424 | 9400 0000 | e936 f7ff | ff44 8b84 | 24b8 0000 | 00e9 eff7 
  0x000001d923f22568: ;   {metadata({type array byte})}
  0x000001d923f22568: ffff 48ba | 280a 0400 | 0800 0000 | 448b 4424 | 7466 6690 

  0x000001d923f2257c: ;   {runtime_call _new_array_nozero_Java}
  0x000001d923f2257c: c5f8 77e8 

  0x000001d923f22580: ; ImmutableOopMap {[40]=Oop [48]=Oop [64]=NarrowOop [68]=NarrowOop [72]=Oop [80]=Oop [88]=NarrowOop [92]=NarrowOop [96]=Oop [108]=NarrowOop [120]=Oop [128]=Oop [176]=Oop [248]=Oop }
                      ;*invokevirtual clone {reexecute=1 rethrow=0 return_oop=1}
                      ; - (reexecute) java.util.Arrays::copyOfRange@18
                      ; - java.lang.String::newStringUTF8NoRepl@59
                      ; - java.lang.System$2::newStringUTF8NoRepl@4
                      ; - java.util.zip.ZipCoder$UTF8ZipCoder::toString@6
                      ; - java.util.zip.ZipFile::getEntryName@38
                      ; - java.util.zip.ZipFile::getManifestName@41
                      ; - java.util.zip.ZipFile$1::getManifestName@2
                      ; - java.util.jar.JarFile::maybeInstantiateVerifier@20
                      ; - java.util.jar.JarFile::ensureInitialization@1
                      ; - java.util.jar.JavaUtilJarAccessImpl::ensureInitialization@1
                      ; - jdk.internal.loader.URLClassPath$JarLoader$2::getManifest@10
                      ; - java.net.URLClassLoader::defineClass@34
                      ; - java.net.URLClassLoader$1::run@43
  0x000001d923f22580: 7c32 0eff 

  0x000001d923f22584: ;   {other}
  0x000001d923f22584: 0f1f 8400 | 7480 009e | 4c8b d0e9 | 78c6 ffff 

  0x000001d923f22594: ;   {metadata({type array byte})}
  0x000001d923f22594: 48ba 280a | 0400 0800 | 0000 458b | c24c 8b94 | 24b8 0000 | 004c 8994 | 24b0 0000 | 0066 6690 
  0x000001d923f225b4: ;   {runtime_call _new_array_nozero_Java}
  0x000001d923f225b4: c5f8 77e8 

  0x000001d923f225b8: ; ImmutableOopMap {[32]=Oop [40]=Oop [48]=Oop [64]=Oop [72]=Oop [80]=NarrowOop [84]=NarrowOop [88]=Oop [104]=NarrowOop [108]=NarrowOop [112]=Oop [120]=Oop [132]=NarrowOop [144]=Oop [176]=Oop [184]=Oop }
                      ;*invokevirtual clone {reexecute=1 rethrow=0 return_oop=1}
                      ; - (reexecute) java.util.Arrays::copyOfRange@18
                      ; - java.lang.String::newStringUTF8NoRepl@59
                      ; - java.lang.System$2::newStringUTF8NoRepl@4
                      ; - java.util.zip.ZipCoder$UTF8ZipCoder::toString@6
                      ; - java.util.zip.ZipFile::getEntryName@38
                      ; - java.util.zip.ZipFile::getManifestName@41
                      ; - java.util.zip.ZipFile$1::getManifestName@2
                      ; - java.util.jar.JarFile::maybeInstantiateVerifier@20
                      ; - java.util.jar.JarFile$JarFileEntry::getCodeSigners@4
                      ; - jdk.internal.loader.URLClassPath$JarLoader$2::getCodeSigners@4
                      ; - java.net.URLClassLoader::defineClass@185
                      ; - java.net.URLClassLoader$1::run@43
  0x000001d923f225b8: 4432 0eff 

  0x000001d923f225bc: ;   {other}
  0x000001d923f225bc: 0f1f 8400 | ac80 009f | 4c8b d8e9 | 05cc ffff | 4c8b 9424 | c000 0000 | 4c89 9424 | 9000 0000 
  0x000001d923f225dc: 0f1f 4000 | e9ab f7ff | ffba 76ff | ffff 488b | 6c24 484c | 8b4c 2430 | 4c89 4c24 | 204c 8b4c 
  0x000001d923f225fc: 2438 4c89 | 4c24 288b | 4c24 5489 | 4c24 304c | 8b4c 2470 | 4c89 4c24 | 3844 8b4c | 2468 4489 
  0x000001d923f2261c: 4c24 348b | 4c24 6c89 | 4c24 4448 | 897c 2458 | 8974 2460 | 4489 5424 | 6444 895c | 2468 4889 
  0x000001d923f2263c: 5c24 7044 | 8944 2478 

  0x000001d923f22644: ;   {runtime_call UncommonTrapBlob}
  0x000001d923f22644: c5f8 77e8 

  0x000001d923f22648: ; ImmutableOopMap {rbp=Oop [32]=Oop [40]=Oop [52]=NarrowOop [56]=Oop [68]=NarrowOop [88]=Oop [104]=NarrowOop [112]=Oop }
                      ;*if_icmpge {reexecute=1 rethrow=0 return_oop=0}
                      ; - (reexecute) java.lang.ClassLoader::compareCerts@67
                      ; - java.lang.ClassLoader::checkCerts@80
                      ; - java.lang.ClassLoader::preDefineClass@113
                      ; - java.lang.ClassLoader::defineClass@4
                      ; - java.security.SecureClassLoader::defineClass@12
                      ; - java.net.URLClassLoader::defineClass@220
                      ; - java.net.URLClassLoader$1::run@43
  0x000001d923f22648: b41f 02ff 

  0x000001d923f2264c: ;   {other}
  0x000001d923f2264c: 0f1f 8400 | 3c81 00a0 | ba76 ffff | ff48 8b6c | 2448 4c8b | 4424 304c | 8944 2420 | 4c8b 4424 
  0x000001d923f2266c: 384c 8944 | 2428 448b | 4c24 5444 | 894c 2430 | 4c8b 4424 | 704c 8944 | 2438 448b | 4c24 6844 
  0x000001d923f2268c: 894c 2434 | 448b 4424 | 6c44 8944 | 2444 4c8b | 8424 8000 | 0000 4c89 | 4424 4848 | 894c 2450 
  0x000001d923f226ac: 4489 5c24 | 5c44 8954 | 2460 448b | 9c24 a800 | 0000 4489 | 5c24 7090 

  0x000001d923f226c4: ;   {runtime_call UncommonTrapBlob}
  0x000001d923f226c4: c5f8 77e8 

  0x000001d923f226c8: ; ImmutableOopMap {rbp=Oop [32]=Oop [40]=Oop [52]=NarrowOop [56]=Oop [68]=NarrowOop [72]=Oop [80]=Oop [96]=NarrowOop }
                      ;*if_icmpge {reexecute=1 rethrow=0 return_oop=0}
                      ; - (reexecute) java.lang.ClassLoader::compareCerts@152
                      ; - java.lang.ClassLoader::checkCerts@80
                      ; - java.lang.ClassLoader::preDefineClass@113
                      ; - java.lang.ClassLoader::defineClass@4
                      ; - java.security.SecureClassLoader::defineClass@12
                      ; - java.net.URLClassLoader::defineClass@220
                      ; - java.net.URLClassLoader$1::run@43
  0x000001d923f226c8: 341f 02ff 

  0x000001d923f226cc: ;   {other}
  0x000001d923f226cc: 0f1f 8400 | bc81 00a1 | bae4 ffff | ff48 8b6c | 2448 4c8b | 5424 304c | 8954 2420 | 4c8b 5424 
  0x000001d923f226ec: 384c 8954 | 2428 448b | 5424 5444 | 8954 2430 | 4c89 4c24 | 3844 895c | 2434 448b | 5424 5044 
  0x000001d923f2270c: 8954 2448 | 4889 4424 | f88b 4424 | 6c89 4424 | 4c48 8b44 | 24f8 4889 | 5c24 5048 | 894c 2468 
  0x000001d923f2272c: 897c 2464 | 4489 4424 | 7066 6690 

  0x000001d923f22738: ;   {runtime_call UncommonTrapBlob}
  0x000001d923f22738: c5f8 77e8 

  0x000001d923f2273c: ; ImmutableOopMap {rbp=Oop [32]=Oop [40]=Oop [52]=NarrowOop [56]=Oop [72]=NarrowOop [76]=NarrowOop [80]=Oop [100]=NarrowOop [104]=Oop }
                      ;*aaload {reexecute=0 rethrow=0 return_oop=0}
                      ; - java.security.CodeSource::getCertificates@50
                      ; - java.lang.ClassLoader::checkCerts@34
                      ; - java.lang.ClassLoader::preDefineClass@113
                      ; - java.lang.ClassLoader::defineClass@4
                      ; - java.security.SecureClassLoader::defineClass@12
                      ; - java.net.URLClassLoader::defineClass@220
                      ; - java.net.URLClassLoader$1::run@43
  0x000001d923f2273c: c01e 02ff 

  0x000001d923f22740: ;   {other}
  0x000001d923f22740: 0f1f 8400 | 3082 00a2 | bac6 ffff | ff48 8b6c | 2448 4c89 | 6c24 284c | 8b54 2438 | 4c89 5424 
  0x000001d923f22760: 304c 896c | 2438 4489 | 5c24 4890 

  0x000001d923f2276c: ;   {runtime_call UncommonTrapBlob}
  0x000001d923f2276c: c5f8 77e8 

  0x000001d923f22770: ; ImmutableOopMap {rbp=Oop [40]=Oop [56]=Oop [72]=NarrowOop [104]=NarrowOop [108]=NarrowOop [248]=Oop }
                      ;*invokevirtual getManifest {reexecute=0 rethrow=0 return_oop=0}
                      ; - java.net.URLClassLoader::defineClass@34
                      ; - java.net.URLClassLoader$1::run@43
  0x000001d923f22770: 8c1e 02ff 

  0x000001d923f22774: ;   {other}
  0x000001d923f22774: 0f1f 8400 | 6482 00a3 | 4d8d 5010 | 4d8b da49 | 83e3 f848 | 8bbc 24a8 | 0000 0049 | 03fb 49c1 
  0x000001d923f22794: ea03 4d8b | d94d 2bda | 498b cb48 | 33c0 4883 | f908 7f10 | 48ff c978 | 4f48 8904 | cf48 ffc9 
  0x000001d923f227b4: 7df7 eb44 | c5fd efc0 | e90d 0000 | 00c5 fe7f | 07c5 fe7f | 4720 4883 | c740 4883 | e908 7ded 
  0x000001d923f227d4: 4883 c104 | 7c0c c5fe | 7f07 4883 | c720 4883 | e904 4883 | c104 7e10 | 48ff c9c5 | f9d6 0748 
  0x000001d923f227f4: 83c7 0848 | ffc9 7df3 | 0f1f 4000 | e912 e4ff | ff4d 8d50 | 104d 8bca | 4983 e1f8 | 488b bc24 
  0x000001d923f22814: c000 0000 | 4903 f949 | c1ea 034d | 2bda 498b | cb48 33c0 | 4883 f908 | 7f10 48ff | c978 4f48 
  0x000001d923f22834: 8904 cf48 | ffc9 7df7 | eb44 c5fd | efc0 e90d | 0000 00c5 | fe7f 07c5 | fe7f 4720 | 4883 c740 
  0x000001d923f22854: 4883 e908 | 7ded 4883 | c104 7c0c | c5fe 7f07 | 4883 c720 | 4883 e904 | 4883 c104 

  0x000001d923f22870: ;   {no_reloc}
  0x000001d923f22870: 7e10 48ff | c9c5 f9d6 | 0748 83c7 | 0848 ffc9 | 7df3 e930 | e7ff ff49 | 8bd7 c5f8 | 7749 ba70 
  0x000001d923f22890: eea5 3ef8 | 7f00 0041 

  0x000001d923f22898: ;   {other}
  0x000001d923f22898: ffd2 0f1f | 8400 0000 | 0000 4c8b | 4424 70e9 | f0b8 ffff | ba76 ffff | ff48 8b6c | 2448 4c8b 
  0x000001d923f228b8: 5424 304c | 8954 2420 | 4c8b 5424 | 384c 8954 | 2428 448b | 5424 5444 | 8954 2430 | 4889 5c24 
  0x000001d923f228d8: 4848 897c | 2458 8974 | 2464 6690 

  0x000001d923f228e4: ;   {runtime_call UncommonTrapBlob}
  0x000001d923f228e4: c5f8 77e8 

  0x000001d923f228e8: ; ImmutableOopMap {rbp=Oop [32]=Oop [40]=Oop [72]=Oop [88]=Oop [104]=NarrowOop [108]=NarrowOop [112]=Oop [120]=Oop }
                      ;*if_icmpge {reexecute=1 rethrow=0 return_oop=0}
                      ; - (reexecute) java.lang.ClassLoader::compareCerts@40
                      ; - java.lang.ClassLoader::checkCerts@80
                      ; - java.lang.ClassLoader::preDefineClass@113
                      ; - java.lang.ClassLoader::defineClass@4
                      ; - java.security.SecureClassLoader::defineClass@12
                      ; - java.net.URLClassLoader::defineClass@220
                      ; - java.net.URLClassLoader$1::run@43
  0x000001d923f228e8: 141d 02ff 

  0x000001d923f228ec: ;   {other}
  0x000001d923f228ec: 0f1f 8400 | dc83 00a4 | bae4 ffff | ff4c 8b54 | 2448 4c89 | 5424 204c | 896c 2428 | 4c8b 5424 
  0x000001d923f2290c: 384c 8954 | 2430 448b | 5424 4044 | 8954 2438 | 448b 5c24 | 4444 895c | 243c 448b | 5424 5844 
  0x000001d923f2292c: 8954 2448 | 4489 4424 | 5866 6690 

  0x000001d923f22938: ;   {runtime_call UncommonTrapBlob}
  0x000001d923f22938: c5f8 77e8 

  0x000001d923f2293c: ; ImmutableOopMap {[32]=Oop [40]=Oop [56]=NarrowOop [60]=NarrowOop [72]=NarrowOop [88]=NarrowOop [92]=NarrowOop [96]=Oop [108]=NarrowOop [248]=Oop }
                      ;*baload {reexecute=0 rethrow=0 return_oop=0}
                      ; - java.util.zip.ZipUtils::SH@2
                      ; - java.util.zip.ZipUtils::CENNAM@5
                      ; - java.util.zip.ZipFile::getEntryName@13
                      ; - java.util.zip.ZipFile::getManifestName@41
                      ; - java.util.zip.ZipFile$1::getManifestName@2
                      ; - java.util.jar.JarFile::maybeInstantiateVerifier@20
                      ; - java.util.jar.JarFile::ensureInitialization@1
                      ; - java.util.jar.JavaUtilJarAccessImpl::ensureInitialization@1
                      ; - jdk.internal.loader.URLClassPath$JarLoader$2::getManifest@10
                      ; - java.net.URLClassLoader::defineClass@34
                      ; - java.net.URLClassLoader$1::run@43
  0x000001d923f2293c: c01c 02ff 

  0x000001d923f22940: ;   {other}
  0x000001d923f22940: 0f1f 8400 | 3084 00a5 | bae4 ffff | ff48 8b6c | 2448 4c89 | 6c24 204c | 8b54 2438 | 4c89 5424 
  0x000001d923f22960: 2844 8b54 | 2440 4489 | 5424 3044 | 8b5c 2444 | 4489 5c24 | 344c 8b54 | 2460 4c89 | 5424 3844 
  0x000001d923f22980: 8b54 2458 | 4489 5424 | 4044 8b5c | 245c 4489 | 5c24 5889 | 7c24 7844 | 894c 247c 

  0x000001d923f2299c: ;   {runtime_call UncommonTrapBlob}
  0x000001d923f2299c: c5f8 77e8 

  0x000001d923f229a0: ; ImmutableOopMap {rbp=Oop [32]=Oop [48]=NarrowOop [52]=NarrowOop [56]=Oop [64]=NarrowOop [88]=NarrowOop [92]=NarrowOop [108]=NarrowOop [248]=Oop }
                      ;*baload {reexecute=0 rethrow=0 return_oop=0}
                      ; - java.util.zip.ZipUtils::SH@11
                      ; - java.util.zip.ZipUtils::CENNAM@5
                      ; - java.util.zip.ZipFile::getEntryName@13
                      ; - java.util.zip.ZipFile::getManifestName@41
                      ; - java.util.zip.ZipFile$1::getManifestName@2
                      ; - java.util.jar.JarFile::maybeInstantiateVerifier@20
                      ; - java.util.jar.JarFile::ensureInitialization@1
                      ; - java.util.jar.JavaUtilJarAccessImpl::ensureInitialization@1
                      ; - jdk.internal.loader.URLClassPath$JarLoader$2::getManifest@10
                      ; - java.net.URLClassLoader::defineClass@34
                      ; - java.net.URLClassLoader$1::run@43
  0x000001d923f229a0: 5c1c 02ff 

  0x000001d923f229a4: ;   {other}
  0x000001d923f229a4: 0f1f 8400 | 9484 00a6 | bae4 ffff | ff4c 8b4c | 2448 4c89 | 4c24 204c | 8954 2428 | 4c8b 5424 
  0x000001d923f229c4: 384c 8954 | 2430 448b | 4c24 6844 | 894c 2440 | 448b 5424 | 6c44 8954 | 2444 448b | 4c24 5044 
  0x000001d923f229e4: 894c 2448 | 4c89 5c24 | 5044 8944 | 2458 4489 | 4424 5c89 | 7c24 6489 | 5c24 6c89 | 5c24 7090 
  0x000001d923f22a04: ;   {runtime_call UncommonTrapBlob}
  0x000001d923f22a04: c5f8 77e8 

  0x000001d923f22a08: ; ImmutableOopMap {[32]=Oop [40]=Oop [64]=NarrowOop [68]=NarrowOop [72]=NarrowOop [80]=Oop [88]=NarrowOop [92]=NarrowOop [108]=NarrowOop [112]=NarrowOop [120]=Oop }
                      ;*baload {reexecute=0 rethrow=0 return_oop=0}
                      ; - java.util.zip.ZipUtils::SH@2
                      ; - java.util.zip.ZipUtils::CENNAM@5
                      ; - java.util.zip.ZipFile::getEntryName@13
                      ; - java.util.zip.ZipFile::getManifestName@41
                      ; - java.util.zip.ZipFile$1::getManifestName@2
                      ; - java.util.jar.JarFile::maybeInstantiateVerifier@20
                      ; - java.util.jar.JarFile$JarFileEntry::getCodeSigners@4
                      ; - jdk.internal.loader.URLClassPath$JarLoader$2::getCodeSigners@4
                      ; - java.net.URLClassLoader::defineClass@185
                      ; - java.net.URLClassLoader$1::run@43
  0x000001d923f22a08: f41b 02ff 

  0x000001d923f22a0c: ;   {other}
  0x000001d923f22a0c: 0f1f 8400 | fc84 00a7 | bae4 ffff | ff48 8b6c | 2448 4c8b | 5c24 304c | 895c 2420 | 4c8b 5c24 
  0x000001d923f22a2c: 384c 895c | 2428 448b | 4424 6844 | 8944 2438 | 448b 5c24 | 6c44 895c | 243c 448b | 5c24 5044 
  0x000001d923f22a4c: 895c 2440 | 448b 4424 | 5444 8944 | 2450 448b | 9c24 8400 | 0000 895c | 2464 4489 | 5c24 6844 
  0x000001d923f22a6c: 8954 246c 

  0x000001d923f22a70: ;   {runtime_call UncommonTrapBlob}
  0x000001d923f22a70: c5f8 77e8 

  0x000001d923f22a74: ; ImmutableOopMap {rbp=Oop [32]=Oop [56]=NarrowOop [60]=NarrowOop [64]=NarrowOop [80]=NarrowOop [84]=NarrowOop [104]=NarrowOop [112]=Oop [120]=Oop [132]=NarrowOop }
                      ;*baload {reexecute=0 rethrow=0 return_oop=0}
                      ; - java.util.zip.ZipUtils::SH@11
                      ; - java.util.zip.ZipUtils::CENNAM@5
                      ; - java.util.zip.ZipFile::getEntryName@13
                      ; - java.util.zip.ZipFile::getManifestName@41
                      ; - java.util.zip.ZipFile$1::getManifestName@2
                      ; - java.util.jar.JarFile::maybeInstantiateVerifier@20
                      ; - java.util.jar.JarFile$JarFileEntry::getCodeSigners@4
                      ; - jdk.internal.loader.URLClassPath$JarLoader$2::getCodeSigners@4
                      ; - java.net.URLClassLoader::defineClass@185
                      ; - java.net.URLClassLoader$1::run@43
  0x000001d923f22a74: 881b 02ff 

  0x000001d923f22a78: ;   {other}
  0x000001d923f22a78: 0f1f 8400 | 6885 00a8 | bade ffff | ff4c 8b54 | 2448 4c89 | 5424 204c | 896c 2428 | 4c8b 5424 
  0x000001d923f22a98: 384c 8954 | 2430 448b | 5c24 4044 | 895c 2438 | 448b 5424 | 4444 8954 | 243c 448b | 5424 5844 
  0x000001d923f22ab8: 8954 2448 | 448b 5c24 | 5c44 895c | 2458 895c | 247c 6690 

  0x000001d923f22acc: ;   {runtime_call UncommonTrapBlob}
  0x000001d923f22acc: c5f8 77e8 

  0x000001d923f22ad0: ; ImmutableOopMap {rbp=NarrowOop [32]=Oop [40]=Oop [56]=NarrowOop [60]=NarrowOop [72]=NarrowOop [88]=NarrowOop [92]=NarrowOop [96]=Oop [108]=NarrowOop [124]=NarrowOop [248]=Oop }
                      ;*invokevirtual isUTF8 {reexecute=0 rethrow=0 return_oop=0}
                      ; - java.util.zip.ZipFile$Source::zipCoderForPos@4
                      ; - java.util.zip.ZipFile::getEntryName@25
                      ; - java.util.zip.ZipFile::getManifestName@41
                      ; - java.util.zip.ZipFile$1::getManifestName@2
                      ; - java.util.jar.JarFile::maybeInstantiateVerifier@20
                      ; - java.util.jar.JarFile::ensureInitialization@1
                      ; - java.util.jar.JavaUtilJarAccessImpl::ensureInitialization@1
                      ; - jdk.internal.loader.URLClassPath$JarLoader$2::getManifest@10
                      ; - java.net.URLClassLoader::defineClass@34
                      ; - java.net.URLClassLoader$1::run@43
  0x000001d923f22ad0: 2c1b 02ff 

  0x000001d923f22ad4: ;   {other}
  0x000001d923f22ad4: 0f1f 8400 | c485 00a9 | bace ffff | ff48 8b6c | 2448 4c89 | 6c24 204c | 8b54 2438 | 4c89 5424 
  0x000001d923f22af4: 2844 8b5c | 2440 4489 | 5c24 3044 | 8b54 2444 | 4489 5424 | 344c 8b54 | 2460 4c89 | 5424 3844 
  0x000001d923f22b14: 8b5c 2458 | 4489 5c24 | 4044 8b5c | 245c 4489 | 5c24 5844 | 8b94 248c | 0000 0044 | 8954 2470 
  0x000001d923f22b34: 448b 9c24 | 8800 0000 | 4489 5c24 | 7466 6690 

  0x000001d923f22b44: ;   {runtime_call UncommonTrapBlob}
  0x000001d923f22b44: c5f8 77e8 

  0x000001d923f22b48: ; ImmutableOopMap {rbp=Oop [32]=Oop [48]=NarrowOop [52]=NarrowOop [56]=Oop [64]=NarrowOop [88]=NarrowOop [92]=NarrowOop [108]=NarrowOop [248]=Oop }
                      ;*invokestatic countPositives {reexecute=0 rethrow=0 return_oop=0}
                      ; - java.lang.String::newStringUTF8NoRepl@24
                      ; - java.lang.System$2::newStringUTF8NoRepl@4
                      ; - java.util.zip.ZipCoder$UTF8ZipCoder::toString@6
                      ; - java.util.zip.ZipFile::getEntryName@38
                      ; - java.util.zip.ZipFile::getManifestName@41
                      ; - java.util.zip.ZipFile$1::getManifestName@2
                      ; - java.util.jar.JarFile::maybeInstantiateVerifier@20
                      ; - java.util.jar.JarFile::ensureInitialization@1
                      ; - java.util.jar.JavaUtilJarAccessImpl::ensureInitialization@1
                      ; - jdk.internal.loader.URLClassPath$JarLoader$2::getManifest@10
                      ; - java.net.URLClassLoader::defineClass@34
                      ; - java.net.URLClassLoader$1::run@43
  0x000001d923f22b48: b41a 02ff 

  0x000001d923f22b4c: ;   {other}
  0x000001d923f22b4c: 0f1f 8400 | 3c86 00aa | ba66 ffff | ff48 8b6c | 2448 4c8b | 5424 304c | 8954 2420 | 4c8b 5424 
  0x000001d923f22b6c: 384c 8954 | 2428 448b | 5c24 4044 | 895c 2430 | 448b 5424 | 4444 8954 | 2434 4c8b | 5424 604c 
  0x000001d923f22b8c: 8954 2438 | 448b 5c24 | 5844 895c | 2440 448b | 5c24 5c44 | 895c 2458 

  0x000001d923f22ba4: ;   {runtime_call UncommonTrapBlob}
  0x000001d923f22ba4: c5f8 77e8 

  0x000001d923f22ba8: ; ImmutableOopMap {rbp=Oop [32]=Oop [48]=NarrowOop [52]=NarrowOop [56]=Oop [64]=NarrowOop [88]=NarrowOop [92]=NarrowOop [248]=Oop }
                      ;*invokevirtual getManifest {reexecute=0 rethrow=0 return_oop=0}
                      ; - java.util.jar.JarFile::maybeInstantiateVerifier@31
                      ; - java.util.jar.JarFile::ensureInitialization@1
                      ; - java.util.jar.JavaUtilJarAccessImpl::ensureInitialization@1
                      ; - jdk.internal.loader.URLClassPath$JarLoader$2::getManifest@10
                      ; - java.net.URLClassLoader::defineClass@34
                      ; - java.net.URLClassLoader$1::run@43
  0x000001d923f22ba8: 541a 02ff 

  0x000001d923f22bac: ;   {other}
  0x000001d923f22bac: 0f1f 8400 | 9c86 00ab | bade ffff | ff4c 8b54 | 2448 4c89 | 5424 204c | 8b54 2430 | 4c89 5424 
  0x000001d923f22bcc: 284c 8b54 | 2438 4c89 | 5424 3044 | 8b54 2468 | 4489 5424 | 4044 8b5c | 246c 4489 | 5c24 4444 
  0x000001d923f22bec: 8b54 2450 | 4489 5424 | 484c 8b54 | 2470 4c89 | 5424 5844 | 8b5c 2454 | 4489 5c24 | 5044 894c 
  0x000001d923f22c0c: 246c 897c | 2470 6690 

  0x000001d923f22c14: ;   {runtime_call UncommonTrapBlob}
  0x000001d923f22c14: c5f8 77e8 

  0x000001d923f22c18: ; ImmutableOopMap {rbp=NarrowOop [32]=Oop [40]=Oop [64]=NarrowOop [68]=NarrowOop [72]=NarrowOop [80]=NarrowOop [84]=NarrowOop [88]=Oop [108]=NarrowOop [120]=Oop [132]=NarrowOop }
                      ;*invokevirtual isUTF8 {reexecute=0 rethrow=0 return_oop=0}
                      ; - java.util.zip.ZipFile$Source::zipCoderForPos@4
                      ; - java.util.zip.ZipFile::getEntryName@25
                      ; - java.util.zip.ZipFile::getManifestName@41
                      ; - java.util.zip.ZipFile$1::getManifestName@2
                      ; - java.util.jar.JarFile::maybeInstantiateVerifier@20
                      ; - java.util.jar.JarFile$JarFileEntry::getCodeSigners@4
                      ; - jdk.internal.loader.URLClassPath$JarLoader$2::getCodeSigners@4
                      ; - java.net.URLClassLoader::defineClass@185
                      ; - java.net.URLClassLoader$1::run@43
  0x000001d923f22c18: e419 02ff 

  0x000001d923f22c1c: ;   {other}
  0x000001d923f22c1c: 0f1f 8400 | 0c87 00ac | bace ffff | ff48 8b6c | 2448 4c8b | 5424 304c | 8954 2420 | 4c8b 5424 
  0x000001d923f22c3c: 384c 8954 | 2428 448b | 5424 6844 | 8954 2438 | 448b 5c24 | 6c44 895c | 243c 448b | 5424 5044 
  0x000001d923f22c5c: 8954 2440 | 448b 5c24 | 5444 895c | 2450 448b | 9424 8400 | 0000 4489 | 5424 5844 | 8b9c 2498 
  0x000001d923f22c7c: 0000 0044 | 895c 245c | 4489 4424 | 6c66 6690 

  0x000001d923f22c8c: ;   {runtime_call UncommonTrapBlob}
  0x000001d923f22c8c: c5f8 77e8 

  0x000001d923f22c90: ; ImmutableOopMap {rbp=Oop [32]=Oop [56]=NarrowOop [60]=NarrowOop [64]=NarrowOop [80]=NarrowOop [84]=NarrowOop [88]=NarrowOop [112]=Oop [120]=Oop }
                      ;*invokestatic countPositives {reexecute=0 rethrow=0 return_oop=0}
                      ; - java.lang.String::newStringUTF8NoRepl@24
                      ; - java.lang.System$2::newStringUTF8NoRepl@4
                      ; - java.util.zip.ZipCoder$UTF8ZipCoder::toString@6
                      ; - java.util.zip.ZipFile::getEntryName@38
                      ; - java.util.zip.ZipFile::getManifestName@41
                      ; - java.util.zip.ZipFile$1::getManifestName@2
                      ; - java.util.jar.JarFile::maybeInstantiateVerifier@20
                      ; - java.util.jar.JarFile$JarFileEntry::getCodeSigners@4
                      ; - jdk.internal.loader.URLClassPath$JarLoader$2::getCodeSigners@4
                      ; - java.net.URLClassLoader::defineClass@185
                      ; - java.net.URLClassLoader$1::run@43
  0x000001d923f22c90: 6c19 02ff 

  0x000001d923f22c94: ;   {other}
  0x000001d923f22c94: 0f1f 8400 | 8487 00ad | bade ffff | ff48 8b6c | 2448 4c8b | 5c24 304c | 895c 2420 | 4c8b 5c24 
  0x000001d923f22cb4: 384c 895c | 2428 6690 

  0x000001d923f22cbc: ;   {runtime_call UncommonTrapBlob}
  0x000001d923f22cbc: c5f8 77e8 

  0x000001d923f22cc0: ; ImmutableOopMap {rbp=Oop [32]=Oop [80]=NarrowOop [84]=NarrowOop [104]=NarrowOop [108]=NarrowOop [112]=Oop [120]=Oop }
                      ;*invokevirtual getManifest {reexecute=0 rethrow=0 return_oop=0}
                      ; - java.util.jar.JarFile::maybeInstantiateVerifier@31
                      ; - java.util.jar.JarFile$JarFileEntry::getCodeSigners@4
                      ; - jdk.internal.loader.URLClassPath$JarLoader$2::getCodeSigners@4
                      ; - java.net.URLClassLoader::defineClass@185
                      ; - java.net.URLClassLoader$1::run@43
  0x000001d923f22cc0: 3c19 02ff 

  0x000001d923f22cc4: ;   {other}
  0x000001d923f22cc4: 0f1f 8400 | b487 00ae | 498b db49 | 8bcb 488d | 9424 1001 | 0000 4d8b | c7c5 f877 | 49ba 9065 
  0x000001d923f22ce4: e73e f87f | 0000 41ff 

  0x000001d923f22cec: ;   {other}
  0x000001d923f22cec: d20f 1f84 | 0000 0000 | 004c 8bdb | e911 c6ff | ff49 8bf9 | 498b d7c5 | f877 49ba | 70ee a53e 
  0x000001d923f22d0c: f87f 0000 

  0x000001d923f22d10: ;   {other}
  0x000001d923f22d10: 41ff d20f | 1f84 0000 | 0000 004c | 8bcf 6690 | e956 b5ff | ff48 8bf8 | 498b d7c5 | f877 49ba 
  0x000001d923f22d30: 70ee a53e | f87f 0000 

  0x000001d923f22d38: ;   {other}
  0x000001d923f22d38: 41ff d20f | 1f84 0000 | 0000 0044 | 8b54 2478 | 4c8b c7e9 | 0db1 ffff | 4c89 9424 | a800 0000 
  0x000001d923f22d58: e910 bdff | ff49 83c3 | fe49 8bcb | 498b fa48 | 33c0 4883 | f908 7f10 | 48ff c978 | 4f48 8904 
  0x000001d923f22d78: cf48 ffc9 | 7df7 eb44 | c5fd efc0 | e90d 0000 | 00c5 fe7f | 07c5 fe7f | 4720 4883 | c740 4883 
  0x000001d923f22d98: e908 7ded | 4883 c104 | 7c0c c5fe | 7f07 4883 | c720 4883 | e904 4883 | c104 7e10 | 48ff c9c5 
  0x000001d923f22db8: f9d6 0748 | 83c7 0848 | ffc9 7df3 | e982 beff | ff4c 899c | 24b0 0000 | 00e9 57c2 | ffff 4883 
  0x000001d923f22dd8: c7fe 488b | cf49 8bfb | 4833 c048 | 83f9 087f | 1048 ffc9 | 784f 4889 | 04cf 48ff | c97d f7eb 
  0x000001d923f22df8: 44c5 fdef | c0e9 0d00 | 0000 c5fe | 7f07 c5fe | 7f47 2048 | 83c7 4048 | 83e9 087d | ed48 83c1 
  0x000001d923f22e18: 047c 0cc5 | fe7f 0748 | 83c7 2048 | 83e9 0448 | 83c1 047e | 1048 ffc9 | c5f9 d607 | 4883 c708 
  0x000001d923f22e38: ;   {no_reloc}
  0x000001d923f22e38: 48ff c97d | f366 6690 | e9d1 c3ff | ffba ccff | ffff 488b | 6c24 484c | 8b54 2430 | 4c89 5424 
  0x000001d923f22e58: 204c 8b54 | 2438 4c89 | 5424 2844 | 8b54 2440 | 4489 5424 | 3044 8b5c | 2444 4489 | 5c24 344c 
  0x000001d923f22e78: 8b54 2460 | 4c89 5424 | 3844 8b54 | 2458 4489 | 5424 4044 | 8b5c 245c | 4489 5c24 | 584c 8b94 
  0x000001d923f22e98: 24b0 0000 | 004c 8954 | 2478 4889 | 4424 f88b | 4424 6c89 | 4424 6848 | 8b44 24f8 | 448b 9424 
  0x000001d923f22eb8: 8800 0000 | 4489 9424 | 8400 0000 

  0x000001d923f22ec4: ;   {runtime_call UncommonTrapBlob}
  0x000001d923f22ec4: c5f8 77e8 

  0x000001d923f22ec8: ; ImmutableOopMap {rbp=Oop [32]=Oop [48]=NarrowOop [52]=NarrowOop [56]=Oop [64]=NarrowOop [88]=NarrowOop [92]=NarrowOop [104]=NarrowOop [120]=Oop [176]=Oop [248]=Oop }
                      ;*newarray {reexecute=1 rethrow=0 return_oop=0}
                      ; - (reexecute) java.util.Arrays::copyOfRangeByte@10
                      ; - java.util.Arrays::copyOfRange@13
                      ; - java.lang.String::newStringUTF8NoRepl@59
                      ; - java.lang.System$2::newStringUTF8NoRepl@4
                      ; - java.util.zip.ZipCoder$UTF8ZipCoder::toString@6
                      ; - java.util.zip.ZipFile::getEntryName@38
                      ; - java.util.zip.ZipFile::getManifestName@41
                      ; - java.util.zip.ZipFile$1::getManifestName@2
                      ; - java.util.jar.JarFile::maybeInstantiateVerifier@20
                      ; - java.util.jar.JarFile::ensureInitialization@1
                      ; - java.util.jar.JavaUtilJarAccessImpl::ensureInitialization@1
                      ; - jdk.internal.loader.URLClassPath$JarLoader$2::getManifest@10
                      ; - java.net.URLClassLoader::defineClass@34
                      ; - java.net.URLClassLoader$1::run@43
  0x000001d923f22ec8: 3417 02ff 

  0x000001d923f22ecc: ;   {other}
  0x000001d923f22ecc: 0f1f 8400 | bc89 00af | 448b 9424 | 8c00 0000 | bacc ffff | ff48 8b6c | 2448 4c8b | 5c24 304c 
  0x000001d923f22eec: 895c 2420 | 4c8b 5c24 | 384c 895c | 2428 448b | 5c24 6844 | 895c 2438 | 448b 4424 | 6c44 8944 
  0x000001d923f22f0c: 243c 448b | 5c24 5044 | 895c 2440 | 4c8b 5c24 | 704c 895c | 2448 448b | 4424 5444 | 8944 2450 
  0x000001d923f22f2c: 4c8b 9c24 | b800 0000 | 4c89 5c24 | 6044 8954 | 2474 6690 

  0x000001d923f22f40: ;   {runtime_call UncommonTrapBlob}
  0x000001d923f22f40: c5f8 77e8 

  0x000001d923f22f44: ; ImmutableOopMap {rbp=Oop [32]=Oop [56]=NarrowOop [60]=NarrowOop [64]=NarrowOop [72]=Oop [80]=NarrowOop [84]=NarrowOop [96]=Oop [120]=Oop [132]=NarrowOop [184]=Oop }
                      ;*newarray {reexecute=1 rethrow=0 return_oop=0}
                      ; - (reexecute) java.util.Arrays::copyOfRangeByte@10
                      ; - java.util.Arrays::copyOfRange@13
                      ; - java.lang.String::newStringUTF8NoRepl@59
                      ; - java.lang.System$2::newStringUTF8NoRepl@4
                      ; - java.util.zip.ZipCoder$UTF8ZipCoder::toString@6
                      ; - java.util.zip.ZipFile::getEntryName@38
                      ; - java.util.zip.ZipFile::getManifestName@41
                      ; - java.util.zip.ZipFile$1::getManifestName@2
                      ; - java.util.jar.JarFile::maybeInstantiateVerifier@20
                      ; - java.util.jar.JarFile$JarFileEntry::getCodeSigners@4
                      ; - jdk.internal.loader.URLClassPath$JarLoader$2::getCodeSigners@4
                      ; - java.net.URLClassLoader::defineClass@185
                      ; - java.net.URLClassLoader$1::run@43
  0x000001d923f22f44: b816 02ff 

  0x000001d923f22f48: ;   {other}
  0x000001d923f22f48: 0f1f 8400 | 388a 00b0 | ba45 ffff | ff4c 8b54 | 2448 4c89 | 5424 204c | 896c 2428 | 4c8b 5424 
  0x000001d923f22f68: 384c 8954 | 2430 448b | 5424 4044 | 8954 2438 | 448b 5c24 | 4444 895c | 243c 448b | 5424 5844 
  0x000001d923f22f88: 8954 2448 | 448b 5c24 | 5c44 895c | 2458 448b | 9424 8c00 | 0000 448b | 9c24 8800 | 0000 4489 
  0x000001d923f22fa8: 9424 8000 | 0000 4489 | 9c24 8400 | 0000 6690 

  0x000001d923f22fb8: ;   {runtime_call UncommonTrapBlob}
  0x000001d923f22fb8: c5f8 77e8 

  0x000001d923f22fbc: ; ImmutableOopMap {[32]=Oop [40]=Oop [56]=NarrowOop [60]=NarrowOop [72]=NarrowOop [88]=NarrowOop [92]=NarrowOop [96]=Oop [108]=NarrowOop [248]=Oop }
                      ;*iflt {reexecute=1 rethrow=0 return_oop=0}
                      ; - (reexecute) jdk.internal.util.Preconditions::checkFromIndexSize@5
                      ; - java.lang.String::checkBoundsOffCount@6
                      ; - java.lang.String::newStringUTF8NoRepl@4
                      ; - java.lang.System$2::newStringUTF8NoRepl@4
                      ; - java.util.zip.ZipCoder$UTF8ZipCoder::toString@6
                      ; - java.util.zip.ZipFile::getEntryName@38
                      ; - java.util.zip.ZipFile::getManifestName@41
                      ; - java.util.zip.ZipFile$1::getManifestName@2
                      ; - java.util.jar.JarFile::maybeInstantiateVerifier@20
                      ; - java.util.jar.JarFile::ensureInitialization@1
                      ; - java.util.jar.JavaUtilJarAccessImpl::ensureInitialization@1
                      ; - jdk.internal.loader.URLClassPath$JarLoader$2::getManifest@10
                      ; - java.net.URLClassLoader::defineClass@34
                      ; - java.net.URLClassLoader$1::run@43
  0x000001d923f22fbc: 4016 02ff 

  0x000001d923f22fc0: ;   {other}
  0x000001d923f22fc0: 0f1f 8400 | b08a 00b1 | ba45 ffff | ff4c 8b54 | 2448 4c89 | 5424 204c | 8b54 2430 | 4c89 5424 
  0x000001d923f22fe0: 284c 8b54 | 2438 4c89 | 5424 3044 | 8b5c 2468 | 4489 5c24 | 4044 8b54 | 246c 4489 | 5424 4444 
  0x000001d923f23000: 8b5c 2450 | 4489 5c24 | 484c 8b54 | 2470 4c89 | 5424 5844 | 8b5c 2454 | 4489 5c24 | 5044 8b94 
  0x000001d923f23020: 2498 0000 | 0044 8954 | 246c 4489 | 4424 7090 

  0x000001d923f23030: ;   {runtime_call UncommonTrapBlob}
  0x000001d923f23030: c5f8 77e8 

  0x000001d923f23034: ; ImmutableOopMap {[32]=Oop [40]=Oop [64]=NarrowOop [68]=NarrowOop [72]=NarrowOop [80]=NarrowOop [84]=NarrowOop [88]=Oop [120]=Oop [132]=NarrowOop }
                      ;*iflt {reexecute=1 rethrow=0 return_oop=0}
                      ; - (reexecute) jdk.internal.util.Preconditions::checkFromIndexSize@5
                      ; - java.lang.String::checkBoundsOffCount@6
                      ; - java.lang.String::newStringUTF8NoRepl@4
                      ; - java.lang.System$2::newStringUTF8NoRepl@4
                      ; - java.util.zip.ZipCoder$UTF8ZipCoder::toString@6
                      ; - java.util.zip.ZipFile::getEntryName@38
                      ; - java.util.zip.ZipFile::getManifestName@41
                      ; - java.util.zip.ZipFile$1::getManifestName@2
                      ; - java.util.jar.JarFile::maybeInstantiateVerifier@20
                      ; - java.util.jar.JarFile$JarFileEntry::getCodeSigners@4
                      ; - jdk.internal.loader.URLClassPath$JarLoader$2::getCodeSigners@4
                      ; - java.net.URLClassLoader::defineClass@185
                      ; - java.net.URLClassLoader$1::run@43
  0x000001d923f23034: c815 02ff 

  0x000001d923f23038: ;   {other}
  0x000001d923f23038: 0f1f 8400 | 288b 00b2 | 498b d7c5 | f877 49ba | 70ee a53e | f87f 0000 

  0x000001d923f23050: ;   {other}
  0x000001d923f23050: 41ff d20f | 1f84 0000 | 0000 000f | 1f44 0000 | e9f5 e3ff | ff49 8bf9 | 498b d849 | 8bd7 c5f8 
  0x000001d923f23070: 7749 ba70 | eea5 3ef8 | 7f00 0041 

  0x000001d923f2307c: ;   {other}
  0x000001d923f2307c: ffd2 0f1f | 8400 0000 | 0000 4c8b | c34c 8bcf | e9a2 c1ff | ffba 45ff | ffff 4c8b | 5424 484c 
  0x000001d923f2309c: 8954 2420 | 4c89 6c24 | 284c 8b54 | 2438 4c89 | 5424 3044 | 8b5c 2440 | 4489 5c24 | 3844 8b54 
  0x000001d923f230bc: 2444 4489 | 5424 3c44 | 8b5c 2458 | 4489 5c24 | 4844 8b54 | 245c 4489 | 5424 5844 | 8b9c 248c 
  0x000001d923f230dc: 0000 0044 | 8b94 2488 | 0000 0044 | 899c 2480 | 0000 0044 | 8994 2484 | 0000 0090 

  0x000001d923f230f8: ;   {runtime_call UncommonTrapBlob}
  0x000001d923f230f8: c5f8 77e8 

  0x000001d923f230fc: ; ImmutableOopMap {[32]=Oop [40]=Oop [56]=NarrowOop [60]=NarrowOop [72]=NarrowOop [88]=NarrowOop [92]=NarrowOop [96]=Oop [108]=NarrowOop [248]=Oop }
                      ;*if_icmple {reexecute=1 rethrow=0 return_oop=0}
                      ; - (reexecute) jdk.internal.util.Preconditions::checkFromIndexSize@12
                      ; - java.lang.String::checkBoundsOffCount@6
                      ; - java.lang.String::newStringUTF8NoRepl@4
                      ; - java.lang.System$2::newStringUTF8NoRepl@4
                      ; - java.util.zip.ZipCoder$UTF8ZipCoder::toString@6
                      ; - java.util.zip.ZipFile::getEntryName@38
                      ; - java.util.zip.ZipFile::getManifestName@41
                      ; - java.util.zip.ZipFile$1::getManifestName@2
                      ; - java.util.jar.JarFile::maybeInstantiateVerifier@20
                      ; - java.util.jar.JarFile::ensureInitialization@1
                      ; - java.util.jar.JavaUtilJarAccessImpl::ensureInitialization@1
                      ; - jdk.internal.loader.URLClassPath$JarLoader$2::getManifest@10
                      ; - java.net.URLClassLoader::defineClass@34
                      ; - java.net.URLClassLoader$1::run@43
  0x000001d923f230fc: 0015 02ff 

  0x000001d923f23100: ;   {other}
  0x000001d923f23100: 0f1f 8400 | f08b 00b3 | ba45 ffff | ff48 8b6c | 2448 4c89 | 6c24 204c | 8b54 2438 | 4c89 5424 
  0x000001d923f23120: 2844 8b54 | 2440 4489 | 5424 3044 | 8b5c 2444 | 4489 5c24 | 344c 8b54 | 2460 4c89 | 5424 3844 
  0x000001d923f23140: 8b54 2458 | 4489 5424 | 4044 8b54 | 245c 4489 | 5424 5890 

  0x000001d923f23154: ;   {runtime_call UncommonTrapBlob}
  0x000001d923f23154: c5f8 77e8 

  0x000001d923f23158: ; ImmutableOopMap {rbp=Oop [32]=Oop [48]=NarrowOop [52]=NarrowOop [56]=Oop [64]=NarrowOop [88]=NarrowOop [92]=NarrowOop [248]=Oop }
                      ;*ifne {reexecute=1 rethrow=0 return_oop=0}
                      ; - (reexecute) java.lang.String::newStringUTF8NoRepl@9
                      ; - java.lang.System$2::newStringUTF8NoRepl@4
                      ; - java.util.zip.ZipCoder$UTF8ZipCoder::toString@6
                      ; - java.util.zip.ZipFile::getEntryName@38
                      ; - java.util.zip.ZipFile::getManifestName@41
                      ; - java.util.zip.ZipFile$1::getManifestName@2
                      ; - java.util.jar.JarFile::maybeInstantiateVerifier@20
                      ; - java.util.jar.JarFile::ensureInitialization@1
                      ; - java.util.jar.JavaUtilJarAccessImpl::ensureInitialization@1
                      ; - jdk.internal.loader.URLClassPath$JarLoader$2::getManifest@10
                      ; - java.net.URLClassLoader::defineClass@34
                      ; - java.net.URLClassLoader$1::run@43
  0x000001d923f23158: a414 02ff 

  0x000001d923f2315c: ;   {other}
  0x000001d923f2315c: 0f1f 8400 | 4c8c 00b4 | ba45 ffff | ff4c 8b54 | 2448 4c89 | 5424 204c | 8b54 2430 | 4c89 5424 
  0x000001d923f2317c: 284c 8b54 | 2438 4c89 | 5424 304c | 8b54 2478 | 4c89 5424 | 3844 8b54 | 2468 4489 | 5424 4044 
  0x000001d923f2319c: 8b5c 246c | 4489 5c24 | 4444 8b54 | 2450 4489 | 5424 484c | 8b54 2470 | 4c89 5424 | 5844 8b54 
  0x000001d923f231bc: 2454 4489 | 5424 5044 | 8b9c 2498 | 0000 0044 | 895c 246c | 4489 4424 | 7044 8944 | 2478 6690 
  0x000001d923f231dc: ;   {runtime_call UncommonTrapBlob}
  0x000001d923f231dc: c5f8 77e8 

  0x000001d923f231e0: ; ImmutableOopMap {[32]=Oop [40]=Oop [56]=Oop [64]=NarrowOop [68]=NarrowOop [72]=NarrowOop [80]=NarrowOop [84]=NarrowOop [88]=Oop [132]=NarrowOop }
                      ;*if_icmple {reexecute=1 rethrow=0 return_oop=0}
                      ; - (reexecute) jdk.internal.util.Preconditions::checkFromIndexSize@12
                      ; - java.lang.String::checkBoundsOffCount@6
                      ; - java.lang.String::newStringUTF8NoRepl@4
                      ; - java.lang.System$2::newStringUTF8NoRepl@4
                      ; - java.util.zip.ZipCoder$UTF8ZipCoder::toString@6
                      ; - java.util.zip.ZipFile::getEntryName@38
                      ; - java.util.zip.ZipFile::getManifestName@41
                      ; - java.util.zip.ZipFile$1::getManifestName@2
                      ; - java.util.jar.JarFile::maybeInstantiateVerifier@20
                      ; - java.util.jar.JarFile$JarFileEntry::getCodeSigners@4
                      ; - jdk.internal.loader.URLClassPath$JarLoader$2::getCodeSigners@4
                      ; - java.net.URLClassLoader::defineClass@185
                      ; - java.net.URLClassLoader$1::run@43
  0x000001d923f231e0: 1c14 02ff 

  0x000001d923f231e4: ;   {other}
  0x000001d923f231e4: 0f1f 8400 | d48c 00b5 | ba45 ffff | ff48 8b6c | 2448 4c8b | 5424 304c | 8954 2420 | 4c8b 5424 
  0x000001d923f23204: 384c 8954 | 2428 448b | 5c24 5044 | 895c 2440 | 448b 5c24 | 5444 895c | 2450 6690 

  0x000001d923f23220: ;   {runtime_call UncommonTrapBlob}
  0x000001d923f23220: c5f8 77e8 

  0x000001d923f23224: ; ImmutableOopMap {rbp=Oop [32]=Oop [64]=NarrowOop [80]=NarrowOop [84]=NarrowOop [104]=NarrowOop [108]=NarrowOop [112]=Oop [120]=Oop }
                      ;*ifne {reexecute=1 rethrow=0 return_oop=0}
                      ; - (reexecute) java.lang.String::newStringUTF8NoRepl@9
                      ; - java.lang.System$2::newStringUTF8NoRepl@4
                      ; - java.util.zip.ZipCoder$UTF8ZipCoder::toString@6
                      ; - java.util.zip.ZipFile::getEntryName@38
                      ; - java.util.zip.ZipFile::getManifestName@41
                      ; - java.util.zip.ZipFile$1::getManifestName@2
                      ; - java.util.jar.JarFile::maybeInstantiateVerifier@20
                      ; - java.util.jar.JarFile$JarFileEntry::getCodeSigners@4
                      ; - jdk.internal.loader.URLClassPath$JarLoader$2::getCodeSigners@4
                      ; - java.net.URLClassLoader::defineClass@185
                      ; - java.net.URLClassLoader$1::run@43
  0x000001d923f23224: d813 02ff 

  0x000001d923f23228: ;   {other}
  0x000001d923f23228: 0f1f 8400 | 188d 00b6 | ba45 ffff | ff48 8b6c | 2448 4c8b | 5424 304c | 8954 2420 | 4c8b 5424 
  0x000001d923f23248: 384c 8954 | 2428 448b | 5c24 4044 | 895c 2430 | 448b 5424 | 4444 8954 | 2434 4c8b | 5424 604c 
  0x000001d923f23268: 8954 2438 | 448b 5c24 | 5844 895c | 2440 448b | 5424 5c44 | 8954 2458 | 4c8b 9424 | b000 0000 
  0x000001d923f23288: 4c89 5424 | 7848 8944 | 24f8 8b44 | 246c 8944 | 2468 488b | 4424 f844 | 8b94 248c | 0000 0044 
  0x000001d923f232a8: 8994 2484 | 0000 0044 | 8984 2488 | 0000 0090 

  0x000001d923f232b8: ;   {runtime_call UncommonTrapBlob}
  0x000001d923f232b8: c5f8 77e8 

  0x000001d923f232bc: ; ImmutableOopMap {rbp=Oop [32]=Oop [48]=NarrowOop [52]=NarrowOop [56]=Oop [64]=NarrowOop [88]=NarrowOop [92]=NarrowOop [104]=NarrowOop [120]=Oop [176]=Oop [248]=Oop }
                      ;*if_icmpge {reexecute=1 rethrow=0 return_oop=0}
                      ; - (reexecute) java.util.Arrays::checkLength@2
                      ; - java.util.Arrays::copyOfRangeByte@2
                      ; - java.util.Arrays::copyOfRange@13
                      ; - java.lang.String::newStringUTF8NoRepl@59
                      ; - java.lang.System$2::newStringUTF8NoRepl@4
                      ; - java.util.zip.ZipCoder$UTF8ZipCoder::toString@6
                      ; - java.util.zip.ZipFile::getEntryName@38
                      ; - java.util.zip.ZipFile::getManifestName@41
                      ; - java.util.zip.ZipFile$1::getManifestName@2
                      ; - java.util.jar.JarFile::maybeInstantiateVerifier@20
                      ; - java.util.jar.JarFile::ensureInitialization@1
                      ; - java.util.jar.JavaUtilJarAccessImpl::ensureInitialization@1
                      ; - jdk.internal.loader.URLClassPath$JarLoader$2::getManifest@10
                      ; - java.net.URLClassLoader::defineClass@34
                      ; - java.net.URLClassLoader$1::run@43
  0x000001d923f232bc: 4013 02ff 

  0x000001d923f232c0: ;   {other}
  0x000001d923f232c0: 0f1f 8400 | b08d 00b7 | ba45 ffff | ff48 8b6c | 2448 4c8b | 5424 304c | 8954 2420 | 4c8b 5424 
  0x000001d923f232e0: 384c 8954 | 2428 4c8b | 5424 784c | 8954 2430 | 448b 5c24 | 6844 895c | 2438 448b | 5424 6c44 
  0x000001d923f23300: 8954 243c | 448b 5c24 | 5044 895c | 2440 4c8b | 5424 704c | 8954 2448 | 448b 5c24 | 5444 895c 
  0x000001d923f23320: 2450 4c8b | 9424 b800 | 0000 4c89 | 5424 6044 | 8b9c 2498 | 0000 0044 | 895c 246c | 458b d844 
  0x000001d923f23340: 895c 2478 | 4489 5c24 | 7c66 6690 

  0x000001d923f2334c: ;   {runtime_call UncommonTrapBlob}
  0x000001d923f2334c: c5f8 77e8 

  0x000001d923f23350: ; ImmutableOopMap {rbp=Oop [32]=Oop [48]=Oop [56]=NarrowOop [60]=NarrowOop [64]=NarrowOop [72]=Oop [80]=NarrowOop [84]=NarrowOop [96]=Oop [132]=NarrowOop [184]=Oop }
                      ;*if_icmpge {reexecute=1 rethrow=0 return_oop=0}
                      ; - (reexecute) java.util.Arrays::checkLength@2
                      ; - java.util.Arrays::copyOfRangeByte@2
                      ; - java.util.Arrays::copyOfRange@13
                      ; - java.lang.String::newStringUTF8NoRepl@59
                      ; - java.lang.System$2::newStringUTF8NoRepl@4
                      ; - java.util.zip.ZipCoder$UTF8ZipCoder::toString@6
                      ; - java.util.zip.ZipFile::getEntryName@38
                      ; - java.util.zip.ZipFile::getManifestName@41
                      ; - java.util.zip.ZipFile$1::getManifestName@2
                      ; - java.util.jar.JarFile::maybeInstantiateVerifier@20
                      ; - java.util.jar.JarFile$JarFileEntry::getCodeSigners@4
                      ; - jdk.internal.loader.URLClassPath$JarLoader$2::getCodeSigners@4
                      ; - java.net.URLClassLoader::defineClass@185
                      ; - java.net.URLClassLoader$1::run@43
  0x000001d923f23350: ac12 02ff 

  0x000001d923f23354: ;   {other}
  0x000001d923f23354: 0f1f 8400 | 448e 00b8 

  0x000001d923f2335c: ;   {metadata({type array byte})}
  0x000001d923f2335c: 48ba 280a | 0400 0800 | 0000 448b | 8424 8800 | 0000 6690 

  0x000001d923f23370: ;   {runtime_call _new_array_nozero_Java}
  0x000001d923f23370: c5f8 77e8 

  0x000001d923f23374: ; ImmutableOopMap {[40]=Oop [48]=Oop [64]=NarrowOop [68]=NarrowOop [72]=Oop [80]=Oop [88]=NarrowOop [92]=NarrowOop [96]=Oop [108]=NarrowOop [120]=Oop [128]=Oop [152]=Derived_oop_[128] [248]=Oop }
                      ;*newarray {reexecute=0 rethrow=0 return_oop=1}
                      ; - java.lang.String::newStringUTF8NoRepl@78
                      ; - java.lang.System$2::newStringUTF8NoRepl@4
                      ; - java.util.zip.ZipCoder$UTF8ZipCoder::toString@6
                      ; - java.util.zip.ZipFile::getEntryName@38
                      ; - java.util.zip.ZipFile::getManifestName@41
                      ; - java.util.zip.ZipFile$1::getManifestName@2
                      ; - java.util.jar.JarFile::maybeInstantiateVerifier@20
                      ; - java.util.jar.JarFile::ensureInitialization@1
                      ; - java.util.jar.JavaUtilJarAccessImpl::ensureInitialization@1
                      ; - jdk.internal.loader.URLClassPath$JarLoader$2::getManifest@10
                      ; - java.net.URLClassLoader::defineClass@34
                      ; - java.net.URLClassLoader$1::run@43
  0x000001d923f23374: 8824 0eff 

  0x000001d923f23378: ;   {other}
  0x000001d923f23378: 0f1f 8400 | 688e 00b9 | e929 d8ff 

  0x000001d923f23384: ;   {metadata({type array byte})}
  0x000001d923f23384: ff48 ba28 | 0a04 0008 | 0000 0044 | 8b94 2498 | 0000 0044 | 8994 2480 | 0000 0090 

  0x000001d923f233a0: ;   {runtime_call _new_array_nozero_Java}
  0x000001d923f233a0: c5f8 77e8 

  0x000001d923f233a4: ; ImmutableOopMap {[32]=Oop [40]=Oop [48]=Oop [64]=Oop [72]=Oop [80]=NarrowOop [84]=NarrowOop [88]=Oop [104]=NarrowOop [108]=NarrowOop [112]=Oop [120]=Oop [132]=NarrowOop [144]=Oop [160]=Derived_oop_[144] }
                      ;*newarray {reexecute=0 rethrow=0 return_oop=1}
                      ; - java.lang.String::newStringUTF8NoRepl@78
                      ; - java.lang.System$2::newStringUTF8NoRepl@4
                      ; - java.util.zip.ZipCoder$UTF8ZipCoder::toString@6
                      ; - java.util.zip.ZipFile::getEntryName@38
                      ; - java.util.zip.ZipFile::getManifestName@41
                      ; - java.util.zip.ZipFile$1::getManifestName@2
                      ; - java.util.jar.JarFile::maybeInstantiateVerifier@20
                      ; - java.util.jar.JarFile$JarFileEntry::getCodeSigners@4
                      ; - jdk.internal.loader.URLClassPath$JarLoader$2::getCodeSigners@4
                      ; - java.net.URLClassLoader::defineClass@185
                      ; - java.net.URLClassLoader$1::run@43
  0x000001d923f233a4: 5824 0eff 

  0x000001d923f233a8: ;   {other}
  0x000001d923f233a8: 0f1f 8400 | 988e 00ba | e995 dbff 

  0x000001d923f233b4: ;   {metadata('java/lang/String')}
  0x000001d923f233b4: ff48 bab0 | 1e04 0008 | 0000 0090 

  0x000001d923f233c0: ;   {runtime_call _new_instance_Java}
  0x000001d923f233c0: c5f8 77e8 

  0x000001d923f233c4: ; ImmutableOopMap {rbp=Oop [40]=Oop [48]=Oop [64]=NarrowOop [68]=NarrowOop [72]=Oop [80]=Oop [88]=NarrowOop [92]=NarrowOop [96]=Oop [120]=Oop [248]=Oop [256]=Oop }
                      ;*new {reexecute=0 rethrow=0 return_oop=1}
                      ; - java.lang.String::newStringUTF8NoRepl@311
                      ; - java.lang.System$2::newStringUTF8NoRepl@4
                      ; - java.util.zip.ZipCoder$UTF8ZipCoder::toString@6
                      ; - java.util.zip.ZipFile::getEntryName@38
                      ; - java.util.zip.ZipFile::getManifestName@41
                      ; - java.util.zip.ZipFile$1::getManifestName@2
                      ; - java.util.jar.JarFile::maybeInstantiateVerifier@20
                      ; - java.util.jar.JarFile::ensureInitialization@1
                      ; - java.util.jar.JavaUtilJarAccessImpl::ensureInitialization@1
                      ; - jdk.internal.loader.URLClassPath$JarLoader$2::getManifest@10
                      ; - java.net.URLClassLoader::defineClass@34
                      ; - java.net.URLClassLoader$1::run@43
  0x000001d923f233c4: 381e 0eff 

  0x000001d923f233c8: ;   {other}
  0x000001d923f233c8: 0f1f 8400 | b88e 00bb | e962 e4ff 

  0x000001d923f233d4: ;   {metadata('java/lang/String')}
  0x000001d923f233d4: ff48 bab0 | 1e04 0008 | 0000 0090 

  0x000001d923f233e0: ;   {runtime_call _new_instance_Java}
  0x000001d923f233e0: c5f8 77e8 

  0x000001d923f233e4: ; ImmutableOopMap {rbp=Oop [32]=Oop [40]=Oop [48]=Oop [64]=Oop [72]=Oop [80]=NarrowOop [84]=NarrowOop [88]=Oop [104]=NarrowOop [108]=NarrowOop [112]=Oop [120]=Oop }
                      ;*new {reexecute=0 rethrow=0 return_oop=1}
                      ; - java.lang.String::newStringUTF8NoRepl@311
                      ; - java.lang.System$2::newStringUTF8NoRepl@4
                      ; - java.util.zip.ZipCoder$UTF8ZipCoder::toString@6
                      ; - java.util.zip.ZipFile::getEntryName@38
                      ; - java.util.zip.ZipFile::getManifestName@41
                      ; - java.util.zip.ZipFile$1::getManifestName@2
                      ; - java.util.jar.JarFile::maybeInstantiateVerifier@20
                      ; - java.util.jar.JarFile$JarFileEntry::getCodeSigners@4
                      ; - jdk.internal.loader.URLClassPath$JarLoader$2::getCodeSigners@4
                      ; - java.net.URLClassLoader::defineClass@185
                      ; - java.net.URLClassLoader$1::run@43
  0x000001d923f233e4: 181e 0eff 

  0x000001d923f233e8: ;   {other}
  0x000001d923f233e8: 0f1f 8400 | d88e 00bc | e959 e6ff | ffba f6ff | ffff 488b | 6c24 484c | 8b54 2430 | 4c89 5424 
  0x000001d923f23408: 284c 8b54 | 2438 4c89 | 5424 304c | 894c 2450 

  0x000001d923f23418: ;   {runtime_call UncommonTrapBlob}
  0x000001d923f23418: c5f8 77e8 

  0x000001d923f2341c: ; ImmutableOopMap {rbp=Oop [40]=Oop [64]=NarrowOop [80]=Oop [96]=Oop [104]=NarrowOop [108]=NarrowOop }
                      ;*invokevirtual attach {reexecute=0 rethrow=0 return_oop=0}
                      ; - java.io.FileInputStream::<init>@86
                      ; - jdk.internal.loader.URLClassPath$FileLoader$1::getInputStream@8
                      ; - jdk.internal.loader.Resource::cachedInputStream@9
                      ; - jdk.internal.loader.Resource::getByteBuffer@1
                      ; - java.net.URLClassLoader::defineClass@132
                      ; - java.net.URLClassLoader$1::run@43
  0x000001d923f2341c: e011 02ff 

  0x000001d923f23420: ;   {other}
  0x000001d923f23420: 0f1f 8400 | 108f 00bd 

  0x000001d923f23428: ;   {metadata('java/lang/String')}
  0x000001d923f23428: 48ba b01e | 0400 0800 | 0000 6690 

  0x000001d923f23434: ;   {runtime_call _new_instance_Java}
  0x000001d923f23434: c5f8 77e8 

  0x000001d923f23438: ; ImmutableOopMap {[40]=Oop [48]=Oop [64]=NarrowOop [68]=NarrowOop [72]=Oop [80]=Oop [88]=NarrowOop [92]=NarrowOop [96]=Oop [120]=Oop [168]=Oop [248]=Oop [256]=Oop }
                      ;*new {reexecute=0 rethrow=0 return_oop=1}
                      ; - java.lang.String::newStringUTF8NoRepl@211
                      ; - java.lang.System$2::newStringUTF8NoRepl@4
                      ; - java.util.zip.ZipCoder$UTF8ZipCoder::toString@6
                      ; - java.util.zip.ZipFile::getEntryName@38
                      ; - java.util.zip.ZipFile::getManifestName@41
                      ; - java.util.zip.ZipFile$1::getManifestName@2
                      ; - java.util.jar.JarFile::maybeInstantiateVerifier@20
                      ; - java.util.jar.JarFile::ensureInitialization@1
                      ; - java.util.jar.JavaUtilJarAccessImpl::ensureInitialization@1
                      ; - jdk.internal.loader.URLClassPath$JarLoader$2::getManifest@10
                      ; - java.net.URLClassLoader::defineClass@34
                      ; - java.net.URLClassLoader$1::run@43
  0x000001d923f23438: c41d 0eff 

  0x000001d923f2343c: ;   {other}
  0x000001d923f2343c: 0f1f 8400 | 2c8f 00be | e9c9 e8ff 

  0x000001d923f23448: ;   {metadata('java/lang/String')}
  0x000001d923f23448: ff48 bab0 | 1e04 0008 | 0000 0090 

  0x000001d923f23454: ;   {runtime_call _new_instance_Java}
  0x000001d923f23454: c5f8 77e8 

  0x000001d923f23458: ; ImmutableOopMap {[32]=Oop [40]=Oop [48]=Oop [64]=Oop [72]=Oop [80]=NarrowOop [84]=NarrowOop [88]=Oop [104]=NarrowOop [108]=NarrowOop [112]=Oop [120]=Oop [144]=Oop }
                      ;*new {reexecute=0 rethrow=0 return_oop=1}
                      ; - java.lang.String::newStringUTF8NoRepl@211
                      ; - java.lang.System$2::newStringUTF8NoRepl@4
                      ; - java.util.zip.ZipCoder$UTF8ZipCoder::toString@6
                      ; - java.util.zip.ZipFile::getEntryName@38
                      ; - java.util.zip.ZipFile::getManifestName@41
                      ; - java.util.zip.ZipFile$1::getManifestName@2
                      ; - java.util.jar.JarFile::maybeInstantiateVerifier@20
                      ; - java.util.jar.JarFile$JarFileEntry::getCodeSigners@4
                      ; - jdk.internal.loader.URLClassPath$JarLoader$2::getCodeSigners@4
                      ; - java.net.URLClassLoader::defineClass@185
                      ; - java.net.URLClassLoader$1::run@43
  0x000001d923f23458: a41d 0eff 

  0x000001d923f2345c: ;   {other}
  0x000001d923f2345c: 0f1f 8400 | 4c8f 00bf | e969 e9ff | ffba e4ff | ffff 488b | 6c24 484c | 8b54 2430 | 4c89 5424 
  0x000001d923f2347c: 204c 8b54 | 2438 4c89 | 5424 2844 | 8b54 2440 | 4489 5424 | 3044 8b5c | 2444 4489 | 5c24 344c 
  0x000001d923f2349c: 8b54 2460 | 4c89 5424 | 3844 8b54 | 2458 4489 | 5424 4044 | 8b5c 245c | 4489 5c24 | 5844 8b94 
  0x000001d923f234bc: 2494 0000 | 0044 8954 | 2470 448b | 9c24 8c00 | 0000 4489 | 5c24 7444 | 898c 2488 | 0000 0090 
  0x000001d923f234dc: ;   {runtime_call UncommonTrapBlob}
  0x000001d923f234dc: c5f8 77e8 

  0x000001d923f234e0: ; ImmutableOopMap {rbp=Oop [32]=Oop [48]=NarrowOop [52]=NarrowOop [56]=Oop [64]=NarrowOop [88]=NarrowOop [92]=NarrowOop [108]=NarrowOop [168]=Oop [248]=Oop }
                      ;*baload {reexecute=0 rethrow=0 return_oop=0}
                      ; - java.lang.String::newStringUTF8NoRepl@150
                      ; - java.lang.System$2::newStringUTF8NoRepl@4
                      ; - java.util.zip.ZipCoder$UTF8ZipCoder::toString@6
                      ; - java.util.zip.ZipFile::getEntryName@38
                      ; - java.util.zip.ZipFile::getManifestName@41
                      ; - java.util.zip.ZipFile$1::getManifestName@2
                      ; - java.util.jar.JarFile::maybeInstantiateVerifier@20
                      ; - java.util.jar.JarFile::ensureInitialization@1
                      ; - java.util.jar.JavaUtilJarAccessImpl::ensureInitialization@1
                      ; - jdk.internal.loader.URLClassPath$JarLoader$2::getManifest@10
                      ; - java.net.URLClassLoader::defineClass@34
                      ; - java.net.URLClassLoader$1::run@43
  0x000001d923f234e0: 1c11 02ff 

  0x000001d923f234e4: ;   {other}
  0x000001d923f234e4: 0f1f 8400 | d48f 00c0 | bae4 ffff | ff48 8b6c | 2448 4c8b | 5424 304c | 8954 2420 | 4c8b 5424 
  0x000001d923f23504: 384c 8954 | 2428 4c8b | 5424 784c | 8954 2430 | 448b 5424 | 6844 8954 | 2438 448b | 4424 6c44 
  0x000001d923f23524: 8944 243c | 448b 5424 | 5044 8954 | 2440 4c8b | 5424 704c | 8954 2448 | 448b 4424 | 5444 8944 
  0x000001d923f23544: 2450 448b | 9424 8400 | 0000 4489 | 5424 5844 | 8b84 24a0 | 0000 0044 | 8944 245c | 4489 5c24 
  0x000001d923f23564: 7466 6690 

  0x000001d923f23568: ;   {runtime_call UncommonTrapBlob}
  0x000001d923f23568: c5f8 77e8 

  0x000001d923f2356c: ; ImmutableOopMap {rbp=Oop [32]=Oop [48]=Oop [56]=NarrowOop [60]=NarrowOop [64]=NarrowOop [72]=Oop [80]=NarrowOop [84]=NarrowOop [88]=NarrowOop [192]=Oop }
                      ;*baload {reexecute=0 rethrow=0 return_oop=0}
                      ; - java.lang.String::newStringUTF8NoRepl@150
                      ; - java.lang.System$2::newStringUTF8NoRepl@4
                      ; - java.util.zip.ZipCoder$UTF8ZipCoder::toString@6
                      ; - java.util.zip.ZipFile::getEntryName@38
                      ; - java.util.zip.ZipFile::getManifestName@41
                      ; - java.util.zip.ZipFile$1::getManifestName@2
                      ; - java.util.jar.JarFile::maybeInstantiateVerifier@20
                      ; - java.util.jar.JarFile$JarFileEntry::getCodeSigners@4
                      ; - jdk.internal.loader.URLClassPath$JarLoader$2::getCodeSigners@4
                      ; - java.net.URLClassLoader::defineClass@185
                      ; - java.net.URLClassLoader$1::run@43
  0x000001d923f2356c: 9010 02ff 

  0x000001d923f23570: ;   {other}
  0x000001d923f23570: 0f1f 8400 | 6090 00c1 | 0fbe e8ba | e4ff ffff | 4c8b 5424 | 484c 8954 | 2420 4c8b | 5424 304c 
  0x000001d923f23590: 8954 2428 | 4c8b 5424 | 384c 8954 | 2430 448b | 5c24 4044 | 895c 2438 | 448b 5424 | 4444 8954 
  0x000001d923f235b0: 243c 448b | 5c24 5844 | 895c 2448 | 448b 5424 | 5c44 8954 | 2458 448b | 9c24 9400 | 0000 4489 
  0x000001d923f235d0: 5c24 7444 | 8b9c 248c | 0000 0044 | 895c 2478 | 448b 9c24 | 8800 0000 | 4489 5c24 | 7c4c 8b94 
  0x000001d923f235f0: 24a8 0000 | 0044 8b9c | 2490 0000 | 0044 899c | 2488 0000 | 004c 8994 | 2490 0000 | 0066 6690 
  0x000001d923f23610: ;   {runtime_call UncommonTrapBlob}
  0x000001d923f23610: c5f8 77e8 

  0x000001d923f23614: ; ImmutableOopMap {[32]=Oop [40]=Oop [56]=NarrowOop [60]=NarrowOop [72]=NarrowOop [88]=NarrowOop [92]=NarrowOop [96]=Oop [108]=NarrowOop [144]=Oop [168]=Oop [248]=Oop }
                      ;*bastore {reexecute=0 rethrow=0 return_oop=0}
                      ; - java.lang.String::newStringUTF8NoRepl@175
                      ; - java.lang.System$2::newStringUTF8NoRepl@4
                      ; - java.util.zip.ZipCoder$UTF8ZipCoder::toString@6
                      ; - java.util.zip.ZipFile::getEntryName@38
                      ; - java.util.zip.ZipFile::getManifestName@41
                      ; - java.util.zip.ZipFile$1::getManifestName@2
                      ; - java.util.jar.JarFile::maybeInstantiateVerifier@20
                      ; - java.util.jar.JarFile::ensureInitialization@1
                      ; - java.util.jar.JavaUtilJarAccessImpl::ensureInitialization@1
                      ; - jdk.internal.loader.URLClassPath$JarLoader$2::getManifest@10
                      ; - java.net.URLClassLoader::defineClass@34
                      ; - java.net.URLClassLoader$1::run@43
  0x000001d923f23614: e80f 02ff 

  0x000001d923f23618: ;   {other}
  0x000001d923f23618: 0f1f 8400 | 0891 00c2 | 0fbe e8ba | e4ff ffff | 4c8b 5424 | 484c 8954 | 2420 4c8b | 5424 304c 
  0x000001d923f23638: 8954 2428 | 4c8b 5424 | 384c 8954 | 2430 4c8b | 5424 784c | 8954 2438 | 448b 5c24 | 6844 895c 
  0x000001d923f23658: 2440 448b | 5424 6c44 | 8954 2444 | 448b 5c24 | 5044 895c | 2448 4c8b | 5424 704c | 8954 2458 
  0x000001d923f23678: 448b 5424 | 5444 8954 | 2450 448b | 9424 8400 | 0000 4489 | 5424 6044 | 8b94 2480 | 0000 0044 
  0x000001d923f23698: 8954 2468 | 4c8b 9424 | c000 0000 | 4c89 9424 | 8000 0000 

  0x000001d923f236ac: ;   {runtime_call UncommonTrapBlob}
  0x000001d923f236ac: c5f8 77e8 

  0x000001d923f236b0: ; ImmutableOopMap {[32]=Oop [40]=Oop [56]=Oop [64]=NarrowOop [68]=NarrowOop [72]=NarrowOop [80]=NarrowOop [84]=NarrowOop [88]=Oop [96]=NarrowOop [128]=Oop [192]=Oop }
                      ;*bastore {reexecute=0 rethrow=0 return_oop=0}
                      ; - java.lang.String::newStringUTF8NoRepl@175
                      ; - java.lang.System$2::newStringUTF8NoRepl@4
                      ; - java.util.zip.ZipCoder$UTF8ZipCoder::toString@6
                      ; - java.util.zip.ZipFile::getEntryName@38
                      ; - java.util.zip.ZipFile::getManifestName@41
                      ; - java.util.zip.ZipFile$1::getManifestName@2
                      ; - java.util.jar.JarFile::maybeInstantiateVerifier@20
                      ; - java.util.jar.JarFile$JarFileEntry::getCodeSigners@4
                      ; - jdk.internal.loader.URLClassPath$JarLoader$2::getCodeSigners@4
                      ; - java.net.URLClassLoader::defineClass@185
                      ; - java.net.URLClassLoader$1::run@43
  0x000001d923f236b0: 4c0f 02ff 

  0x000001d923f236b4: ;   {other}
  0x000001d923f236b4: 0f1f 8400 | a491 00c3 | ba76 ffff | ff48 8b6c | 2448 4c8b | 5424 304c | 8954 2420 | 4c8b 5424 
  0x000001d923f236d4: 384c 8954 | 2428 448b | 5424 4044 | 8954 2430 | 448b 5c24 | 4444 895c | 2434 4c8b | 5424 604c 
  0x000001d923f236f4: 8954 2438 | 448b 5424 | 5844 8954 | 2440 448b | 5c24 5c44 | 895c 2458 | 448b 9424 | 9000 0000 
  0x000001d923f23714: 4489 9424 | 8000 0000 

  0x000001d923f2371c: ;   {runtime_call UncommonTrapBlob}
  0x000001d923f2371c: c5f8 77e8 

  0x000001d923f23720: ; ImmutableOopMap {rbp=Oop [32]=Oop [48]=NarrowOop [52]=NarrowOop [56]=Oop [64]=NarrowOop [88]=NarrowOop [92]=NarrowOop [108]=NarrowOop [168]=Oop [248]=Oop }
                      ;*if_icmpge {reexecute=1 rethrow=0 return_oop=0}
                      ; - (reexecute) java.lang.String::newStringUTF8NoRepl@100
                      ; - java.lang.System$2::newStringUTF8NoRepl@4
                      ; - java.util.zip.ZipCoder$UTF8ZipCoder::toString@6
                      ; - java.util.zip.ZipFile::getEntryName@38
                      ; - java.util.zip.ZipFile::getManifestName@41
                      ; - java.util.zip.ZipFile$1::getManifestName@2
                      ; - java.util.jar.JarFile::maybeInstantiateVerifier@20
                      ; - java.util.jar.JarFile::ensureInitialization@1
                      ; - java.util.jar.JavaUtilJarAccessImpl::ensureInitialization@1
                      ; - jdk.internal.loader.URLClassPath$JarLoader$2::getManifest@10
                      ; - java.net.URLClassLoader::defineClass@34
                      ; - java.net.URLClassLoader$1::run@43
  0x000001d923f23720: dc0e 02ff 

  0x000001d923f23724: ;   {other}
  0x000001d923f23724: 0f1f 8400 | 1492 00c4 | ba6e ffff | ff48 8b6c | 2448 4c8b | 5424 304c | 8954 2420 | 4c8b 5424 
  0x000001d923f23744: 384c 8954 | 2428 448b | 5424 4044 | 8954 2430 | 448b 5c24 | 4444 895c | 2434 4c8b | 5424 604c 
  0x000001d923f23764: 8954 2438 | 448b 5424 | 5844 8954 | 2440 448b | 5c24 5c44 | 895c 2458 | 448b 9c24 | 9000 0000 
  0x000001d923f23784: 4489 9c24 | 8000 0000 

  0x000001d923f2378c: ;   {runtime_call UncommonTrapBlob}
  0x000001d923f2378c: c5f8 77e8 

  0x000001d923f23790: ; ImmutableOopMap {rbp=Oop [32]=Oop [48]=NarrowOop [52]=NarrowOop [56]=Oop [64]=NarrowOop [88]=NarrowOop [92]=NarrowOop [108]=NarrowOop [168]=Oop [248]=Oop }
                      ;*if_icmpge {reexecute=1 rethrow=0 return_oop=0}
                      ; - (reexecute) java.lang.String::newStringUTF8NoRepl@100
                      ; - java.lang.System$2::newStringUTF8NoRepl@4
                      ; - java.util.zip.ZipCoder$UTF8ZipCoder::toString@6
                      ; - java.util.zip.ZipFile::getEntryName@38
                      ; - java.util.zip.ZipFile::getManifestName@41
                      ; - java.util.zip.ZipFile$1::getManifestName@2
                      ; - java.util.jar.JarFile::maybeInstantiateVerifier@20
                      ; - java.util.jar.JarFile::ensureInitialization@1
                      ; - java.util.jar.JavaUtilJarAccessImpl::ensureInitialization@1
                      ; - jdk.internal.loader.URLClassPath$JarLoader$2::getManifest@10
                      ; - java.net.URLClassLoader::defineClass@34
                      ; - java.net.URLClassLoader$1::run@43
  0x000001d923f23790: 6c0e 02ff 

  0x000001d923f23794: ;   {other}
  0x000001d923f23794: 0f1f 8400 | 8492 00c5 | 448b ddba | 76ff ffff | 488b 6c24 | 484c 8b54 | 2430 4c89 | 5424 204c 
  0x000001d923f237b4: 8b54 2438 | 4c89 5424 | 284c 8b54 | 2478 4c89 | 5424 3044 | 8b54 2468 | 4489 5424 | 3844 8b44 
  0x000001d923f237d4: 246c 4489 | 4424 3c44 | 8b44 2450 | 4489 4424 | 404c 8b54 | 2470 4c89 | 5424 4844 | 8b54 2454 
  0x000001d923f237f4: 458b c244 | 8944 2450 | 4489 5c24 | 7466 6690 

  0x000001d923f23804: ;   {runtime_call UncommonTrapBlob}
  0x000001d923f23804: c5f8 77e8 

  0x000001d923f23808: ; ImmutableOopMap {rbp=Oop [32]=Oop [48]=Oop [56]=NarrowOop [60]=NarrowOop [64]=NarrowOop [72]=Oop [80]=NarrowOop [84]=NarrowOop [132]=NarrowOop [192]=Oop }
                      ;*if_icmpge {reexecute=1 rethrow=0 return_oop=0}
                      ; - (reexecute) java.lang.String::newStringUTF8NoRepl@100
                      ; - java.lang.System$2::newStringUTF8NoRepl@4
                      ; - java.util.zip.ZipCoder$UTF8ZipCoder::toString@6
                      ; - java.util.zip.ZipFile::getEntryName@38
                      ; - java.util.zip.ZipFile::getManifestName@41
                      ; - java.util.zip.ZipFile$1::getManifestName@2
                      ; - java.util.jar.JarFile::maybeInstantiateVerifier@20
                      ; - java.util.jar.JarFile$JarFileEntry::getCodeSigners@4
                      ; - jdk.internal.loader.URLClassPath$JarLoader$2::getCodeSigners@4
                      ; - java.net.URLClassLoader::defineClass@185
                      ; - java.net.URLClassLoader$1::run@43
  0x000001d923f23808: f40d 02ff 

  0x000001d923f2380c: ;   {other}
  0x000001d923f2380c: 0f1f 8400 | fc92 00c6 | ba6e ffff | ff48 8b6c | 2448 4c8b | 5424 304c | 8954 2420 | 4c8b 5424 
  0x000001d923f2382c: 384c 8954 | 2428 4c8b | 5424 784c | 8954 2430 | 448b 4424 | 6844 8944 | 2438 448b | 4424 6c44 
  0x000001d923f2384c: 8944 243c | 448b 5424 | 5044 8954 | 2440 4c8b | 5424 704c | 8954 2448 | 448b 4424 | 5444 8944 
  0x000001d923f2386c: 2450 448b | 8424 8c00 | 0000 4489 | 4424 5c90 

  0x000001d923f2387c: ;   {runtime_call UncommonTrapBlob}
  0x000001d923f2387c: c5f8 77e8 

  0x000001d923f23880: ; ImmutableOopMap {rbp=Oop [32]=Oop [48]=Oop [56]=NarrowOop [60]=NarrowOop [64]=NarrowOop [72]=Oop [80]=NarrowOop [84]=NarrowOop [132]=NarrowOop [192]=Oop }
                      ;*if_icmpge {reexecute=1 rethrow=0 return_oop=0}
                      ; - (reexecute) java.lang.String::newStringUTF8NoRepl@100
                      ; - java.lang.System$2::newStringUTF8NoRepl@4
                      ; - java.util.zip.ZipCoder$UTF8ZipCoder::toString@6
                      ; - java.util.zip.ZipFile::getEntryName@38
                      ; - java.util.zip.ZipFile::getManifestName@41
                      ; - java.util.zip.ZipFile$1::getManifestName@2
                      ; - java.util.jar.JarFile::maybeInstantiateVerifier@20
                      ; - java.util.jar.JarFile$JarFileEntry::getCodeSigners@4
                      ; - jdk.internal.loader.URLClassPath$JarLoader$2::getCodeSigners@4
                      ; - java.net.URLClassLoader::defineClass@185
                      ; - java.net.URLClassLoader$1::run@43
  0x000001d923f23880: 7c0d 02ff 

  0x000001d923f23884: ;   {other}
  0x000001d923f23884: 0f1f 8400 | 7493 00c7 | 4c89 9424 | a800 0000 | e961 d2ff | ff4d 8d51 | fe49 8bca | 488b bc24 
  0x000001d923f238a4: b000 0000 | 4833 c048 | 83f9 087f | 1048 ffc9 | 784f 4889 | 04cf 48ff | c97d f7eb | 44c5 fdef 
  0x000001d923f238c4: c0e9 0d00 | 0000 c5fe | 7f07 c5fe | 7f47 2048 | 83c7 4048 | 83e9 087d | ed48 83c1 | 047c 0cc5 
  0x000001d923f238e4: fe7f 0748 | 83c7 2048 | 83e9 0448 | 83c1 047e | 1048 ffc9 | c5f9 d607 | 4883 c708 | 48ff c97d 
  0x000001d923f23904: f3e9 35d3 | ffff 4c89 | 9c24 b000 | 0000 e99b | d5ff ff4d | 8d53 fe49 | 8bca 488b | bc24 c800 
  0x000001d923f23924: 0000 4833 | c048 83f9 | 087f 1048 | ffc9 784f | 4889 04cf | 48ff c97d | f7eb 44c5 | fdef c0e9 
  0x000001d923f23944: 0d00 0000 | c5fe 7f07 | c5fe 7f47 | 2048 83c7 | 4048 83e9 | 087d ed48 | 83c1 047c | 0cc5 fe7f 
  0x000001d923f23964: 0748 83c7 | 2048 83e9 | 0448 83c1 | 047e 1048 | ffc9 c5f9 | d607 4883 | c708 48ff 

  0x000001d923f23980: ;   {no_reloc}
  0x000001d923f23980: c97d f3e9 | 57d6 ffff | bacc ffff | ff48 8b6c | 2448 4c89 | 6c24 204c | 8b54 2438 | 4c89 5424 
  0x000001d923f239a0: 2844 8b54 | 2440 4489 | 5424 3044 | 8b5c 2444 | 4489 5c24 | 344c 8b54 | 2460 4c89 | 5424 3844 
  0x000001d923f239c0: 8b54 2458 | 4489 5424 | 4044 8b5c | 245c 4489 | 5c24 5844 | 8b5c 246c | 4489 5c24 | 6844 8b9c 
  0x000001d923f239e0: 2488 0000 | 0044 895c | 2470 6690 

  0x000001d923f239ec: ;   {runtime_call UncommonTrapBlob}
  0x000001d923f239ec: c5f8 77e8 

  0x000001d923f239f0: ; ImmutableOopMap {rbp=Oop [32]=Oop [48]=NarrowOop [52]=NarrowOop [56]=Oop [64]=NarrowOop [88]=NarrowOop [92]=NarrowOop [104]=NarrowOop [248]=Oop }
                      ;*newarray {reexecute=1 rethrow=0 return_oop=0}
                      ; - (reexecute) java.lang.String::newStringUTF8NoRepl@78
                      ; - java.lang.System$2::newStringUTF8NoRepl@4
                      ; - java.util.zip.ZipCoder$UTF8ZipCoder::toString@6
                      ; - java.util.zip.ZipFile::getEntryName@38
                      ; - java.util.zip.ZipFile::getManifestName@41
                      ; - java.util.zip.ZipFile$1::getManifestName@2
                      ; - java.util.jar.JarFile::maybeInstantiateVerifier@20
                      ; - java.util.jar.JarFile::ensureInitialization@1
                      ; - java.util.jar.JavaUtilJarAccessImpl::ensureInitialization@1
                      ; - jdk.internal.loader.URLClassPath$JarLoader$2::getManifest@10
                      ; - java.net.URLClassLoader::defineClass@34
                      ; - java.net.URLClassLoader$1::run@43
  0x000001d923f239f0: 0c0c 02ff 

  0x000001d923f239f4: ;   {other}
  0x000001d923f239f4: 0f1f 8400 | e494 00c8 | bacc ffff | ff48 8b6c | 2448 4c8b | 5424 304c | 8954 2420 | 4c8b 5424 
  0x000001d923f23a14: 384c 8954 | 2428 448b | 5c24 6844 | 895c 2438 | 448b 5424 | 6c44 8954 | 243c 448b | 5c24 5044 
  0x000001d923f23a34: 895c 2440 | 448b 5424 | 5444 8954 | 2450 4489 | 4424 6c90 

  0x000001d923f23a48: ;   {runtime_call UncommonTrapBlob}
  0x000001d923f23a48: c5f8 77e8 

  0x000001d923f23a4c: ; ImmutableOopMap {rbp=Oop [32]=Oop [56]=NarrowOop [60]=NarrowOop [64]=NarrowOop [80]=NarrowOop [84]=NarrowOop [112]=Oop [120]=Oop [132]=NarrowOop }
                      ;*newarray {reexecute=1 rethrow=0 return_oop=0}
                      ; - (reexecute) java.lang.String::newStringUTF8NoRepl@78
                      ; - java.lang.System$2::newStringUTF8NoRepl@4
                      ; - java.util.zip.ZipCoder$UTF8ZipCoder::toString@6
                      ; - java.util.zip.ZipFile::getEntryName@38
                      ; - java.util.zip.ZipFile::getManifestName@41
                      ; - java.util.zip.ZipFile$1::getManifestName@2
                      ; - java.util.jar.JarFile::maybeInstantiateVerifier@20
                      ; - java.util.jar.JarFile$JarFileEntry::getCodeSigners@4
                      ; - jdk.internal.loader.URLClassPath$JarLoader$2::getCodeSigners@4
                      ; - java.net.URLClassLoader::defineClass@185
                      ; - java.net.URLClassLoader$1::run@43
  0x000001d923f23a4c: b00b 02ff 

  0x000001d923f23a50: ;   {other}
  0x000001d923f23a50: 0f1f 8400 | 4095 00c9 | 448b 8424 | 8c00 0000 | bace ffff | ff48 8b6c | 2448 4c8b | 5c24 304c 
  0x000001d923f23a70: 895c 2420 | 4c8b 5c24 | 384c 895c | 2428 448b | 5c24 4044 | 895c 2430 | 448b 5c24 | 4444 895c 
  0x000001d923f23a90: 2434 4c8b | 5c24 604c | 895c 2438 | 8b4c 2458 | 894c 2440 | 448b 5c24 | 5c44 895c | 2458 448b 
  0x000001d923f23ab0: 5c24 6c44 | 895c 2468 | 4489 4424 | 7044 8b9c | 2490 0000 | 0044 895c | 2478 4889 | 8424 9000 
  0x000001d923f23ad0: 0000 4489 | 4c24 7c90 

  0x000001d923f23ad8: ;   {runtime_call UncommonTrapBlob}
  0x000001d923f23ad8: c5f8 77e8 

  0x000001d923f23adc: ; ImmutableOopMap {rbp=Oop [32]=Oop [48]=NarrowOop [52]=NarrowOop [56]=Oop [64]=NarrowOop [88]=NarrowOop [92]=NarrowOop [104]=NarrowOop [144]=Oop [168]=Oop [248]=Oop }
                      ;*invokestatic inflate {reexecute=0 rethrow=0 return_oop=0}
                      ; - java.lang.String::newStringUTF8NoRepl@250
                      ; - java.lang.System$2::newStringUTF8NoRepl@4
                      ; - java.util.zip.ZipCoder$UTF8ZipCoder::toString@6
                      ; - java.util.zip.ZipFile::getEntryName@38
                      ; - java.util.zip.ZipFile::getManifestName@41
                      ; - java.util.zip.ZipFile$1::getManifestName@2
                      ; - java.util.jar.JarFile::maybeInstantiateVerifier@20
                      ; - java.util.jar.JarFile::ensureInitialization@1
                      ; - java.util.jar.JavaUtilJarAccessImpl::ensureInitialization@1
                      ; - jdk.internal.loader.URLClassPath$JarLoader$2::getManifest@10
                      ; - java.net.URLClassLoader::defineClass@34
                      ; - java.net.URLClassLoader$1::run@43
  0x000001d923f23adc: 200b 02ff 

  0x000001d923f23ae0: ;   {other}
  0x000001d923f23ae0: 0f1f 8400 | d095 00ca | bace ffff | ff48 8b6c | 2448 4c8b | 5c24 304c | 895c 2420 | 4c8b 5c24 
  0x000001d923f23b00: 384c 895c | 2428 448b | 5c24 4044 | 895c 2430 | 448b 4424 | 4444 8944 | 2434 4c8b | 5c24 604c 
  0x000001d923f23b20: 895c 2438 | 448b 4424 | 5844 8944 | 2440 448b | 5c24 5c45 | 8bc3 4489 | 4424 5844 | 8b5c 246c 
  0x000001d923f23b40: 4489 5c24 | 6844 8b84 | 248c 0000 | 0044 8944 | 2470 448b | 9c24 9000 | 0000 4489 | 5c24 7848 
  0x000001d923f23b60: 8984 2490 | 0000 0089 | 5c24 7c90 

  0x000001d923f23b6c: ;   {runtime_call UncommonTrapBlob}
  0x000001d923f23b6c: c5f8 77e8 

  0x000001d923f23b70: ; ImmutableOopMap {rbp=Oop [32]=Oop [48]=NarrowOop [52]=NarrowOop [56]=Oop [64]=NarrowOop [88]=NarrowOop [92]=NarrowOop [104]=NarrowOop [144]=Oop [168]=Oop [248]=Oop }
                      ;*invokestatic inflate {reexecute=0 rethrow=0 return_oop=0}
                      ; - java.lang.String::newStringUTF8NoRepl@250
                      ; - java.lang.System$2::newStringUTF8NoRepl@4
                      ; - java.util.zip.ZipCoder$UTF8ZipCoder::toString@6
                      ; - java.util.zip.ZipFile::getEntryName@38
                      ; - java.util.zip.ZipFile::getManifestName@41
                      ; - java.util.zip.ZipFile$1::getManifestName@2
                      ; - java.util.jar.JarFile::maybeInstantiateVerifier@20
                      ; - java.util.jar.JarFile::ensureInitialization@1
                      ; - java.util.jar.JavaUtilJarAccessImpl::ensureInitialization@1
                      ; - jdk.internal.loader.URLClassPath$JarLoader$2::getManifest@10
                      ; - java.net.URLClassLoader::defineClass@34
                      ; - java.net.URLClassLoader$1::run@43
  0x000001d923f23b70: 8c0a 02ff 

  0x000001d923f23b74: ;   {other}
  0x000001d923f23b74: 0f1f 8400 | 6496 00cb | 448b 8424 | 8000 0000 | bace ffff | ff48 8b6c | 2448 4c8b | 5c24 304c 
  0x000001d923f23b94: 895c 2420 | 4c8b 5c24 | 384c 895c | 2428 4c8b | 5c24 784c | 895c 2430 | 448b 5c24 | 6844 895c 
  0x000001d923f23bb4: 2438 448b | 4c24 6c44 | 894c 243c | 448b 5c24 | 5044 895c | 2440 4c8b | 5c24 704c | 895c 2448 
  0x000001d923f23bd4: 448b 4c24 | 5444 894c | 2450 448b | 9c24 8400 | 0000 4489 | 5c24 5844 | 8944 2460 | 4889 8424 
  0x000001d923f23bf4: 8000 0000 | 4489 5424 | 6c66 6690 

  0x000001d923f23c00: ;   {runtime_call UncommonTrapBlob}
  0x000001d923f23c00: c5f8 77e8 

  0x000001d923f23c04: ; ImmutableOopMap {rbp=Oop [32]=Oop [48]=Oop [56]=NarrowOop [60]=NarrowOop [64]=NarrowOop [72]=Oop [80]=NarrowOop [84]=NarrowOop [88]=NarrowOop [128]=Oop [192]=Oop }
                      ;*invokestatic inflate {reexecute=0 rethrow=0 return_oop=0}
                      ; - java.lang.String::newStringUTF8NoRepl@250
                      ; - java.lang.System$2::newStringUTF8NoRepl@4
                      ; - java.util.zip.ZipCoder$UTF8ZipCoder::toString@6
                      ; - java.util.zip.ZipFile::getEntryName@38
                      ; - java.util.zip.ZipFile::getManifestName@41
                      ; - java.util.zip.ZipFile$1::getManifestName@2
                      ; - java.util.jar.JarFile::maybeInstantiateVerifier@20
                      ; - java.util.jar.JarFile$JarFileEntry::getCodeSigners@4
                      ; - jdk.internal.loader.URLClassPath$JarLoader$2::getCodeSigners@4
                      ; - java.net.URLClassLoader::defineClass@185
                      ; - java.net.URLClassLoader$1::run@43
  0x000001d923f23c04: f809 02ff 

  0x000001d923f23c08: ;   {other}
  0x000001d923f23c08: 0f1f 8400 | f896 00cc | 488b d8ba | ceff ffff | 488b 6c24 | 484c 8b5c | 2430 4c89 | 5c24 204c 
  0x000001d923f23c28: 8b5c 2438 | 4c89 5c24 | 284c 8b5c | 2478 4c89 | 5c24 3044 | 8b4c 2468 | 4489 4c24 | 3844 8b5c 
  0x000001d923f23c48: 246c 4489 | 5c24 3c44 | 8b4c 2450 | 4489 4c24 | 404c 8b5c | 2470 4c89 | 5c24 4844 | 8b5c 2454 
  0x000001d923f23c68: 4489 5c24 | 5044 8b8c | 2484 0000 | 0044 894c | 2458 4489 | 4424 6048 | 899c 2480 | 0000 0044 
  0x000001d923f23c88: 8954 246c 

  0x000001d923f23c8c: ;   {runtime_call UncommonTrapBlob}
  0x000001d923f23c8c: c5f8 77e8 

  0x000001d923f23c90: ; ImmutableOopMap {rbp=Oop [32]=Oop [48]=Oop [56]=NarrowOop [60]=NarrowOop [64]=NarrowOop [72]=Oop [80]=NarrowOop [84]=NarrowOop [88]=NarrowOop [128]=Oop [192]=Oop }
                      ;*invokestatic inflate {reexecute=0 rethrow=0 return_oop=0}
                      ; - java.lang.String::newStringUTF8NoRepl@250
                      ; - java.lang.System$2::newStringUTF8NoRepl@4
                      ; - java.util.zip.ZipCoder$UTF8ZipCoder::toString@6
                      ; - java.util.zip.ZipFile::getEntryName@38
                      ; - java.util.zip.ZipFile::getManifestName@41
                      ; - java.util.zip.ZipFile$1::getManifestName@2
                      ; - java.util.jar.JarFile::maybeInstantiateVerifier@20
                      ; - java.util.jar.JarFile$JarFileEntry::getCodeSigners@4
                      ; - jdk.internal.loader.URLClassPath$JarLoader$2::getCodeSigners@4
                      ; - java.net.URLClassLoader::defineClass@185
                      ; - java.net.URLClassLoader$1::run@43
  0x000001d923f23c90: 6c09 02ff 

  0x000001d923f23c94: ;   {other}
  0x000001d923f23c94: 0f1f 8400 | 8497 00cd | baf6 ffff | ff66 6690 

  0x000001d923f23ca4: ;   {runtime_call UncommonTrapBlob}
  0x000001d923f23ca4: c5f8 77e8 

  0x000001d923f23ca8: ; ImmutableOopMap {[48]=Oop [72]=Oop }
                      ;*invokevirtual clone {reexecute=1 rethrow=0 return_oop=0}
                      ; - (reexecute) java.security.CodeSource::getCertificates@86
                      ; - java.lang.ClassLoader::checkCerts@34
                      ; - java.lang.ClassLoader::preDefineClass@113
                      ; - java.lang.ClassLoader::defineClass@4
                      ; - java.security.SecureClassLoader::defineClass@12
                      ; - java.net.URLClassLoader::defineClass@220
                      ; - java.net.URLClassLoader$1::run@43
  0x000001d923f23ca8: 5409 02ff 

  0x000001d923f23cac: ;   {other}
  0x000001d923f23cac: 0f1f 8400 | 9c97 00ce | bae4 ffff | ff48 8b6c | 2448 4c8b | 5424 304c | 8954 2420 | 4c8b 5424 
  0x000001d923f23ccc: 384c 8954 | 2428 448b | 5c24 4044 | 895c 2430 | 448b 5424 | 4444 8954 | 2434 4c8b | 5424 604c 
  0x000001d923f23cec: 8954 2438 | 448b 5c24 | 5844 895c | 2440 448b | 5c24 5c44 | 895c 2458 | 448b 5c24 | 6c44 895c 
  0x000001d923f23d0c: 2468 448b | 9c24 8c00 | 0000 4489 | 5c24 7044 | 8b94 2488 | 0000 0044 | 8954 2474 | 4c8b 9424 
  0x000001d923f23d2c: a800 0000 | 448b 9c24 | 9000 0000 | 4489 9c24 | 8000 0000 | 4c89 9424 | 8800 0000 | 4489 8c24 
  0x000001d923f23d4c: 9000 0000 

  0x000001d923f23d50: ;   {runtime_call UncommonTrapBlob}
  0x000001d923f23d50: c5f8 77e8 

  0x000001d923f23d54: ; ImmutableOopMap {rbp=Oop [32]=Oop [48]=NarrowOop [52]=NarrowOop [56]=Oop [64]=NarrowOop [88]=NarrowOop [92]=NarrowOop [104]=NarrowOop [136]=Oop [168]=Oop [248]=Oop }
                      ;*bastore {reexecute=0 rethrow=0 return_oop=0}
                      ; - java.lang.String::newStringUTF8NoRepl@126
                      ; - java.lang.System$2::newStringUTF8NoRepl@4
                      ; - java.util.zip.ZipCoder$UTF8ZipCoder::toString@6
                      ; - java.util.zip.ZipFile::getEntryName@38
                      ; - java.util.zip.ZipFile::getManifestName@41
                      ; - java.util.zip.ZipFile$1::getManifestName@2
                      ; - java.util.jar.JarFile::maybeInstantiateVerifier@20
                      ; - java.util.jar.JarFile::ensureInitialization@1
                      ; - java.util.jar.JavaUtilJarAccessImpl::ensureInitialization@1
                      ; - jdk.internal.loader.URLClassPath$JarLoader$2::getManifest@10
                      ; - java.net.URLClassLoader::defineClass@34
                      ; - java.net.URLClassLoader$1::run@43
  0x000001d923f23d54: a808 02ff 

  0x000001d923f23d58: ;   {other}
  0x000001d923f23d58: 0f1f 8400 | 4898 00cf | bae4 ffff | ff48 8b6c | 2448 4c8b | 5424 304c | 8954 2420 | 4c8b 5424 
  0x000001d923f23d78: 384c 8954 | 2428 4c8b | 5424 784c | 8954 2430 | 448b 5424 | 6844 8954 | 2438 448b | 4424 6c44 
  0x000001d923f23d98: 8944 243c | 448b 5424 | 5044 8954 | 2440 4c8b | 5424 704c | 8954 2448 | 448b 4424 | 5444 8944 
  0x000001d923f23db8: 2450 448b | 9424 8000 | 0000 4489 | 5424 604c | 8b94 24c0 | 0000 004c | 8954 2468 | 4489 9c24 
  0x000001d923f23dd8: 8000 0000 

  0x000001d923f23ddc: ;   {runtime_call UncommonTrapBlob}
  0x000001d923f23ddc: c5f8 77e8 

  0x000001d923f23de0: ; ImmutableOopMap {rbp=Oop [32]=Oop [48]=Oop [56]=NarrowOop [60]=NarrowOop [64]=NarrowOop [72]=Oop [80]=NarrowOop [84]=NarrowOop [104]=Oop [132]=NarrowOop }
                      ;*bastore {reexecute=0 rethrow=0 return_oop=0}
                      ; - java.lang.String::newStringUTF8NoRepl@126
                      ; - java.lang.System$2::newStringUTF8NoRepl@4
                      ; - java.util.zip.ZipCoder$UTF8ZipCoder::toString@6
                      ; - java.util.zip.ZipFile::getEntryName@38
                      ; - java.util.zip.ZipFile::getManifestName@41
                      ; - java.util.zip.ZipFile$1::getManifestName@2
                      ; - java.util.jar.JarFile::maybeInstantiateVerifier@20
                      ; - java.util.jar.JarFile$JarFileEntry::getCodeSigners@4
                      ; - jdk.internal.loader.URLClassPath$JarLoader$2::getCodeSigners@4
                      ; - java.net.URLClassLoader::defineClass@185
                      ; - java.net.URLClassLoader$1::run@43
  0x000001d923f23de0: 1c08 02ff 

  0x000001d923f23de4: ;   {other}
  0x000001d923f23de4: 0f1f 8400 | d498 00d0 | bade ffff | ff4c 8b54 | 2430 4c89 | 5424 204c | 8b54 2438 | 4c89 5424 
  0x000001d923f23e04: 2848 8944 | 2440 6690 

  0x000001d923f23e0c: ;   {runtime_call UncommonTrapBlob}
  0x000001d923f23e0c: c5f8 77e8 

  0x000001d923f23e10: ; ImmutableOopMap {[32]=Oop [40]=Oop [64]=Oop [72]=Oop [80]=NarrowOop [108]=NarrowOop }
                      ;*checkcast {reexecute=0 rethrow=0 return_oop=0}
                      ; - java.security.SecureClassLoader::getProtectionDomain@33
                      ; - java.security.SecureClassLoader::defineClass@9
                      ; - java.net.URLClassLoader::defineClass@220
                      ; - java.net.URLClassLoader$1::run@43
  0x000001d923f23e10: ec07 02ff 

  0x000001d923f23e14: ;   {other}
  0x000001d923f23e14: 0f1f 8400 | 0499 00d1 | bade ffff | ff48 8b6c | 2448 4c8b | 5424 304c | 8954 2420 | 4c8b 5424 
  0x000001d923f23e34: 384c 8954 | 2428 448b | 5c24 5444 | 895c 2430 | 448b 5c24 | 5044 895c | 2444 4889 | 4424 5890 
  0x000001d923f23e54: ;   {runtime_call UncommonTrapBlob}
  0x000001d923f23e54: c5f8 77e8 

  0x000001d923f23e58: ; ImmutableOopMap {rbp=Oop [32]=Oop [40]=Oop [68]=NarrowOop [88]=Oop [104]=NarrowOop [108]=NarrowOop [112]=Oop [120]=Oop }
                      ;*checkcast {reexecute=0 rethrow=0 return_oop=0}
                      ; - java.lang.ClassLoader::checkCerts@65
                      ; - java.lang.ClassLoader::preDefineClass@113
                      ; - java.lang.ClassLoader::defineClass@4
                      ; - java.security.SecureClassLoader::defineClass@12
                      ; - java.net.URLClassLoader::defineClass@220
                      ; - java.net.URLClassLoader$1::run@43
  0x000001d923f23e58: a407 02ff 

  0x000001d923f23e5c: ;   {other}
  0x000001d923f23e5c: 0f1f 8400 | 4c99 00d2 | bade ffff | ff48 8b6c | 2448 4c8b | 5424 304c | 8954 2420 | 4c8b 5424 
  0x000001d923f23e7c: 384c 8954 | 2428 448b | 5c24 5044 | 895c 244c | 4889 4424 | 6066 6690 

  0x000001d923f23e94: ;   {runtime_call UncommonTrapBlob}
  0x000001d923f23e94: c5f8 77e8 

  0x000001d923f23e98: ; ImmutableOopMap {rbp=Oop [32]=Oop [40]=Oop [76]=NarrowOop [96]=Oop [104]=NarrowOop [112]=Oop [120]=NarrowOop [128]=Oop }
                      ;*checkcast {reexecute=0 rethrow=0 return_oop=0}
                      ; - java.security.CodeSource::getCertificates@76
                      ; - java.lang.ClassLoader::checkCerts@34
                      ; - java.lang.ClassLoader::preDefineClass@113
                      ; - java.lang.ClassLoader::defineClass@4
                      ; - java.security.SecureClassLoader::defineClass@12
                      ; - java.net.URLClassLoader::defineClass@220
                      ; - java.net.URLClassLoader$1::run@43
  0x000001d923f23e98: 6407 02ff 

  0x000001d923f23e9c: ;   {other}
  0x000001d923f23e9c: 0f1f 8400 | 8c99 00d3 | baf6 ffff | ff48 8b6c | 2448 6690 

  0x000001d923f23eb0: ;   {runtime_call UncommonTrapBlob}
  0x000001d923f23eb0: c5f8 77e8 

  0x000001d923f23eb4: ; ImmutableOopMap {rbp=Oop }
                      ;*invokevirtual replace {reexecute=0 rethrow=0 return_oop=0}
                      ; - java.net.URLClassLoader$1::run@8
  0x000001d923f23eb4: 4807 02ff 

  0x000001d923f23eb8: ;   {other}
  0x000001d923f23eb8: 0f1f 8400 | a899 00d4 | baf6 ffff | ff48 8b6c | 2448 6690 

  0x000001d923f23ecc: ;   {runtime_call UncommonTrapBlob}
  0x000001d923f23ecc: c5f8 77e8 

  0x000001d923f23ed0: ; ImmutableOopMap {rbp=Oop }
                      ;*arraylength {reexecute=0 rethrow=0 return_oop=0}
                      ; - java.lang.StringLatin1::replace@8
                      ; - java.lang.String::replace@18
                      ; - java.net.URLClassLoader$1::run@8
  0x000001d923f23ed0: 2c07 02ff 

  0x000001d923f23ed4: ;   {other}
  0x000001d923f23ed4: 0f1f 8400 | c499 00d5 | baf6 ffff | ff48 8944 | 2420 6690 

  0x000001d923f23ee8: ;   {runtime_call UncommonTrapBlob}
  0x000001d923f23ee8: c5f8 77e8 

  0x000001d923f23eec: ; ImmutableOopMap {[32]=Oop [72]=Oop }
                      ;*getfield ucp {reexecute=1 rethrow=0 return_oop=0}
                      ; - (reexecute) java.net.URLClassLoader$1::run@21
  0x000001d923f23eec: 1007 02ff 

  0x000001d923f23ef0: ;   {other}
  0x000001d923f23ef0: 0f1f 8400 | e099 00d6 | baf6 ffff | ff4c 896c | 2428 4889 | 4424 3090 

  0x000001d923f23f08: ;   {runtime_call UncommonTrapBlob}
  0x000001d923f23f08: c5f8 77e8 

  0x000001d923f23f0c: ; ImmutableOopMap {[40]=Oop [72]=Oop [104]=NarrowOop }
                      ;*invokevirtual lastIndexOf {reexecute=0 rethrow=0 return_oop=0}
                      ; - java.net.URLClassLoader::defineClass@7
                      ; - java.net.URLClassLoader$1::run@43
  0x000001d923f23f0c: f006 02ff 

  0x000001d923f23f10: ;   {other}
  0x000001d923f23f10: 0f1f 8400 | 009a 00d7 | baf6 ffff | ff4c 896c | 2428 4889 | 4424 3090 

  0x000001d923f23f28: ;   {runtime_call UncommonTrapBlob}
  0x000001d923f23f28: c5f8 77e8 

  0x000001d923f23f2c: ; ImmutableOopMap {[40]=Oop [72]=Oop [104]=NarrowOop [108]=NarrowOop }
                      ;*arraylength {reexecute=0 rethrow=0 return_oop=0}
                      ; - java.lang.String::length@4
                      ; - java.lang.String::lastIndexOf@3
                      ; - java.net.URLClassLoader::defineClass@7
                      ; - java.net.URLClassLoader$1::run@43
  0x000001d923f23f2c: d006 02ff 

  0x000001d923f23f30: ;   {other}
  0x000001d923f23f30: 0f1f 8400 | 209a 00d8 | baf4 ffff | ff4c 896c | 2428 4c8b | 5424 384c | 8954 2430 | 4489 5c24 
  0x000001d923f23f50: 4066 6690 

  0x000001d923f23f54: ;   {runtime_call UncommonTrapBlob}
  0x000001d923f23f54: c5f8 77e8 

  0x000001d923f23f58: ; ImmutableOopMap {[40]=Oop [64]=NarrowOop [72]=Oop [104]=NarrowOop [108]=NarrowOop }
                      ;*instanceof {reexecute=0 rethrow=0 return_oop=0}
                      ; - jdk.internal.loader.Resource::getByteBuffer@6
                      ; - java.net.URLClassLoader::defineClass@132
                      ; - java.net.URLClassLoader$1::run@43
  0x000001d923f23f58: a406 02ff 

  0x000001d923f23f5c: ;   {other}
  0x000001d923f23f5c: 0f1f 8400 | 4c9a 00d9 | baf6 ffff | ff4c 8b54 | 2430 4c89 | 5424 2090 

  0x000001d923f23f74: ;   {runtime_call UncommonTrapBlob}
  0x000001d923f23f74: c5f8 77e8 

  0x000001d923f23f78: ; ImmutableOopMap {[32]=Oop [72]=Oop [104]=NarrowOop [108]=NarrowOop [120]=Oop [128]=Oop }
                      ;*invokevirtual get {reexecute=0 rethrow=0 return_oop=0}
                      ; - jdk.internal.perf.PerfCounter::get@5
                      ; - jdk.internal.perf.PerfCounter::add@1
                      ; - jdk.internal.perf.PerfCounter::addElapsedTimeFrom@6
                      ; - java.net.URLClassLoader::defineClass@207
                      ; - java.net.URLClassLoader$1::run@43
  0x000001d923f23f78: 8406 02ff 

  0x000001d923f23f7c: ;   {other}
  0x000001d923f23f7c: 0f1f 8400 | 6c9a 00da | baf6 ffff | ff4c 8b54 | 2430 4c89 | 5424 2090 

  0x000001d923f23f94: ;   {runtime_call UncommonTrapBlob}
  0x000001d923f23f94: c5f8 77e8 

  0x000001d923f23f98: ; ImmutableOopMap {[32]=Oop [72]=Oop [104]=NarrowOop [108]=NarrowOop [128]=Oop }
                      ;*arraylength {reexecute=0 rethrow=0 return_oop=0}
                      ; - java.net.URLClassLoader::defineClass@217
                      ; - java.net.URLClassLoader$1::run@43
  0x000001d923f23f98: 6406 02ff 

  0x000001d923f23f9c: ;   {other}
  0x000001d923f23f9c: 0f1f 8400 | 8c9a 00db | baf6 ffff | ff4c 8b54 | 2430 4c89 | 5424 2048 | 895c 2428 | 4889 7c24 
  0x000001d923f23fbc: 3066 6690 

  0x000001d923f23fc0: ;   {runtime_call UncommonTrapBlob}
  0x000001d923f23fc0: c5f8 77e8 

  0x000001d923f23fc4: ; ImmutableOopMap {[32]=Oop [40]=Oop [48]=Oop [72]=Oop }
                      ;*invokeinterface computeIfAbsent {reexecute=0 rethrow=0 return_oop=0}
                      ; - java.security.SecureClassLoader::getProtectionDomain@28
                      ; - java.security.SecureClassLoader::defineClass@9
                      ; - java.net.URLClassLoader::defineClass@220
                      ; - java.net.URLClassLoader$1::run@43
  0x000001d923f23fc4: 3806 02ff 

  0x000001d923f23fc8: ;   {other}
  0x000001d923f23fc8: 0f1f 8400 | b89a 00dc | baf4 ffff | ff4c 8b54 | 2430 4c89 | 5424 204c | 8b54 2438 | 4c89 5424 
  0x000001d923f23fe8: 2866 6690 

  0x000001d923f23fec: ;   {runtime_call UncommonTrapBlob}
  0x000001d923f23fec: c5f8 77e8 

  0x000001d923f23ff0: ; ImmutableOopMap {[32]=Oop [40]=Oop [72]=Oop [80]=NarrowOop [108]=NarrowOop }
                      ;*checkcast {reexecute=0 rethrow=0 return_oop=0}
                      ; - java.security.SecureClassLoader::getProtectionDomain@33
                      ; - java.security.SecureClassLoader::defineClass@9
                      ; - java.net.URLClassLoader::defineClass@220
                      ; - java.net.URLClassLoader$1::run@43
  0x000001d923f23ff0: 0c06 02ff 

  0x000001d923f23ff4: ;   {other}
  0x000001d923f23ff4: 0f1f 8400 | e49a 00dd | baf6 ffff | ff66 6690 

  0x000001d923f24004: ;   {runtime_call UncommonTrapBlob}
  0x000001d923f24004: c5f8 77e8 

  0x000001d923f24008: ; ImmutableOopMap {[48]=Oop [72]=Oop }
                      ;*arraylength {reexecute=0 rethrow=0 return_oop=0}
                      ; - java.lang.String::isEmpty@4
                      ; - java.lang.ClassLoader::checkName@5
                      ; - java.lang.ClassLoader::preDefineClass@1
                      ; - java.lang.ClassLoader::defineClass@4
                      ; - java.security.SecureClassLoader::defineClass@12
                      ; - java.net.URLClassLoader::defineClass@220
                      ; - java.net.URLClassLoader$1::run@43
  0x000001d923f24008: f405 02ff 

  0x000001d923f2400c: ;   {other}
  0x000001d923f2400c: 0f1f 8400 | fc9a 00de | baf6 ffff | ff66 6690 

  0x000001d923f2401c: ;   {runtime_call UncommonTrapBlob}
  0x000001d923f2401c: c5f8 77e8 

  0x000001d923f24020: ; ImmutableOopMap {[48]=Oop [72]=Oop }
                      ;*invokevirtual getPackageName {reexecute=0 rethrow=0 return_oop=0}
                      ; - java.lang.ClassLoader::postDefineClass@2
                      ; - java.lang.ClassLoader::defineClass@37
                      ; - java.security.SecureClassLoader::defineClass@12
                      ; - java.net.URLClassLoader::defineClass@220
                      ; - java.net.URLClassLoader$1::run@43
  0x000001d923f24020: dc05 02ff 

  0x000001d923f24024: ;   {other}
  0x000001d923f24024: 0f1f 8400 | 149b 00df | baf6 ffff | ff4c 896c | 2420 4c8b | 5424 384c | 8954 2428 | 8944 2430 
  0x000001d923f24044: 4889 4c24 | 4066 6690 

  0x000001d923f2404c: ;   {runtime_call UncommonTrapBlob}
  0x000001d923f2404c: c5f8 77e8 

  0x000001d923f24050: ; ImmutableOopMap {[32]=Oop [64]=Oop [72]=Oop [104]=NarrowOop [108]=NarrowOop }
                      ;*getfield csu {reexecute=1 rethrow=0 return_oop=0}
                      ; - (reexecute) jdk.internal.loader.URLClassPath$JarLoader$2::getCodeSourceURL@4
                      ; - java.net.URLClassLoader::defineClass@13
                      ; - java.net.URLClassLoader$1::run@43
  0x000001d923f24050: ac05 02ff 

  0x000001d923f24054: ;   {other}
  0x000001d923f24054: 0f1f 8400 | 449b 00e0 | baf6 ffff | ff48 8b6c | 2448 4c89 | 6c24 204c | 8b44 2438 | 4c89 4424 
  0x000001d923f24074: 284c 8954 | 2438 4489 | 5c24 4090 

  0x000001d923f24080: ;   {runtime_call UncommonTrapBlob}
  0x000001d923f24080: c5f8 77e8 

  0x000001d923f24084: ; ImmutableOopMap {rbp=Oop [32]=Oop [56]=Oop [64]=NarrowOop [104]=NarrowOop [108]=NarrowOop [248]=Oop }
                      ;*getfield jar {reexecute=1 rethrow=0 return_oop=0}
                      ; - (reexecute) jdk.internal.loader.URLClassPath$JarLoader$2::getManifest@7
                      ; - java.net.URLClassLoader::defineClass@34
                      ; - java.net.URLClassLoader$1::run@43
  0x000001d923f24084: 7805 02ff 

  0x000001d923f24088: ;   {other}
  0x000001d923f24088: 0f1f 8400 | 789b 00e1 | baf6 ffff | ff48 8b6c | 2448 4c89 | 6c24 204c | 8b44 2438 | 4c89 4424 
  0x000001d923f240a8: 284c 8954 | 2438 4489 | 5c24 4090 

  0x000001d923f240b4: ;   {runtime_call UncommonTrapBlob}
  0x000001d923f240b4: c5f8 77e8 

  0x000001d923f240b8: ; ImmutableOopMap {rbp=Oop [32]=Oop [56]=Oop [64]=NarrowOop [104]=NarrowOop [108]=NarrowOop [248]=Oop }
                      ;*invokevirtual ensureInitialization {reexecute=0 rethrow=0 return_oop=0}
                      ; - java.util.jar.JavaUtilJarAccessImpl::ensureInitialization@1
                      ; - jdk.internal.loader.URLClassPath$JarLoader$2::getManifest@10
                      ; - java.net.URLClassLoader::defineClass@34
                      ; - java.net.URLClassLoader$1::run@43
  0x000001d923f240b8: 4405 02ff 

  0x000001d923f240bc: ;   {other}
  0x000001d923f240bc: 0f1f 8400 | ac9b 00e2 | baf6 ffff | ff48 8b6c | 2448 4c89 | 6c24 204c | 8b44 2438 | 4c89 4424 
  0x000001d923f240dc: 284c 8954 | 2438 4489 | 5c24 4090 

  0x000001d923f240e8: ;   {runtime_call UncommonTrapBlob}
  0x000001d923f240e8: c5f8 77e8 

  0x000001d923f240ec: ; ImmutableOopMap {rbp=Oop [32]=Oop [56]=Oop [64]=NarrowOop [104]=NarrowOop [108]=NarrowOop [248]=Oop }
                      ;*getfield jar {reexecute=1 rethrow=0 return_oop=0}
                      ; - (reexecute) jdk.internal.loader.URLClassPath$JarLoader$2::getManifest@19
                      ; - java.net.URLClassLoader::defineClass@34
                      ; - java.net.URLClassLoader$1::run@43
  0x000001d923f240ec: 1005 02ff 

  0x000001d923f240f0: ;   {other}
  0x000001d923f240f0: 0f1f 8400 | e09b 00e3 | baf6 ffff | ff48 8b6c | 2448 4c89 | 6c24 204c | 8b44 2438 | 4c89 4424 
  0x000001d923f24110: 284c 8954 | 2438 4489 | 5c24 4090 

  0x000001d923f2411c: ;   {runtime_call UncommonTrapBlob}
  0x000001d923f2411c: c5f8 77e8 

  0x000001d923f24120: ; ImmutableOopMap {rbp=Oop [32]=Oop [56]=Oop [64]=NarrowOop [104]=NarrowOop [108]=NarrowOop [248]=Oop }
                      ;*invokevirtual getManifest {reexecute=0 rethrow=0 return_oop=0}
                      ; - jdk.internal.loader.URLClassPath$JarLoader$2::getManifest@22
                      ; - java.net.URLClassLoader::defineClass@34
                      ; - java.net.URLClassLoader$1::run@43
  0x000001d923f24120: dc04 02ff 

  0x000001d923f24124: ;   {other}
  0x000001d923f24124: 0f1f 8400 | 149c 00e4 | baf6 ffff | ff4c 8b54 | 2430 4c89 | 5424 204c | 8b54 2438 | 4c89 5424 
  0x000001d923f24144: 2866 6690 

  0x000001d923f24148: ;   {runtime_call UncommonTrapBlob}
  0x000001d923f24148: c5f8 77e8 

  0x000001d923f2414c: ; ImmutableOopMap {[32]=Oop [72]=Oop [80]=NarrowOop [104]=NarrowOop [108]=NarrowOop [112]=Oop }
                      ;*arraylength {reexecute=0 rethrow=0 return_oop=0}
                      ; - java.util.zip.Checksum::update@4
                      ; - jdk.internal.loader.URLClassPath$JarLoader$2::getBytes@15
                      ; - java.net.URLClassLoader::defineClass@179
                      ; - java.net.URLClassLoader$1::run@43
  0x000001d923f2414c: b004 02ff 

  0x000001d923f24150: ;   {other}
  0x000001d923f24150: 0f1f 8400 | 409c 00e5 | baf6 ffff | ff4c 8b54 | 2430 4c89 | 5424 204c | 8b54 2438 | 4c89 5424 
  0x000001d923f24170: 2866 6690 

  0x000001d923f24174: ;   {runtime_call UncommonTrapBlob}
  0x000001d923f24174: c5f8 77e8 

  0x000001d923f24178: ; ImmutableOopMap {[32]=Oop [72]=Oop [80]=NarrowOop [104]=NarrowOop [108]=NarrowOop [112]=Oop }
                      ;*invokevirtual getCrc {reexecute=0 rethrow=0 return_oop=0}
                      ; - jdk.internal.loader.URLClassPath$JarLoader$2::getBytes@26
                      ; - java.net.URLClassLoader::defineClass@179
                      ; - java.net.URLClassLoader$1::run@43
  0x000001d923f24178: 8404 02ff 

  0x000001d923f2417c: ;   {other}
  0x000001d923f2417c: 0f1f 8400 | 6c9c 00e6 | baf6 ffff | ff48 ff74 | 2430 488f | 4424 204c | 8b54 2438 | 4c89 5424 
  0x000001d923f2419c: 2866 6690 

  0x000001d923f241a0: ;   {runtime_call UncommonTrapBlob}
  0x000001d923f241a0: c5f8 77e8 

  0x000001d923f241a4: ; ImmutableOopMap {[32]=Oop [72]=Oop [80]=NarrowOop [104]=NarrowOop [108]=NarrowOop [120]=Oop }
                      ;*invokevirtual getCodeSigners {reexecute=0 rethrow=0 return_oop=0}
                      ; - jdk.internal.loader.URLClassPath$JarLoader$2::getCodeSigners@4
                      ; - java.net.URLClassLoader::defineClass@185
                      ; - java.net.URLClassLoader$1::run@43
  0x000001d923f241a4: 5804 02ff 

  0x000001d923f241a8: ;   {other}
  0x000001d923f241a8: 0f1f 8400 | 989c 00e7 | baf6 ffff | ff48 8b6c | 2448 48ff | 7424 3048 | 8f44 2420 | 4c8b 5424 
  0x000001d923f241c8: 384c 8954 | 2428 4c89 | 5c24 4890 

  0x000001d923f241d4: ;   {runtime_call UncommonTrapBlob}
  0x000001d923f241d4: c5f8 77e8 

  0x000001d923f241d8: ; ImmutableOopMap {rbp=Oop [32]=Oop [72]=Oop [80]=NarrowOop [104]=NarrowOop [108]=NarrowOop [120]=Oop }
                      ;*invokevirtual maybeInstantiateVerifier {reexecute=0 rethrow=0 return_oop=0}
                      ; - java.util.jar.JarFile$JarFileEntry::getCodeSigners@4
                      ; - jdk.internal.loader.URLClassPath$JarLoader$2::getCodeSigners@4
                      ; - java.net.URLClassLoader::defineClass@185
                      ; - java.net.URLClassLoader$1::run@43
  0x000001d923f241d8: 2404 02ff 

  0x000001d923f241dc: ;   {other}
  0x000001d923f241dc: 0f1f 8400 | cc9c 00e8 | baf6 ffff | ff48 8b6c | 2448 4c89 | 5424 204c | 8b54 2438 | 4c89 5424 
  0x000001d923f241fc: 284c 895c | 2448 6690 

  0x000001d923f24204: ;   {runtime_call UncommonTrapBlob}
  0x000001d923f24204: c5f8 77e8 

  0x000001d923f24208: ; ImmutableOopMap {rbp=Oop [32]=Oop [72]=Oop [80]=NarrowOop [104]=NarrowOop [108]=NarrowOop [120]=Oop }
                      ;*getfield jv {reexecute=1 rethrow=0 return_oop=0}
                      ; - (reexecute) java.util.jar.JarFile$JarFileEntry::getCodeSigners@31
                      ; - jdk.internal.loader.URLClassPath$JarLoader$2::getCodeSigners@4
                      ; - java.net.URLClassLoader::defineClass@185
                      ; - java.net.URLClassLoader$1::run@43
  0x000001d923f24208: f403 02ff 

  0x000001d923f2420c: ;   {other}
  0x000001d923f2420c: 0f1f 8400 | fc9c 00e9 | baf6 ffff | ff48 8b6c | 2448 4c8b | 5424 304c | 8954 2428 | 4c8b 5424 
  0x000001d923f2422c: 384c 8954 | 2430 448b | 5c24 5044 | 895c 2440 

  0x000001d923f2423c: ;   {runtime_call UncommonTrapBlob}
  0x000001d923f2423c: c5f8 77e8 

  0x000001d923f24240: ; ImmutableOopMap {rbp=Oop [40]=Oop [64]=NarrowOop [104]=NarrowOop [108]=NarrowOop [112]=Oop [248]=Oop }
                      ;*invokevirtual isNamed {reexecute=0 rethrow=0 return_oop=0}
                      ; - java.lang.Package::isSealed@4
                      ; - java.net.URLClassLoader::getAndVerifyPackage@14
                      ; - java.net.URLClassLoader::defineClass@46
                      ; - java.net.URLClassLoader$1::run@43
  0x000001d923f24240: bc03 02ff 

  0x000001d923f24244: ;   {other}
  0x000001d923f24244: 0f1f 8400 | 349d 00ea | baf6 ffff | ff48 8b6c | 2448 4c8b | 5424 304c | 8954 2428 | 4c8b 5424 
  0x000001d923f24264: 384c 8954 | 2430 448b | 5424 5044 | 8954 2440 

  0x000001d923f24274: ;   {runtime_call UncommonTrapBlob}
  0x000001d923f24274: c5f8 77e8 

  0x000001d923f24278: ; ImmutableOopMap {rbp=Oop [40]=Oop [64]=NarrowOop [104]=NarrowOop [108]=NarrowOop [112]=Oop [248]=Oop }
                      ;*getfield sealBase {reexecute=1 rethrow=0 return_oop=0}
                      ; - (reexecute) java.lang.Package::isSealed@14
                      ; - java.net.URLClassLoader::getAndVerifyPackage@14
                      ; - java.net.URLClassLoader::defineClass@46
                      ; - java.net.URLClassLoader$1::run@43
  0x000001d923f24278: 8403 02ff 

  0x000001d923f2427c: ;   {other}
  0x000001d923f2427c: 0f1f 8400 | 6c9d 00eb | baf6 ffff | ff48 8b6c | 2448 4c89 | 6c24 284c | 8b54 2438 | 4c89 5424 
  0x000001d923f2429c: 3044 895c | 2440 4889 | 5c24 4890 

  0x000001d923f242a8: ;   {runtime_call UncommonTrapBlob}
  0x000001d923f242a8: c5f8 77e8 

  0x000001d923f242ac: ; ImmutableOopMap {rbp=Oop [40]=Oop [64]=NarrowOop [72]=Oop [104]=NarrowOop [108]=NarrowOop }
                      ;*getfield jar {reexecute=1 rethrow=0 return_oop=0}
                      ; - (reexecute) jdk.internal.loader.URLClassPath$JarLoader$2::getInputStream@4
                      ; - jdk.internal.loader.Resource::cachedInputStream@9
                      ; - jdk.internal.loader.Resource::getByteBuffer@1
                      ; - java.net.URLClassLoader::defineClass@132
                      ; - java.net.URLClassLoader$1::run@43
  0x000001d923f242ac: 5003 02ff 

  0x000001d923f242b0: ;   {other}
  0x000001d923f242b0: 0f1f 8400 | a09d 00ec | ba45 ffff | ff4c 8b5c | 2448 4c89 | 5c24 204c | 8b5c 2430 | 4c89 5c24 
  0x000001d923f242d0: 284c 8b5c | 2438 4c89 | 5c24 3090 

  0x000001d923f242dc: ;   {runtime_call UncommonTrapBlob}
  0x000001d923f242dc: c5f8 77e8 

  0x000001d923f242e0: ; ImmutableOopMap {rbp=NarrowOop [32]=Oop [40]=Oop [48]=Oop [104]=NarrowOop [108]=NarrowOop [112]=Oop }
                      ;*ifnull {reexecute=1 rethrow=0 return_oop=0}
                      ; - (reexecute) java.lang.ClassLoader::defineClassSourceLocation@15
                      ; - java.lang.ClassLoader::defineClass@12
                      ; - java.security.SecureClassLoader::defineClass@12
                      ; - java.net.URLClassLoader::defineClass@220
                      ; - java.net.URLClassLoader$1::run@43
  0x000001d923f242e0: 1c03 02ff 

  0x000001d923f242e4: ;   {other}
  0x000001d923f242e4: 0f1f 8400 | d49d 00ed | ba45 ffff | ff48 8b6c | 2448 4c89 | 6c24 204c | 8b44 2438 | 4c89 4424 
  0x000001d923f24304: 2844 895c | 2440 4c89 | 5424 5089 | 4c24 5890 

  0x000001d923f24314: ;   {runtime_call UncommonTrapBlob}
  0x000001d923f24314: c5f8 77e8 

  0x000001d923f24318: ; ImmutableOopMap {rbp=Oop [32]=Oop [64]=NarrowOop [80]=Oop [88]=NarrowOop [104]=NarrowOop [108]=NarrowOop [248]=Oop }
                      ;*ifnonnull {reexecute=1 rethrow=0 return_oop=0}
                      ; - (reexecute) jdk.internal.access.SharedSecrets::javaUtilJarAccess@5
                      ; - jdk.internal.loader.URLClassPath$JarLoader$2::getManifest@0
                      ; - java.net.URLClassLoader::defineClass@34
                      ; - java.net.URLClassLoader$1::run@43
  0x000001d923f24318: e402 02ff 

  0x000001d923f2431c: ;   {other}
  0x000001d923f2431c: 0f1f 8400 | 0c9e 00ee | 33ed 4d85 | d240 0f94 | c5ba 45ff | ffff 4c8b | 5424 484c | 8954 2420 
  0x000001d923f2433c: 4c8b 5424 | 304c 8954 | 2428 4889 | 4424 3848 | 8944 2448 | 448b 5c24 | 6844 895c | 2454 6690 
  0x000001d923f2435c: ;   {runtime_call UncommonTrapBlob}
  0x000001d923f2435c: c5f8 77e8 

  0x000001d923f24360: ; ImmutableOopMap {[32]=Oop [40]=Oop [56]=Oop [72]=Oop [84]=NarrowOop [104]=NarrowOop [112]=Oop }
                      ;*ifeq {reexecute=1 rethrow=0 return_oop=0}
                      ; - (reexecute) java.lang.Class::getPackageName@29
                      ; - java.lang.ClassLoader::postDefineClass@2
                      ; - java.lang.ClassLoader::defineClass@37
                      ; - java.security.SecureClassLoader::defineClass@12
                      ; - java.net.URLClassLoader::defineClass@220
                      ; - java.net.URLClassLoader$1::run@43
  0x000001d923f24360: 9c02 02ff 

  0x000001d923f24364: ;   {other}
  0x000001d923f24364: 0f1f 8400 | 549e 00ef | baf6 ffff | ff66 6690 

  0x000001d923f24374: ;   {runtime_call UncommonTrapBlob}
  0x000001d923f24374: c5f8 77e8 

  0x000001d923f24378: ; ImmutableOopMap {[48]=Oop [72]=Oop }
                      ;*arraylength {reexecute=0 rethrow=0 return_oop=0}
                      ; - java.lang.String::length@4
                      ; - java.lang.String::lastIndexOf@3
                      ; - java.lang.Class::getPackageName@47
                      ; - java.lang.ClassLoader::postDefineClass@2
                      ; - java.lang.ClassLoader::defineClass@37
                      ; - java.security.SecureClassLoader::defineClass@12
                      ; - java.net.URLClassLoader::defineClass@220
                      ; - java.net.URLClassLoader$1::run@43
  0x000001d923f24378: 8402 02ff 

  0x000001d923f2437c: ;   {other}
  0x000001d923f2437c: 0f1f 8400 | 6c9e 00f0 | baf6 ffff | ff48 8b6c | 2448 4c89 | 6c24 204c | 8b4c 2438 | 4c89 4c24 
  0x000001d923f2439c: 2848 8944 | 24f8 8b44 | 2468 8944 | 2430 488b | 4424 f844 | 895c 2440 | 4c89 5424 | 5044 8944 
  0x000001d923f243bc: 2458 4489 | 4424 5c90 

  0x000001d923f243c4: ;   {runtime_call UncommonTrapBlob}
  0x000001d923f243c4: c5f8 77e8 

  0x000001d923f243c8: ; ImmutableOopMap {rbp=Oop [32]=Oop [48]=NarrowOop [64]=NarrowOop [80]=Oop [88]=NarrowOop [92]=NarrowOop [108]=NarrowOop [248]=Oop }
                      ;*getfield zsrc {reexecute=1 rethrow=0 return_oop=0}
                      ; - (reexecute) java.util.zip.ZipFile::ensureOpen@22
                      ; - java.util.zip.ZipFile::getManifestName@5
                      ; - java.util.zip.ZipFile$1::getManifestName@2
                      ; - java.util.jar.JarFile::maybeInstantiateVerifier@20
                      ; - java.util.jar.JarFile::ensureInitialization@1
                      ; - java.util.jar.JavaUtilJarAccessImpl::ensureInitialization@1
                      ; - jdk.internal.loader.URLClassPath$JarLoader$2::getManifest@10
                      ; - java.net.URLClassLoader::defineClass@34
                      ; - java.net.URLClassLoader$1::run@43
  0x000001d923f243c8: 3402 02ff 

  0x000001d923f243cc: ;   {other}
  0x000001d923f243cc: 0f1f 8400 | bc9e 00f1 | baf6 ffff | ff48 8b6c | 2448 4c89 | 5424 204c | 8b54 2438 | 4c89 5424 
  0x000001d923f243ec: 2844 8b54 | 2450 4489 | 5424 404c | 895c 2448 | 4489 4424 | 5044 8944 | 2454 6690 

  0x000001d923f24408: ;   {runtime_call UncommonTrapBlob}
  0x000001d923f24408: c5f8 77e8 

  0x000001d923f2440c: ; ImmutableOopMap {rbp=Oop [32]=Oop [64]=NarrowOop [72]=Oop [80]=NarrowOop [84]=NarrowOop [104]=NarrowOop [108]=NarrowOop [120]=Oop }
                      ;*getfield zsrc {reexecute=1 rethrow=0 return_oop=0}
                      ; - (reexecute) java.util.zip.ZipFile::ensureOpen@22
                      ; - java.util.zip.ZipFile::getManifestName@5
                      ; - java.util.zip.ZipFile$1::getManifestName@2
                      ; - java.util.jar.JarFile::maybeInstantiateVerifier@20
                      ; - java.util.jar.JarFile$JarFileEntry::getCodeSigners@4
                      ; - jdk.internal.loader.URLClassPath$JarLoader$2::getCodeSigners@4
                      ; - java.net.URLClassLoader::defineClass@185
                      ; - java.net.URLClassLoader$1::run@43
  0x000001d923f2440c: f001 02ff 

  0x000001d923f24410: ;   {other}
  0x000001d923f24410: 0f1f 8400 | 009f 00f2 | baf6 ffff | ff4c 896c | 2420 4c8b | 5424 384c | 8954 2428 | 8944 2430 
  0x000001d923f24430: 4889 7424 | 4066 6690 

  0x000001d923f24438: ;   {runtime_call UncommonTrapBlob}
  0x000001d923f24438: c5f8 77e8 

  0x000001d923f2443c: ; ImmutableOopMap {[32]=Oop [64]=Oop [72]=Oop [104]=NarrowOop [108]=NarrowOop }
                      ;*invokevirtual getBaseURL {reexecute=0 rethrow=0 return_oop=0}
                      ; - jdk.internal.loader.URLClassPath$FileLoader$1::getCodeSourceURL@4
                      ; - java.net.URLClassLoader::defineClass@13
                      ; - java.net.URLClassLoader$1::run@43
  0x000001d923f2443c: c001 02ff 

  0x000001d923f24440: ;   {other}
  0x000001d923f24440: 0f1f 8400 | 309f 00f3 | ba45 ffff | ff48 8b6c | 2448 4c89 | 6c24 204c | 8b54 2438 | 4c89 5424 
  0x000001d923f24460: 2844 8b54 | 2468 4489 | 5424 3044 | 8b5c 246c | 4489 5c24 | 344c 8b54 | 2460 4c89 | 5424 3844 
  0x000001d923f24480: 8b54 2458 | 4489 5424 | 4044 8944 | 2458 895c | 246c 6690 

  0x000001d923f24494: ;   {runtime_call UncommonTrapBlob}
  0x000001d923f24494: c5f8 77e8 

  0x000001d923f24498: ; ImmutableOopMap {rbp=Oop [32]=Oop [48]=NarrowOop [52]=NarrowOop [56]=Oop [64]=NarrowOop [88]=NarrowOop [92]=NarrowOop [108]=NarrowOop [248]=Oop }
                      ;*ifnonnull {reexecute=1 rethrow=0 return_oop=0}
                      ; - (reexecute) java.util.zip.ZipFile::ensureOpen@25
                      ; - java.util.zip.ZipFile::getManifestName@5
                      ; - java.util.zip.ZipFile$1::getManifestName@2
                      ; - java.util.jar.JarFile::maybeInstantiateVerifier@20
                      ; - java.util.jar.JarFile::ensureInitialization@1
                      ; - java.util.jar.JavaUtilJarAccessImpl::ensureInitialization@1
                      ; - jdk.internal.loader.URLClassPath$JarLoader$2::getManifest@10
                      ; - java.net.URLClassLoader::defineClass@34
                      ; - java.net.URLClassLoader$1::run@43
  0x000001d923f24498: 6401 02ff 

  0x000001d923f2449c: ;   {other}
  0x000001d923f2449c: 0f1f 8400 | 8c9f 00f4 | ba45 ffff | ff48 8b6c | 2448 4c89 | 5424 204c | 8b54 2438 | 4c89 5424 
  0x000001d923f244bc: 2844 8b4c | 2450 4489 | 4c24 404c | 895c 2448 | 4489 4424 | 5044 8944 | 2454 894c | 245c 6690 
  0x000001d923f244dc: ;   {runtime_call UncommonTrapBlob}
  0x000001d923f244dc: c5f8 77e8 

  0x000001d923f244e0: ; ImmutableOopMap {rbp=Oop [32]=Oop [64]=NarrowOop [72]=Oop [80]=NarrowOop [84]=NarrowOop [92]=NarrowOop [104]=NarrowOop [108]=NarrowOop [120]=Oop }
                      ;*ifnonnull {reexecute=1 rethrow=0 return_oop=0}
                      ; - (reexecute) java.util.zip.ZipFile::ensureOpen@25
                      ; - java.util.zip.ZipFile::getManifestName@5
                      ; - java.util.zip.ZipFile$1::getManifestName@2
                      ; - java.util.jar.JarFile::maybeInstantiateVerifier@20
                      ; - java.util.jar.JarFile$JarFileEntry::getCodeSigners@4
                      ; - jdk.internal.loader.URLClassPath$JarLoader$2::getCodeSigners@4
                      ; - java.net.URLClassLoader::defineClass@185
                      ; - java.net.URLClassLoader$1::run@43
  0x000001d923f244e0: 1c01 02ff 

  0x000001d923f244e4: ;   {other}
  0x000001d923f244e4: 0f1f 8400 | d49f 00f5 | baf6 ffff | ff48 8b6c | 2448 4c8b | 5424 304c | 8954 2428 | 4c8b 5424 
  0x000001d923f24504: 384c 8954 | 2430 448b | 5424 6844 | 8954 2438 | 448b 5c24 | 6c44 895c | 243c 4c8b | 5424 604c 
  0x000001d923f24524: 8954 2450 | 4c89 5424 | 584c 8b54 | 2470 4c89 | 5424 6844 | 894c 2444 | 4489 4424 | 7466 6690 
  0x000001d923f24544: ;   {runtime_call UncommonTrapBlob}
  0x000001d923f24544: c5f8 77e8 

  0x000001d923f24548: ; ImmutableOopMap {rbp=Oop [40]=Oop [56]=NarrowOop [60]=NarrowOop [64]=NarrowOop [68]=NarrowOop [80]=Oop [88]=Oop [104]=Oop [116]=NarrowOop }
                      ;*arraylength {reexecute=0 rethrow=0 return_oop=0}
                      ; - java.lang.String::length@4
                      ; - java.lang.String::indexOf@14
                      ; - java.lang.String::indexOf@3
                      ; - java.io.WinNTFileSystem::isInvalid@5
                      ; - java.io.File::isInvalid@13
                      ; - java.io.FileInputStream::<init>@54
                      ; - jdk.internal.loader.URLClassPath$FileLoader$1::getInputStream@8
                      ; - jdk.internal.loader.Resource::cachedInputStream@9
                      ; - jdk.internal.loader.Resource::getByteBuffer@1
                      ; - java.net.URLClassLoader::defineClass@132
                      ; - java.net.URLClassLoader$1::run@43
  0x000001d923f24548: b400 02ff 

  0x000001d923f2454c: ;   {other}
  0x000001d923f2454c: 0f1f 8400 | 3ca0 00f6 | ba45 ffff | ff48 8b6c | 2448 4c8b | 5424 304c | 8954 2428 | 4c8b 5424 
  0x000001d923f2456c: 384c 8954 | 2430 448b | 4424 6844 | 8944 2438 | 448b 5424 | 6c44 8954 | 243c 4c8b | 5424 604c 
  0x000001d923f2458c: 8954 2450 | 4c89 5424 | 584c 8b54 | 2470 4c89 | 5424 6844 | 895c 2470 

  0x000001d923f245a4: ;   {runtime_call UncommonTrapBlob}
  0x000001d923f245a4: c5f8 77e8 

  0x000001d923f245a8: ; ImmutableOopMap {rbp=Oop [40]=Oop [56]=NarrowOop [60]=NarrowOop [64]=NarrowOop [80]=Oop [88]=Oop [104]=Oop [112]=NarrowOop }
                      ;*ifnull {reexecute=1 rethrow=0 return_oop=0}
                      ; - (reexecute) java.io.FileInputStream::<init>@16
                      ; - jdk.internal.loader.URLClassPath$FileLoader$1::getInputStream@8
                      ; - jdk.internal.loader.Resource::cachedInputStream@9
                      ; - jdk.internal.loader.Resource::getByteBuffer@1
                      ; - java.net.URLClassLoader::defineClass@132
                      ; - java.net.URLClassLoader$1::run@43
  0x000001d923f245a8: 5400 02ff 

  0x000001d923f245ac: ;   {other}
  0x000001d923f245ac: 0f1f 8400 | 9ca0 00f7 | ba45 ffff | ff48 8b6c | 2448 4c8b | 5424 304c | 8954 2428 | 4c8b 5424 
  0x000001d923f245cc: 384c 8954 | 2430 448b | 5424 6844 | 8954 2438 | 4c8b 5424 | 604c 8954 | 2450 4c89 | 5424 5844 
  0x000001d923f245ec: 894c 2468 

  0x000001d923f245f0: ;   {runtime_call UncommonTrapBlob}
  0x000001d923f245f0: c5f8 77e8 

  0x000001d923f245f4: ; ImmutableOopMap {rbp=Oop [40]=Oop [56]=NarrowOop [64]=NarrowOop [80]=Oop [88]=Oop [104]=NarrowOop [108]=NarrowOop [112]=Oop }
                      ;*ifnonnull {reexecute=1 rethrow=0 return_oop=0}
                      ; - (reexecute) java.io.FileInputStream::<init>@42
                      ; - jdk.internal.loader.URLClassPath$FileLoader$1::getInputStream@8
                      ; - jdk.internal.loader.Resource::cachedInputStream@9
                      ; - jdk.internal.loader.Resource::getByteBuffer@1
                      ; - java.net.URLClassLoader::defineClass@132
                      ; - java.net.URLClassLoader$1::run@43
  0x000001d923f245f4: 0800 02ff 

  0x000001d923f245f8: ;   {other}
  0x000001d923f245f8: 0f1f 8400 | e8a0 00f8 | ba45 ffff | ff48 8b6c | 2448 4c8b | 5424 304c | 8954 2428 | 4c8b 5424 
  0x000001d923f24618: 384c 8954 | 2430 448b | 5c24 6844 | 895c 2438 | 4c8b 5424 | 604c 8954 | 2450 4c89 | 5424 5844 
  0x000001d923f24638: 8944 2468 

  0x000001d923f2463c: ;   {runtime_call UncommonTrapBlob}
  0x000001d923f2463c: c5f8 77e8 

  0x000001d923f24640: ; ImmutableOopMap {rbp=Oop [40]=Oop [56]=NarrowOop [64]=NarrowOop [80]=Oop [88]=Oop [104]=NarrowOop [108]=NarrowOop [112]=Oop }
                      ;*ifnull {reexecute=1 rethrow=0 return_oop=0}
                      ; - (reexecute) java.io.FileCleanable::register@1
                      ; - java.io.FileInputStream::<init>@103
                      ; - jdk.internal.loader.URLClassPath$FileLoader$1::getInputStream@8
                      ; - jdk.internal.loader.Resource::cachedInputStream@9
                      ; - jdk.internal.loader.Resource::getByteBuffer@1
                      ; - java.net.URLClassLoader::defineClass@132
                      ; - java.net.URLClassLoader$1::run@43
  0x000001d923f24640: bcff 01ff 

  0x000001d923f24644: ;   {other}
  0x000001d923f24644: 0f1f 8400 | 34a1 00f9 | baf6 ffff | ff44 8944 | 2428 6690 

  0x000001d923f24658: ;   {runtime_call UncommonTrapBlob}
  0x000001d923f24658: c5f8 77e8 

  0x000001d923f2465c: ; ImmutableOopMap {[48]=Oop [72]=Oop }
                      ;*aaload {reexecute=0 rethrow=0 return_oop=0}
                      ; - java.security.CodeSource::getCertificates@50
                      ; - java.lang.ClassLoader::checkCerts@34
                      ; - java.lang.ClassLoader::preDefineClass@113
                      ; - java.lang.ClassLoader::defineClass@4
                      ; - java.security.SecureClassLoader::defineClass@12
                      ; - java.net.URLClassLoader::defineClass@220
                      ; - java.net.URLClassLoader$1::run@43
  0x000001d923f2465c: a0ff 01ff 

  0x000001d923f24660: ;   {other}
  0x000001d923f24660: 0f1f 8400 | 50a1 00fa | baf6 ffff | ff66 6690 

  0x000001d923f24670: ;   {runtime_call UncommonTrapBlob}
  0x000001d923f24670: c5f8 77e8 

  0x000001d923f24674: ; ImmutableOopMap {[48]=Oop [72]=Oop }
                      ;*invokevirtual getSignerCertPath {reexecute=0 rethrow=0 return_oop=0}
                      ; - java.security.CodeSource::getCertificates@51
                      ; - java.lang.ClassLoader::checkCerts@34
                      ; - java.lang.ClassLoader::preDefineClass@113
                      ; - java.lang.ClassLoader::defineClass@4
                      ; - java.security.SecureClassLoader::defineClass@12
                      ; - java.net.URLClassLoader::defineClass@220
                      ; - java.net.URLClassLoader$1::run@43
  0x000001d923f24674: 88ff 01ff 

  0x000001d923f24678: ;   {other}
  0x000001d923f24678: 0f1f 8400 | 68a1 00fb | baf6 ffff | ff66 6690 

  0x000001d923f24688: ;   {runtime_call UncommonTrapBlob}
  0x000001d923f24688: c5f8 77e8 

  0x000001d923f2468c: ; ImmutableOopMap {[48]=Oop [72]=Oop }
                      ;*invokevirtual getCertificates {reexecute=0 rethrow=0 return_oop=0}
                      ; - java.security.CodeSource::getCertificates@54
                      ; - java.lang.ClassLoader::checkCerts@34
                      ; - java.lang.ClassLoader::preDefineClass@113
                      ; - java.lang.ClassLoader::defineClass@4
                      ; - java.security.SecureClassLoader::defineClass@12
                      ; - java.net.URLClassLoader::defineClass@220
                      ; - java.net.URLClassLoader$1::run@43
  0x000001d923f2468c: 70ff 01ff 

  0x000001d923f24690: ;   {other}
  0x000001d923f24690: 0f1f 8400 | 80a1 00fc | baf6 ffff | ff66 6690 

  0x000001d923f246a0: ;   {runtime_call UncommonTrapBlob}
  0x000001d923f246a0: c5f8 77e8 

  0x000001d923f246a4: ; ImmutableOopMap {[48]=Oop [72]=Oop }
                      ;*arraylength {reexecute=0 rethrow=0 return_oop=0}
                      ; - java.security.CodeSource::getCertificates@40
                      ; - java.lang.ClassLoader::checkCerts@34
                      ; - java.lang.ClassLoader::preDefineClass@113
                      ; - java.lang.ClassLoader::defineClass@4
                      ; - java.security.SecureClassLoader::defineClass@12
                      ; - java.net.URLClassLoader::defineClass@220
                      ; - java.net.URLClassLoader$1::run@43
  0x000001d923f246a4: 58ff 01ff 

  0x000001d923f246a8: ;   {other}
  0x000001d923f246a8: 0f1f 8400 | 98a1 00fd | ba97 ffff | ff48 8b6c | 2448 4c8b | 5424 304c | 8954 2420 | 4c8b 5424 
  0x000001d923f246c8: 384c 8954 | 2428 448b | 5c24 5444 | 895c 2430 | 448b 5c24 | 5044 895c | 2448 6690 

  0x000001d923f246e4: ;   {runtime_call UncommonTrapBlob}
  0x000001d923f246e4: c5f8 77e8 

  0x000001d923f246e8: ; ImmutableOopMap {rbp=Oop [32]=Oop [40]=Oop [72]=NarrowOop [104]=NarrowOop [108]=NarrowOop [112]=Oop [120]=Oop [140]=NarrowOop }
                      ;*invokevirtual clone {reexecute=1 rethrow=0 return_oop=0}
                      ; - (reexecute) java.util.Arrays::copyOfRange@18
                      ; - java.lang.StringLatin1::newString@16
                      ; - java.lang.String::substring@41
                      ; - java.lang.ClassLoader::checkCerts@21
                      ; - java.lang.ClassLoader::preDefineClass@113
                      ; - java.lang.ClassLoader::defineClass@4
                      ; - java.security.SecureClassLoader::defineClass@12
                      ; - java.net.URLClassLoader::defineClass@220
                      ; - java.net.URLClassLoader$1::run@43
  0x000001d923f246e8: 14ff 01ff 

  0x000001d923f246ec: ;   {other}
  0x000001d923f246ec: 0f1f 8400 | dca1 00fe | ba97 ffff | ff48 8b6c | 2448 48ff | 7424 3048 | 8f44 2428 | 4c8b 5424 
  0x000001d923f2470c: 384c 8954 | 2430 6690 

  0x000001d923f24714: ;   {runtime_call UncommonTrapBlob}
  0x000001d923f24714: c5f8 77e8 

  0x000001d923f24718: ; ImmutableOopMap {rbp=Oop [40]=Oop [80]=NarrowOop [84]=NarrowOop [96]=Oop [104]=NarrowOop [108]=NarrowOop }
                      ;*invokevirtual clone {reexecute=1 rethrow=0 return_oop=0}
                      ; - (reexecute) java.util.Arrays::copyOfRange@18
                      ; - java.lang.StringLatin1::newString@16
                      ; - java.lang.String::substring@41
                      ; - java.net.URLClassLoader::defineClass@28
                      ; - java.net.URLClassLoader$1::run@43
  0x000001d923f24718: e4fe 01ff 

  0x000001d923f2471c: ;   {other}
  0x000001d923f2471c: 0f1f 8400 | 0ca2 00ff | baf4 ffff | ff48 8b6c | 2448 4c8b | 5424 304c | 8954 2420 | 4c8b 5424 
  0x000001d923f2473c: 384c 8954 | 2428 448b | 5424 5044 | 8954 2444 

  0x000001d923f2474c: ;   {runtime_call UncommonTrapBlob}
  0x000001d923f2474c: c5f8 77e8 

  0x000001d923f24750: ; ImmutableOopMap {rbp=Oop [32]=Oop [40]=Oop [68]=NarrowOop [104]=NarrowOop [112]=Oop [120]=NarrowOop [128]=Oop }
                      ;*checkcast {reexecute=0 rethrow=0 return_oop=0}
                      ; - java.security.CodeSource::getCertificates@76
                      ; - java.lang.ClassLoader::checkCerts@34
                      ; - java.lang.ClassLoader::preDefineClass@113
                      ; - java.lang.ClassLoader::defineClass@4
                      ; - java.security.SecureClassLoader::defineClass@12
                      ; - java.net.URLClassLoader::defineClass@220
                      ; - java.net.URLClassLoader$1::run@43
  0x000001d923f24750: acfe 01ff 

  0x000001d923f24754: ;   {other}
  0x000001d923f24754: 0f1f 8400 | 0000 0000 | baf6 ffff | ff4c 8b54 | 2448 4c89 | 5424 204c | 896c 2428 | 4c8b 5424 
  0x000001d923f24774: 384c 8954 | 2430 448b | 5c24 4044 | 895c 2438 | 448b 5424 | 4444 8954 | 243c 448b | 5c24 5844 
  0x000001d923f24794: 895c 2448 | 4489 4424 | 5866 6690 

  0x000001d923f247a0: ;   {runtime_call UncommonTrapBlob}
  0x000001d923f247a0: c5f8 77e8 

  0x000001d923f247a4: ; ImmutableOopMap {[32]=Oop [40]=Oop [56]=NarrowOop [60]=NarrowOop [72]=NarrowOop [88]=NarrowOop [92]=NarrowOop [96]=Oop [248]=Oop }
                      ;*baload {reexecute=0 rethrow=0 return_oop=0}
                      ; - java.util.zip.ZipUtils::SH@2
                      ; - java.util.zip.ZipUtils::CENNAM@5
                      ; - java.util.zip.ZipFile::getEntryName@13
                      ; - java.util.zip.ZipFile::getManifestName@41
                      ; - java.util.zip.ZipFile$1::getManifestName@2
                      ; - java.util.jar.JarFile::maybeInstantiateVerifier@20
                      ; - java.util.jar.JarFile::ensureInitialization@1
                      ; - java.util.jar.JavaUtilJarAccessImpl::ensureInitialization@1
                      ; - jdk.internal.loader.URLClassPath$JarLoader$2::getManifest@10
                      ; - java.net.URLClassLoader::defineClass@34
                      ; - java.net.URLClassLoader$1::run@43
  0x000001d923f247a4: 58fe 01ff 

  0x000001d923f247a8: ;   {other}
  0x000001d923f247a8: 0f1f 8400 | 0000 0000 | baf6 ffff | ff48 8b6c | 2448 4c89 | 6c24 204c | 8b54 2438 | 4c89 5424 
  0x000001d923f247c8: 2844 8b5c | 2440 4489 | 5c24 3044 | 8b54 2444 | 4489 5424 | 344c 8b54 | 2460 4c89 | 5424 3844 
  0x000001d923f247e8: 8b5c 2458 | 4489 5c24 | 4044 8b54 | 245c 4489 | 5424 5890 

  0x000001d923f247fc: ;   {runtime_call UncommonTrapBlob}
  0x000001d923f247fc: c5f8 77e8 

  0x000001d923f24800: ; ImmutableOopMap {rbp=Oop [32]=Oop [48]=NarrowOop [52]=NarrowOop [56]=Oop [64]=NarrowOop [88]=NarrowOop [92]=NarrowOop [248]=Oop }
                      ;*invokevirtual isUTF8 {reexecute=0 rethrow=0 return_oop=0}
                      ; - java.util.zip.ZipFile$Source::zipCoderForPos@4
                      ; - java.util.zip.ZipFile::getEntryName@25
                      ; - java.util.zip.ZipFile::getManifestName@41
                      ; - java.util.zip.ZipFile$1::getManifestName@2
                      ; - java.util.jar.JarFile::maybeInstantiateVerifier@20
                      ; - java.util.jar.JarFile::ensureInitialization@1
                      ; - java.util.jar.JavaUtilJarAccessImpl::ensureInitialization@1
                      ; - jdk.internal.loader.URLClassPath$JarLoader$2::getManifest@10
                      ; - java.net.URLClassLoader::defineClass@34
                      ; - java.net.URLClassLoader$1::run@43
  0x000001d923f24800: fcfd 01ff 

  0x000001d923f24804: ;   {other}
  0x000001d923f24804: 0f1f 8400 | 0000 0000 | baf6 ffff | ff4c 8b4c | 2448 4c89 | 4c24 204c | 8954 2428 | 4c8b 5424 
  0x000001d923f24824: 384c 8954 | 2430 448b | 5424 5044 | 8954 2448 | 4c89 5c24 | 5044 8944 | 2458 4489 | 4424 5c90 
  0x000001d923f24844: ;   {runtime_call UncommonTrapBlob}
  0x000001d923f24844: c5f8 77e8 

  0x000001d923f24848: ; ImmutableOopMap {[32]=Oop [40]=Oop [72]=NarrowOop [80]=Oop [88]=NarrowOop [92]=NarrowOop [104]=NarrowOop [108]=NarrowOop [120]=Oop }
                      ;*baload {reexecute=0 rethrow=0 return_oop=0}
                      ; - java.util.zip.ZipUtils::SH@2
                      ; - java.util.zip.ZipUtils::CENNAM@5
                      ; - java.util.zip.ZipFile::getEntryName@13
                      ; - java.util.zip.ZipFile::getManifestName@41
                      ; - java.util.zip.ZipFile$1::getManifestName@2
                      ; - java.util.jar.JarFile::maybeInstantiateVerifier@20
                      ; - java.util.jar.JarFile$JarFileEntry::getCodeSigners@4
                      ; - jdk.internal.loader.URLClassPath$JarLoader$2::getCodeSigners@4
                      ; - java.net.URLClassLoader::defineClass@185
                      ; - java.net.URLClassLoader$1::run@43
  0x000001d923f24848: b4fd 01ff 

  0x000001d923f2484c: ;   {other}
  0x000001d923f2484c: 0f1f 8400 | 0000 0000 | baf6 ffff | ff48 8b6c | 2448 4c8b | 5424 304c | 8954 2420 | 4c8b 5424 
  0x000001d923f2486c: 384c 8954 | 2428 448b | 5424 5044 | 8954 2440 | 4489 4424 | 5066 6690 

  0x000001d923f24884: ;   {runtime_call UncommonTrapBlob}
  0x000001d923f24884: c5f8 77e8 

  0x000001d923f24888: ; ImmutableOopMap {rbp=Oop [32]=Oop [64]=NarrowOop [80]=NarrowOop [84]=NarrowOop [104]=NarrowOop [108]=NarrowOop [112]=Oop [120]=Oop }
                      ;*invokevirtual isUTF8 {reexecute=0 rethrow=0 return_oop=0}
                      ; - java.util.zip.ZipFile$Source::zipCoderForPos@4
                      ; - java.util.zip.ZipFile::getEntryName@25
                      ; - java.util.zip.ZipFile::getManifestName@41
                      ; - java.util.zip.ZipFile$1::getManifestName@2
                      ; - java.util.jar.JarFile::maybeInstantiateVerifier@20
                      ; - java.util.jar.JarFile$JarFileEntry::getCodeSigners@4
                      ; - jdk.internal.loader.URLClassPath$JarLoader$2::getCodeSigners@4
                      ; - java.net.URLClassLoader::defineClass@185
                      ; - java.net.URLClassLoader$1::run@43
  0x000001d923f24888: 74fd 01ff 

  0x000001d923f2488c: ;   {other}
  0x000001d923f2488c: 0f1f 8400 | 0000 0000 | ba97 ffff | ff48 8b6c | 2448 4c8b | 5424 304c | 8954 2420 | 4c8b 5424 
  0x000001d923f248ac: 384c 8954 | 2428 448b | 5c24 5444 | 895c 2430 | 448b 5424 | 5044 8954 | 2434 6690 

  0x000001d923f248c8: ;   {runtime_call UncommonTrapBlob}
  0x000001d923f248c8: c5f8 77e8 

  0x000001d923f248cc: ; ImmutableOopMap {rbp=Oop [32]=Oop [40]=Oop [52]=NarrowOop [104]=NarrowOop [112]=Oop [120]=NarrowOop [128]=Oop }
                      ;*invokevirtual clone {reexecute=1 rethrow=0 return_oop=0}
                      ; - (reexecute) java.security.CodeSource::getCertificates@11
                      ; - java.lang.ClassLoader::checkCerts@34
                      ; - java.lang.ClassLoader::preDefineClass@113
                      ; - java.lang.ClassLoader::defineClass@4
                      ; - java.security.SecureClassLoader::defineClass@12
                      ; - java.net.URLClassLoader::defineClass@220
                      ; - java.net.URLClassLoader$1::run@43
  0x000001d923f248cc: 30fd 01ff 

  0x000001d923f248d0: ;   {other}
  0x000001d923f248d0: 0f1f 8400 | 0000 0000 | ba97 ffff | ff4c 8b54 | 2438 4c89 | 5424 2890 

  0x000001d923f248e8: ;   {runtime_call UncommonTrapBlob}
  0x000001d923f248e8: c5f8 77e8 

  0x000001d923f248ec: ; ImmutableOopMap {[32]=Oop [72]=Oop [80]=NarrowOop [84]=NarrowOop [104]=NarrowOop [108]=NarrowOop [120]=Oop }
                      ;*invokevirtual clone {reexecute=1 rethrow=0 return_oop=0}
                      ; - (reexecute) java.util.jar.JarFile$JarFileEntry::getCodeSigners@70
                      ; - jdk.internal.loader.URLClassPath$JarLoader$2::getCodeSigners@4
                      ; - java.net.URLClassLoader::defineClass@185
                      ; - java.net.URLClassLoader$1::run@43
  0x000001d923f248ec: 10fd 01ff 

  0x000001d923f248f0: ;   {other}
  0x000001d923f248f0: 0f1f 8400 | 0000 0000 | ba97 ffff | ff48 8b6c | 2448 4c8b | 5424 304c | 8954 2420 | 4c8b 5424 
  0x000001d923f24910: 384c 8954 | 2428 6690 

  0x000001d923f24918: ;   {runtime_call UncommonTrapBlob}
  0x000001d923f24918: c5f8 77e8 

  0x000001d923f2491c: ; ImmutableOopMap {rbp=Oop [32]=Oop [80]=Oop [104]=NarrowOop [108]=NarrowOop [112]=Oop [120]=Oop }
                      ;*invokevirtual clone {reexecute=1 rethrow=0 return_oop=0}
                      ; - (reexecute) java.security.CodeSource::<init>@42
                      ; - java.net.URLClassLoader::defineClass@198
                      ; - java.net.URLClassLoader$1::run@43
  0x000001d923f2491c: e0fc 01ff 

  0x000001d923f24920: ;   {other}
  0x000001d923f24920: 0f1f 8400 | 0000 0000 | ba97 ffff | ff48 8b6c | 2448 4c8b | 5424 304c | 8954 2420 | 4c8b 5424 
  0x000001d923f24940: 384c 8954 | 2428 448b | 5c24 5444 | 895c 2430 | 448b 5c24 | 5044 895c | 2444 6690 

  0x000001d923f2495c: ;   {runtime_call UncommonTrapBlob}
  0x000001d923f2495c: c5f8 77e8 

  0x000001d923f24960: ; ImmutableOopMap {rbp=Oop [32]=Oop [40]=Oop [68]=NarrowOop [104]=NarrowOop [112]=Oop [120]=Oop [128]=Oop }
                      ;*invokevirtual clone {reexecute=1 rethrow=0 return_oop=0}
                      ; - (reexecute) java.security.CodeSource::getCertificates@86
                      ; - java.lang.ClassLoader::checkCerts@34
                      ; - java.lang.ClassLoader::preDefineClass@113
                      ; - java.lang.ClassLoader::defineClass@4
                      ; - java.security.SecureClassLoader::defineClass@12
                      ; - java.net.URLClassLoader::defineClass@220
                      ; - java.net.URLClassLoader$1::run@43
  0x000001d923f24960: 9cfc 01ff 

  0x000001d923f24964: ;   {other}
  0x000001d923f24964: 0f1f 8400 | 0000 0000 | ba97 ffff | ff48 8b6c | 2448 4c8b | 5424 304c | 8954 2420 | 4c8b 5424 
  0x000001d923f24984: 384c 8954 | 2428 448b | 5424 4044 | 8954 2430 | 448b 5c24 | 4444 895c | 2434 4c8b | 5424 604c 
  0x000001d923f249a4: 8954 2438 | 448b 5424 | 5844 8954 | 2440 448b | 5c24 5c44 | 895c 2458 | 4c8b 9424 | b000 0000 
  0x000001d923f249c4: 4c89 5424 | 7866 6690 

  0x000001d923f249cc: ;   {runtime_call UncommonTrapBlob}
  0x000001d923f249cc: c5f8 77e8 

  0x000001d923f249d0: ; ImmutableOopMap {rbp=Oop [32]=Oop [48]=NarrowOop [52]=NarrowOop [56]=Oop [64]=NarrowOop [88]=NarrowOop [92]=NarrowOop [108]=NarrowOop [120]=Oop [176]=Oop [248]=Oop }
                      ;*invokevirtual clone {reexecute=1 rethrow=0 return_oop=0}
                      ; - (reexecute) java.util.Arrays::copyOfRange@18
                      ; - java.lang.String::newStringUTF8NoRepl@59
                      ; - java.lang.System$2::newStringUTF8NoRepl@4
                      ; - java.util.zip.ZipCoder$UTF8ZipCoder::toString@6
                      ; - java.util.zip.ZipFile::getEntryName@38
                      ; - java.util.zip.ZipFile::getManifestName@41
                      ; - java.util.zip.ZipFile$1::getManifestName@2
                      ; - java.util.jar.JarFile::maybeInstantiateVerifier@20
                      ; - java.util.jar.JarFile::ensureInitialization@1
                      ; - java.util.jar.JavaUtilJarAccessImpl::ensureInitialization@1
                      ; - jdk.internal.loader.URLClassPath$JarLoader$2::getManifest@10
                      ; - java.net.URLClassLoader::defineClass@34
                      ; - java.net.URLClassLoader$1::run@43
  0x000001d923f249d0: 2cfc 01ff 

  0x000001d923f249d4: ;   {other}
  0x000001d923f249d4: 0f1f 8400 | 0000 0000 | ba97 ffff | ff48 8b6c | 2448 4c8b | 5424 304c | 8954 2420 | 4c8b 5424 
  0x000001d923f249f4: 384c 8954 | 2428 448b | 5424 6844 | 8954 2438 | 448b 5c24 | 5044 895c | 2440 448b | 5424 5444 
  0x000001d923f24a14: 8954 2450 | 4c8b 9424 | b000 0000 | 4c89 5424 | 6066 6690 

  0x000001d923f24a28: ;   {runtime_call UncommonTrapBlob}
  0x000001d923f24a28: c5f8 77e8 

  0x000001d923f24a2c: ; ImmutableOopMap {rbp=Oop [32]=Oop [56]=NarrowOop [64]=NarrowOop [80]=NarrowOop [84]=NarrowOop [96]=Oop [108]=NarrowOop [112]=Oop [120]=Oop [132]=NarrowOop [176]=Oop }
                      ;*invokevirtual clone {reexecute=1 rethrow=0 return_oop=0}
                      ; - (reexecute) java.util.Arrays::copyOfRange@18
                      ; - java.lang.String::newStringUTF8NoRepl@59
                      ; - java.lang.System$2::newStringUTF8NoRepl@4
                      ; - java.util.zip.ZipCoder$UTF8ZipCoder::toString@6
                      ; - java.util.zip.ZipFile::getEntryName@38
                      ; - java.util.zip.ZipFile::getManifestName@41
                      ; - java.util.zip.ZipFile$1::getManifestName@2
                      ; - java.util.jar.JarFile::maybeInstantiateVerifier@20
                      ; - java.util.jar.JarFile$JarFileEntry::getCodeSigners@4
                      ; - jdk.internal.loader.URLClassPath$JarLoader$2::getCodeSigners@4
                      ; - java.net.URLClassLoader::defineClass@185
                      ; - java.net.URLClassLoader$1::run@43
  0x000001d923f24a2c: d0fb 01ff 

  0x000001d923f24a30: ;   {other}
  0x000001d923f24a30: 0f1f 8400 | 0000 0000 | 488b d80f | 1f44 0000 | e913 0100 | 004c 8bd0 | e9c4 0100 | 0048 8bd8 
  0x000001d923f24a50: e903 0100 | 004c 8bd0 | e9b4 0100 | 0048 8bd8 | e9f3 0000 | 004c 8bd0 | e9a4 0100 | 0048 8bd8 
  0x000001d923f24a70: e93c 0300 | 0048 8bd8 | e9db 0000 | 004c 8bd0 | e98c 0100 | 0048 8bd8 | e9cb 0000 | 004c 8bd0 
  0x000001d923f24a90: e97c 0100 | 004c 8bd0 | e9d6 0600 | 004c 8bd0 | e9ce 0600 | 0048 8bd8 | e9ab 0000 | 0048 8bd8 
  0x000001d923f24ab0: e9a3 0000 | 004c 8bd0 | e954 0100 | 004c 8bd0 | e94c 0100 | 0048 8bd8 | e98b 0000 | 004c 8bd0 
  0x000001d923f24ad0: e93c 0100 | 0048 8bd8 | e914 0500 | 0048 8bd8 | e973 0000 | 0048 8bd8 | e96b 0000 | 004c 8bd0 
  0x000001d923f24af0: e91c 0100 | 004c 8bd0 | e914 0100 | 0048 8bd8 | e953 0000 | 004c 8bd0 | e904 0100 | 0048 8bd8 
  0x000001d923f24b10: 448b 5008 | 49b8 0000 | 0000 0800 | 0000 4d03 | c248 ff74 | 2430 488f | 4424 20e9 

  0x000001d923f24b2c: ;   {no_reloc}
  0x000001d923f24b2c: 6106 0000 | 488b d8e9 | b904 0000 | 488b d80f | 1f44 0000 | e9ac 0400 | 0048 8bd8 | e9a4 0400 
  0x000001d923f24b4c: 0048 8bd8 | e99c 0400 | 0048 8bd8 | 4c8b 5c24 | 2048 8d84 | 2410 0100 | 0048 8338 | 000f 8479 
  0x000001d923f24b6c: 0000 004d | 8b13 41f6 | c202 0f84 | 6200 0000 | 4983 ba86 | 0000 0000 | 7409 49ff | 8a86 0000 
  0x000001d923f24b8c: 00eb 4b49 | 8b82 9600 | 0000 490b | 828e 0000 | 0075 0a49 | c742 3e00 | 0000 00eb | 3d49 83ba 
  0x000001d923f24bac: 9e00 0000 | 0074 2248 | 33c0 49c7 | 423e 0000 | 0000 f083 | 0424 0049 | 83ba 9e00 | 0000 0075 
  0x000001d923f24bcc: 0df0 4d0f | b17a 3e75 | 0583 c801 | eb0c a800 | eb08 4c8b | 10f0 4d0f | b113 750a | 49ff 8f48 
  0x000001d923f24bec: 0500 0045 | 33d2 0f85 | f006 0000 | 448b 5b08 | 49ba 0000 | 0000 0800 | 0000 4d03 | d3e9 bb00 
  0x000001d923f24c0c: 0000 4c8b | d049 8bda | 458b 4208 | 49ba 0000 | 0000 0800 | 0000 4d03 | d0e9 7001 | 0000 4c8b 
  0x000001d923f24c2c: ;   {no_reloc}
  0x000001d923f24c2c: d0e9 8d02 | 0000 4889 | 4424 5848 | 8b6c 2428 | 4c8b 5424 | 404c 8954 | 2420 4c8b | 5424 384c 
  0x000001d923f24c4c: 8954 2428 | 488b 5424 | 6866 6690 

  0x000001d923f24c58: ;   {static_call}
  0x000001d923f24c58: c5f8 77e8 

  0x000001d923f24c5c: ; ImmutableOopMap {rbp=Oop [32]=Oop [48]=Oop [72]=Oop [80]=NarrowOop [88]=Oop [112]=Oop [120]=Oop [248]=Oop }
                      ;*invokestatic endInit {reexecute=0 rethrow=0 return_oop=0}
                      ; - java.util.jar.JarFile::ensureInitialization@53
                      ; - java.util.jar.JavaUtilJarAccessImpl::ensureInitialization@1
                      ; - jdk.internal.loader.URLClassPath$JarLoader$2::getManifest@10
                      ; - java.net.URLClassLoader::defineClass@34
                      ; - java.net.URLClassLoader$1::run@43
  0x000001d923f24c5c: 20a4 01ff 

  0x000001d923f24c60: ;   {other}
  0x000001d923f24c60: 0f1f 8400 | 0000 0000 | 4c8b 5424 | 5849 8bda | e93c 0100 | 0048 8bd8 | e934 0100 | 0048 8bd8 
  0x000001d923f24c80: e92c 0100 | 004c 8bd0 | e9e6 0400 | 0048 ff74 | 2430 488f | 4424 20e9 | f504 0000 | 4c8b d090 
  0x000001d923f24ca0: e9ce 0400 | 0048 8bd8 | e97f 0500 | 0048 8bd8 | e977 0500 | 0048 8bd8 | 448b 5808 | 49ba 0000 
  0x000001d923f24cc0: 0000 0800 | 0000 4d03 | d34d 8b52 

  0x000001d923f24ccc: ;   {metadata('java/io/IOException')}
  0x000001d923f24ccc: 4849 bbc8 | 3c09 0008 | 0000 004d | 3bd3 660f | 1f44 0000 | 0f85 f101 | 0000 488b | ebba 2a00 
  0x000001d923f24cec: 0000 4c8b | 5424 484c | 8954 2420 | 4c8b 5424 | 304c 8954 | 2428 4c8b | 5424 384c | 8954 2430 
  0x000001d923f24d0c: ;   {runtime_call UncommonTrapBlob}
  0x000001d923f24d0c: c5f8 77e8 

  0x000001d923f24d10: ; ImmutableOopMap {rbp=Oop [32]=Oop [40]=Oop [80]=NarrowOop [104]=NarrowOop [108]=NarrowOop [120]=Oop }
                      ;*new {reexecute=0 rethrow=0 return_oop=0}
                      ; - java.util.jar.JarFile$JarFileEntry::getCodeSigners@11
                      ; - jdk.internal.loader.URLClassPath$JarLoader$2::getCodeSigners@4
                      ; - java.net.URLClassLoader::defineClass@185
                      ; - java.net.URLClassLoader$1::run@43
  0x000001d923f24d10: ecf8 01ff 

  0x000001d923f24d14: ;   {other}
  0x000001d923f24d14: 0f1f 8400 | 0000 0000 | 4c8b d090 | e94e 0400 | 004c 8bd0 | e946 0400 | 0048 8bd8 | 448b 5808 
  0x000001d923f24d34: 49b8 0000 | 0000 0800 | 0000 4d03 | c348 896c | 2420 e946 | 0400 0048 | 8bd8 e9d9 | 0400 004c 
  0x000001d923f24d54: 8bd0 eb03 | 4c8b d049 | 8bda 458b | 5208 49b8 | 0000 0000 | 0800 0000 | 4d03 c248 | ff74 2430 
  0x000001d923f24d74: 488f 4424 | 20e9 1304 | 0000 4c8b | d0e9 ed03 | 0000 488b | d844 8b58 | 0849 ba00 | 0000 0008 
  0x000001d923f24d94: 0000 004d | 03d3 4d8b 

  0x000001d923f24d9c: ;   {metadata('java/io/IOException')}
  0x000001d923f24d9c: 5248 49bb | c83c 0900 | 0800 0000 | 4d3b d30f | 84eb 0400 | 004c 8b5c | 2478 488d | 8424 1001 
  0x000001d923f24dbc: 0000 4883 | 3800 0f84 | 7900 0000 | 4d8b 1341 | f6c2 020f | 8462 0000 | 0049 83ba | 8600 0000 
  0x000001d923f24ddc: 0074 0949 | ff8a 8600 | 0000 eb4b | 498b 8296 | 0000 0049 | 0b82 8e00 | 0000 750a | 49c7 423e 
  0x000001d923f24dfc: 0000 0000 | eb3d 4983 | ba9e 0000 | 0000 7422 | 4833 c049 | c742 3e00 | 0000 00f0 | 8304 2400 
  0x000001d923f24e1c: 4983 ba9e | 0000 0000 | 750d f04d | 0fb1 7a3e | 7505 83c8 | 01eb 0ca8 | 00eb 084c | 8b10 f04d 
  0x000001d923f24e3c: 0fb1 1375 | 0a49 ff8f | 4805 0000 | 4533 d20f | 8463 0200 | 0048 8b4c | 2478 488d | 9424 1001 
  0x000001d923f24e5c: 0000 4d8b | c7c5 f877 | 49ba 9065 | e73e f87f | 0000 41ff 

  0x000001d923f24e70: ;   {other}
  0x000001d923f24e70: d20f 1f84 | 0000 0000 | 00e9 3602 | 0000 488b | d844 8b50 | 0849 b800 | 0000 0008 | 0000 004d 
  0x000001d923f24e90: 03c2 4d8b | 5050 4c3b | d50f 85ee | fdff ff45 | 33c9 e9d1 | 0000 004c | 8bd0 eb03 | 4c8b d049 
  0x000001d923f24eb0: 8bda e975 | 0300 004c | 8bd0 eb03 | 4c8b d049 | 8bda e965 | 0300 004c | 8bd0 e9a4 | 0200 0048 
  0x000001d923f24ed0: 8bd8 eb03 | 488b d844 | 8b53 0849 | b800 0000 | 0008 0000 | 004d 03c2 | 48ff 7424 | 3048 8f44 
  0x000001d923f24ef0: 2420 e99a | 0200 004c | 8bd0 e974 | 0200 0048 | 8bd8 e9ea | 0000 0048 | 8944 2450 | 488b 6c24 
  0x000001d923f24f10: 284c 8b54 | 2438 4c89 | 5424 2848 | c7c2 ffff | ffff 6690 

  0x000001d923f24f24: ;   {static_call}
  0x000001d923f24f24: c5f8 77e8 

  0x000001d923f24f28: ; ImmutableOopMap {rbp=Oop [32]=Oop [48]=Oop [64]=NarrowOop [72]=Oop [80]=Oop [96]=Oop [112]=Oop }
                      ;*invokestatic end {reexecute=0 rethrow=0 return_oop=0}
                      ; - java.io.FileInputStream::open@19
                      ; - java.io.FileInputStream::<init>@96
                      ; - jdk.internal.loader.URLClassPath$FileLoader$1::getInputStream@8
                      ; - jdk.internal.loader.Resource::cachedInputStream@9
                      ; - jdk.internal.loader.Resource::getByteBuffer@1
                      ; - java.net.URLClassLoader::defineClass@132
                      ; - java.net.URLClassLoader$1::run@43
  0x000001d923f24f28: 54a1 01ff 

  0x000001d923f24f2c: ;   {other}
  0x000001d923f24f2c: 0f1f 8400 | 0000 0000 | 488b 5c24 | 50e9 b300 | 0000 4c8b | d0e9 2d02 | 0000 4c8b | d0e9 2502 
  0x000001d923f24f4c: 0000 4c8b | d0e9 d201 | 0000 488b | d844 8b58 | 0849 b800 | 0000 0008 | 0000 004d | 03c3 4d8b 
  0x000001d923f24f6c: 5050 4c3b | d575 544c | 8b4c 2420 | 488b 5424 | 284c 8b84 | 24f8 0000 | 0048 8b7c | 2470 6690 
  0x000001d923f24f8c: ;   {optimized virtual_call}
  0x000001d923f24f8c: c5f8 77e8 

  0x000001d923f24f90: ; ImmutableOopMap {[40]=Oop [48]=Oop [64]=Oop [72]=Oop [80]=NarrowOop [88]=Oop [104]=NarrowOop [108]=NarrowOop [248]=Oop }
                      ;*invokevirtual getAndVerifyPackage {reexecute=0 rethrow=0 return_oop=1}
                      ; - java.net.URLClassLoader::defineClass@97
                      ; - java.net.URLClassLoader$1::run@43
  0x000001d923f24f90: ec9a 01ff 

  0x000001d923f24f94: ;   {other}
  0x000001d923f24f94: 0f1f 8400 | 0000 0000 | 0f1f 4000 | 4885 c00f | 84dc 0200 | 004c 8b6c | 2430 4c8b | 7424 4044 
  0x000001d923f24fb4: 8b5c 2450 | 4c8b 4c24 | 5848 8b54 | 2460 e926 | 6cff ff48 | ff74 2430 | 488f 4424 | 20e9 bb01 
  0x000001d923f24fd4: 0000 4c8b | d0e9 9501 | 0000 4c8b | d0e9 8d01 | 0000 4c8b | d0e9 8501 | 0000 488b | d848 ff74 
  0x000001d923f24ff4: 2430 488f | 4424 2048 | 8d84 2410 | 0100 004c | 8b5c 2430 | 4883 3800 | 0f84 7900 | 0000 4d8b 
  0x000001d923f25014: 1341 f6c2 | 020f 8462 | 0000 0049 | 83ba 8600 | 0000 0074 | 0949 ff8a | 8600 0000 | eb4b 498b 
  0x000001d923f25034: 8296 0000 | 0049 0b82 | 8e00 0000 | 750a 49c7 | 423e 0000 | 0000 eb3d | 4983 ba9e | 0000 0000 
  0x000001d923f25054: 7422 4833 | c049 c742 | 3e00 0000 | 00f0 8304 | 2400 4983 | ba9e 0000 | 0000 750d | f04d 0fb1 
  0x000001d923f25074: 7a3e 7505 | 83c8 01eb | 0ca8 00eb | 084c 8b10 | f04d 0fb1 | 1375 0a49 | ff8f 4805 

  0x000001d923f25090: ;   {no_reloc}
  0x000001d923f25090: 0000 4533 | d20f 85bd | 0100 0044 | 8b53 0849 | b800 0000 | 0008 0000 | 004d 03c2 | e9e0 0000 
  0x000001d923f250b0: 0048 8bd8 | 448b 5308 | 49b8 0000 | 0000 0800 | 0000 4d03 | c248 ff74 | 2430 488f | 4424 20e9 
  0x000001d923f250d0: bd00 0000 | 4c8b d0e9 | 9700 0000 | 4c8b d090 | e98e 0000 | 004c 8bd0 | e986 0000 | 004c 8bd0 
  0x000001d923f250f0: e97e 0000 | 004c 8bd0 | e976 0000 | 0048 8bd8 | 448b 5808 | 49b8 0000 | 0000 0800 | 0000 4d03 
  0x000001d923f25110: c348 ff74 | 2430 488f | 4424 200f | 1f44 0000 | e96c 0000 | 004c 8bd0 | 498b da45 | 8b5a 0849 
  0x000001d923f25130: b800 0000 | 0008 0000 | 004d 03c3 | 48ff 7424 | 3048 8f44 | 2420 eb49 | 4c8b d0eb | 034c 8bd0 
  0x000001d923f25150: 498b da45 | 8b52 0849 | b800 0000 | 0008 0000 | 004d 03c2 | 48ff 7424 | 3048 8f44 | 2420 eb21 
  0x000001d923f25170: 4c8b d049 | 8bda 458b | 5a08 49b8 | 0000 0000 | 0800 0000 | 4d03 c348 | ff74 2430 | 488f 4424 
  0x000001d923f25190: ;   {no_reloc}
  0x000001d923f25190: 204d 8b50 

  0x000001d923f25194: ;   {metadata('java/io/IOException')}
  0x000001d923f25194: 4849 bbc8 | 3c09 0008 | 0000 0090 | 4d3b d30f | 8496 0000 | 004d 8b50 

  0x000001d923f251ac: ;   {metadata('java/lang/ClassFormatError')}
  0x000001d923f251ac: 5049 bb28 | 4026 0008 | 0000 004d | 3bd3 660f | 1f44 0000 | 0f85 6600 | 0000 488b | eb48 8b54 
  0x000001d923f251cc: 2420 c5f8 | 7748 b8ff | ffff ffff 

  0x000001d923f251d8: ;   {virtual_call}
  0x000001d923f251d8: ffff ffe8 

  0x000001d923f251dc: ; ImmutableOopMap {rbp=Oop [32]=Oop }
                      ;*invokevirtual getDataError {reexecute=0 rethrow=0 return_oop=1}
                      ; - java.net.URLClassLoader$1::run@63
  0x000001d923f251dc: a09b 01ff 

  0x000001d923f251e0: ;   {other}
  0x000001d923f251e0: 0f1f 8400 | 0000 0000 | 4885 c074 | 3748 8b54 | 2420 c5f8 | 7748 b8ff | ffff ffff 

  0x000001d923f251fc: ;   {virtual_call}
  0x000001d923f251fc: ffff ffe8 

  0x000001d923f25200: ; ImmutableOopMap {rbp=Oop }
                      ;*invokevirtual getDataError {reexecute=0 rethrow=0 return_oop=1}
                      ; - java.net.URLClassLoader$1::run@71
  0x000001d923f25200: 7c9b 01ff 

  0x000001d923f25204: ;   {other}
  0x000001d923f25204: 0f1f 8400 | 0000 0000 | 488b d54c | 8bc0 6690 

  0x000001d923f25214: ;   {optimized virtual_call}
  0x000001d923f25214: c5f8 77e8 

  0x000001d923f25218: ; ImmutableOopMap {rbp=Oop }
                      ;*invokevirtual addSuppressed {reexecute=0 rethrow=0 return_oop=0}
                      ; - java.net.URLClassLoader$1::run@74
  0x000001d923f25218: 6498 01ff 

  0x000001d923f2521c: ;   {other}
  0x000001d923f2521c: 0f1f 8400 | 0000 0000 | 488b d5eb | 0648 8bd8 | 488b d3c5 | f877 4881 | c430 0100 

  0x000001d923f25238: ;   {runtime_call _rethrow_Java}
  0x000001d923f25238: 005d e9c1 | 4b0e ff48 | 8beb ba2f | 0000 0090 

  0x000001d923f25248: ;   {runtime_call UncommonTrapBlob}
  0x000001d923f25248: c5f8 77e8 

  0x000001d923f2524c: ; ImmutableOopMap {rbp=Oop [72]=Oop }
                      ;*new {reexecute=0 rethrow=0 return_oop=0}
                      ; - java.net.URLClassLoader$1::run@48
  0x000001d923f2524c: b0f3 01ff 

  0x000001d923f25250: ;   {other}
  0x000001d923f25250: 0f1f 8400 | 0000 0000 | 488b 4c24 | 3048 8d94 | 2410 0100 | 004d 8bc7 | c5f8 7749 | ba90 65e7 
  0x000001d923f25270: 3ef8 7f00 | 0041 ffd2 

  0x000001d923f25278: ;   {other}
  0x000001d923f25278: 0f1f 8400 | 0000 0000 | e916 feff | ffba fd00 | 0000 6690 

  0x000001d923f2528c: ;   {runtime_call UncommonTrapBlob}
  0x000001d923f2528c: c5f8 77e8 

  0x000001d923f25290: ; ImmutableOopMap {[48]=Oop [72]=Oop [248]=Oop }
                      ;*new {reexecute=0 rethrow=0 return_oop=0}
                      ; - java.net.URLClassLoader::defineClass@103
                      ; - java.net.URLClassLoader$1::run@43
  0x000001d923f25290: 6cf3 01ff 

  0x000001d923f25294: ;   {other}
  0x000001d923f25294: 0f1f 8400 | 0000 0000 | 488b ebba | f201 0000 | 4c8b 5424 | 484c 8954 | 2420 4c8b | 5424 304c 
  0x000001d923f252b4: 8954 2428 | 4c8b 5424 | 384c 8954 | 2430 448b | 5424 4044 | 8954 2438 | 448b 5c24 | 4444 895c 
  0x000001d923f252d4: 243c 6690 

  0x000001d923f252d8: ;   {runtime_call UncommonTrapBlob}
  0x000001d923f252d8: c5f8 77e8 

  0x000001d923f252dc: ; ImmutableOopMap {rbp=Oop [32]=Oop [40]=Oop [56]=NarrowOop [60]=NarrowOop [88]=NarrowOop [92]=NarrowOop [96]=Oop [248]=Oop }
                      ;*new {reexecute=0 rethrow=0 return_oop=0}
                      ; - java.util.jar.JarFile::ensureInitialization@8
                      ; - java.util.jar.JavaUtilJarAccessImpl::ensureInitialization@1
                      ; - jdk.internal.loader.URLClassPath$JarLoader$2::getManifest@10
                      ; - java.net.URLClassLoader::defineClass@34
                      ; - java.net.URLClassLoader$1::run@43
  0x000001d923f252dc: 20f3 01ff 

  0x000001d923f252e0: ;   {other}
  0x000001d923f252e0: 0f1f 8400 | 0000 0000 | 498b cb48 | 8d94 2410 | 0100 004d | 8bc7 c5f8 | 7749 ba90 | 65e7 3ef8 
  0x000001d923f25300: 7f00 0041 

  0x000001d923f25304: ;   {other}
  0x000001d923f25304: ffd2 0f1f | 8400 0000 | 0000 e9e5 

  0x000001d923f25310: ;   {internal_word}
  0x000001d923f25310: f8ff ff49 | ba7d caf1 | 23d9 0100 | 004d 8997 | 6004 0000 

  0x000001d923f25324: ;   {runtime_call SafepointBlob}
  0x000001d923f25324: e9d7 0302 

  0x000001d923f25328: ;   {runtime_call StubRoutines (final stubs)}
  0x000001d923f25328: ffe8 3248 | 00ff e9cb | 5bff fff4 | f4f4 f4f4 
[Stub Code]
  0x000001d923f25338: ;   {no_reloc}
  0x000001d923f25338: 48bb 0000 | 0000 0000 

  0x000001d923f25340: ;   {runtime_call nmethod}
  0x000001d923f25340: 0000 e9fb 

  0x000001d923f25344: ;   {static_stub}
  0x000001d923f25344: ffff ff48 | bb00 0000 | 0000 0000 

  0x000001d923f25350: ;   {runtime_call nmethod}
  0x000001d923f25350: 00e9 fbff 

  0x000001d923f25354: ;   {static_stub}
  0x000001d923f25354: ffff 48bb | 0000 0000 | 0000 0000 

  0x000001d923f25360: ;   {runtime_call nmethod}
  0x000001d923f25360: e9fb ffff 

  0x000001d923f25364: ;   {static_stub}
  0x000001d923f25364: ff48 bb00 | 0000 0000 

  0x000001d923f2536c: ;   {runtime_call nmethod}
  0x000001d923f2536c: 0000 00e9 | fbff ffff 

  0x000001d923f25374: ;   {static_stub}
  0x000001d923f25374: 48bb 0000 | 0000 0000 

  0x000001d923f2537c: ;   {runtime_call nmethod}
  0x000001d923f2537c: 0000 e9fb 

  0x000001d923f25380: ;   {static_stub}
  0x000001d923f25380: ffff ff48 | bb00 0000 | 0000 0000 

  0x000001d923f2538c: ;   {runtime_call nmethod}
  0x000001d923f2538c: 00e9 fbff 

  0x000001d923f25390: ;   {static_stub}
  0x000001d923f25390: ffff 48bb | 0000 0000 | 0000 0000 

  0x000001d923f2539c: ;   {runtime_call nmethod}
  0x000001d923f2539c: e9fb ffff 

  0x000001d923f253a0: ;   {static_stub}
  0x000001d923f253a0: ff48 bb00 | 0000 0000 

  0x000001d923f253a8: ;   {runtime_call nmethod}
  0x000001d923f253a8: 0000 00e9 | fbff ffff 

  0x000001d923f253b0: ;   {static_stub}
  0x000001d923f253b0: 48bb 0000 | 0000 0000 

  0x000001d923f253b8: ;   {runtime_call nmethod}
  0x000001d923f253b8: 0000 e9fb 

  0x000001d923f253bc: ;   {static_stub}
  0x000001d923f253bc: ffff ff48 | bb00 0000 | 0000 0000 

  0x000001d923f253c8: ;   {runtime_call nmethod}
  0x000001d923f253c8: 00e9 fbff 

  0x000001d923f253cc: ;   {static_stub}
  0x000001d923f253cc: ffff 48bb | 0000 0000 | 0000 0000 

  0x000001d923f253d8: ;   {runtime_call nmethod}
  0x000001d923f253d8: e9fb ffff 

  0x000001d923f253dc: ;   {static_stub}
  0x000001d923f253dc: ff48 bb00 | 0000 0000 

  0x000001d923f253e4: ;   {runtime_call nmethod}
  0x000001d923f253e4: 0000 00e9 | fbff ffff 

  0x000001d923f253ec: ;   {static_stub}
  0x000001d923f253ec: 48bb 0000 | 0000 0000 

  0x000001d923f253f4: ;   {runtime_call nmethod}
  0x000001d923f253f4: 0000 e9fb 

  0x000001d923f253f8: ;   {static_stub}
  0x000001d923f253f8: ffff ff48 | bb00 0000 | 0000 0000 

  0x000001d923f25404: ;   {runtime_call nmethod}
  0x000001d923f25404: 00e9 fbff 

  0x000001d923f25408: ;   {static_stub}
  0x000001d923f25408: ffff 48bb | 0000 0000 | 0000 0000 

  0x000001d923f25414: ;   {runtime_call nmethod}
  0x000001d923f25414: e9fb ffff 

  0x000001d923f25418: ;   {static_stub}
  0x000001d923f25418: ff48 bb00 | 0000 0000 

  0x000001d923f25420: ;   {runtime_call nmethod}
  0x000001d923f25420: 0000 00e9 | fbff ffff 

  0x000001d923f25428: ;   {static_stub}
  0x000001d923f25428: 48bb 0000 | 0000 0000 

  0x000001d923f25430: ;   {runtime_call nmethod}
  0x000001d923f25430: 0000 e9fb 

  0x000001d923f25434: ;   {static_stub}
  0x000001d923f25434: ffff ff48 | bb00 0000 | 0000 0000 

  0x000001d923f25440: ;   {runtime_call nmethod}
  0x000001d923f25440: 00e9 fbff 

  0x000001d923f25444: ;   {static_stub}
  0x000001d923f25444: ffff 48bb | 0000 0000 | 0000 0000 

  0x000001d923f25450: ;   {runtime_call nmethod}
  0x000001d923f25450: e9fb ffff 

  0x000001d923f25454: ;   {static_stub}
  0x000001d923f25454: ff48 bb00 | 0000 0000 

  0x000001d923f2545c: ;   {runtime_call nmethod}
  0x000001d923f2545c: 0000 00e9 | fbff ffff 

  0x000001d923f25464: ;   {static_stub}
  0x000001d923f25464: 48bb 0000 | 0000 0000 

  0x000001d923f2546c: ;   {runtime_call nmethod}
  0x000001d923f2546c: 0000 e9fb 

  0x000001d923f25470: ;   {static_stub}
  0x000001d923f25470: ffff ff48 | bb00 0000 | 0000 0000 

  0x000001d923f2547c: ;   {runtime_call nmethod}
  0x000001d923f2547c: 00e9 fbff 

  0x000001d923f25480: ;   {static_stub}
  0x000001d923f25480: ffff 48bb | 0000 0000 | 0000 0000 

  0x000001d923f2548c: ;   {runtime_call nmethod}
  0x000001d923f2548c: e9fb ffff 

  0x000001d923f25490: ;   {static_stub}
  0x000001d923f25490: ff48 bb00 | 0000 0000 

  0x000001d923f25498: ;   {runtime_call nmethod}
  0x000001d923f25498: 0000 00e9 | fbff ffff 

  0x000001d923f254a0: ;   {static_stub}
  0x000001d923f254a0: 48bb 0000 | 0000 0000 

  0x000001d923f254a8: ;   {runtime_call nmethod}
  0x000001d923f254a8: 0000 e9fb 

  0x000001d923f254ac: ;   {static_stub}
  0x000001d923f254ac: ffff ff48 | bb00 0000 | 0000 0000 

  0x000001d923f254b8: ;   {runtime_call nmethod}
  0x000001d923f254b8: 00e9 fbff 

  0x000001d923f254bc: ;   {static_stub}
  0x000001d923f254bc: ffff 48bb | 0000 0000 | 0000 0000 

  0x000001d923f254c8: ;   {runtime_call nmethod}
  0x000001d923f254c8: e9fb ffff 

  0x000001d923f254cc: ;   {static_stub}
  0x000001d923f254cc: ff48 bb00 | 0000 0000 

  0x000001d923f254d4: ;   {runtime_call nmethod}
  0x000001d923f254d4: 0000 00e9 | fbff ffff 

  0x000001d923f254dc: ;   {static_stub}
  0x000001d923f254dc: 48bb 0000 | 0000 0000 

  0x000001d923f254e4: ;   {runtime_call nmethod}
  0x000001d923f254e4: 0000 e9fb 

  0x000001d923f254e8: ;   {static_stub}
  0x000001d923f254e8: ffff ff48 | bb00 0000 | 0000 0000 

  0x000001d923f254f4: ;   {runtime_call nmethod}
  0x000001d923f254f4: 00e9 fbff 

  0x000001d923f254f8: ;   {static_stub}
  0x000001d923f254f8: ffff 48bb | 0000 0000 | 0000 0000 

  0x000001d923f25504: ;   {runtime_call nmethod}
  0x000001d923f25504: e9fb ffff 

  0x000001d923f25508: ;   {static_stub}
  0x000001d923f25508: ff48 bb00 | 0000 0000 

  0x000001d923f25510: ;   {runtime_call nmethod}
  0x000001d923f25510: 0000 00e9 | fbff ffff 

  0x000001d923f25518: ;   {static_stub}
  0x000001d923f25518: 48bb 0000 | 0000 0000 

  0x000001d923f25520: ;   {runtime_call nmethod}
  0x000001d923f25520: 0000 e9fb 

  0x000001d923f25524: ;   {static_stub}
  0x000001d923f25524: ffff ff48 | bb00 0000 | 0000 0000 

  0x000001d923f25530: ;   {runtime_call nmethod}
  0x000001d923f25530: 00e9 fbff 

  0x000001d923f25534: ;   {static_stub}
  0x000001d923f25534: ffff 48bb | 0000 0000 | 0000 0000 

  0x000001d923f25540: ;   {runtime_call nmethod}
  0x000001d923f25540: e9fb ffff 

  0x000001d923f25544: ;   {static_stub}
  0x000001d923f25544: ff48 bb00 | 0000 0000 

  0x000001d923f2554c: ;   {runtime_call nmethod}
  0x000001d923f2554c: 0000 00e9 | fbff ffff 

  0x000001d923f25554: ;   {static_stub}
  0x000001d923f25554: 48bb 0000 | 0000 0000 

  0x000001d923f2555c: ;   {runtime_call nmethod}
  0x000001d923f2555c: 0000 e9fb 

  0x000001d923f25560: ;   {static_stub}
  0x000001d923f25560: ffff ff48 | bb00 0000 | 0000 0000 

  0x000001d923f2556c: ;   {runtime_call nmethod}
  0x000001d923f2556c: 00e9 fbff 

  0x000001d923f25570: ;   {static_stub}
  0x000001d923f25570: ffff 48bb | 0000 0000 | 0000 0000 

  0x000001d923f2557c: ;   {runtime_call nmethod}
  0x000001d923f2557c: e9fb ffff 

  0x000001d923f25580: ;   {static_stub}
  0x000001d923f25580: ff48 bb00 | 0000 0000 

  0x000001d923f25588: ;   {runtime_call nmethod}
  0x000001d923f25588: 0000 00e9 | fbff ffff 
[Exception Handler]
  0x000001d923f25590: ;   {runtime_call ExceptionBlob}
  0x000001d923f25590: e9eb 8f04 | ffe8 0000 | 0000 4883 

  0x000001d923f2559c: ;   {runtime_call DeoptimizationBlob}
  0x000001d923f2559c: 2c24 05e9 | fcf3 01ff | f4f4 f4f4 
[/MachCode]


Compiled method (c2) 45008 8939   !   4       java.net.URLClassLoader::findClass (47 bytes)
 total in heap  [0x000001d92364b290,0x000001d92364b980] = 1776
 relocation     [0x000001d92364b3f0,0x000001d92364b458] = 104
 main code      [0x000001d92364b460,0x000001d92364b6e0] = 640
 stub code      [0x000001d92364b6e0,0x000001d92364b728] = 72
 oops           [0x000001d92364b728,0x000001d92364b730] = 8
 metadata       [0x000001d92364b730,0x000001d92364b7c0] = 144
 scopes data    [0x000001d92364b7c0,0x000001d92364b850] = 144
 scopes pcs     [0x000001d92364b850,0x000001d92364b8e0] = 144
 dependencies   [0x000001d92364b8e0,0x000001d92364b908] = 40
 handler table  [0x000001d92364b908,0x000001d92364b980] = 120

[Constant Pool (empty)]

[MachCode]
[Entry Point]
  # {method} {0x000001d9400fa160} 'findClass' '(Ljava/lang/String;)Ljava/lang/Class;' in 'java/net/URLClassLoader'
  # this:     rdx:rdx   = 'java/net/URLClassLoader'
  # parm0:    r8:r8     = 'java/lang/String'
  #           [sp+0x30]  (sp of caller)
  0x000001d92364b460: 448b 5208 | 49bb 0000 | 0000 0800 | 0000 4d03 | d349 3bc2 

  0x000001d92364b474: ;   {runtime_call ic_miss_stub}
  0x000001d92364b474: 0f85 0633 | 8fff 6690 | 0f1f 4000 
[Verified Entry Point]
  0x000001d92364b480: 8984 2400 | 80ff ff55 | 4883 ec20 | 4181 7f20 | 1e00 0000 | 0f85 3802 | 0000 4c89 | 0424 488b 
  0x000001d92364b4a0: ea49 8b87 | b801 0000 | 4c8b d049 | 83c2 184d | 3b97 c801 | 0000 0f83 | 0c01 0000 | 4d89 97b8 
  0x000001d92364b4c0: 0100 0041 | 0f0d 8ac0 | 0000 0048 | c700 0100 

  0x000001d92364b4d0: ;   {metadata('java/net/URLClassLoader$1')}
  0x000001d92364b4d0: 0000 c740 | 08f0 230a | 0044 8960 | 144c 8bd5 | 49c1 ea03 | 4c8b 1c24 | 49c1 eb03 | 4489 580c 
  0x000001d92364b4f0: 4489 5010 | 4889 4424 | 0844 8b55 | 5866 6690 | 4585 d20f | 84b8 0000 | 004b 8d2c | d448 8bd5 
  0x000001d92364b510: ;   {static_call}
  0x000001d92364b510: 6666 90e8 

  0x000001d92364b514: ; ImmutableOopMap {rbp=Oop [0]=Oop [8]=Oop }
                      ;*invokestatic ensureMaterializedForStackWalk {reexecute=0 rethrow=0 return_oop=0}
                      ; - java.security.AccessController::executePrivileged@5
                      ; - java.security.AccessController::doPrivileged@13
                      ; - java.net.URLClassLoader::findClass@13
  0x000001d92364b514: 48ae e8ff 

  0x000001d92364b518: ;   {other}
  0x000001d92364b518: 0f1f 8400 | 8802 0000 | 488b 5424 

  0x000001d92364b524: ;   {optimized virtual_call}
  0x000001d92364b524: 0866 90e8 

  0x000001d92364b528: ; ImmutableOopMap {rbp=Oop [0]=Oop }
                      ;*invokevirtual run {reexecute=0 rethrow=0 return_oop=1}
                      ; - java.net.URLClassLoader$1::run@1
                      ; - java.security.AccessController::executePrivileged@29
                      ; - java.security.AccessController::doPrivileged@13
                      ; - java.net.URLClassLoader::findClass@13
  0x000001d92364b528: b4f9 8c00 

  0x000001d92364b52c: ;   {other}
  0x000001d92364b52c: 0f1f 8400 | 9c02 0001 | 4885 c074 | 1348 83c4 

  0x000001d92364b53c: ;   {poll_return}
  0x000001d92364b53c: 205d 493b | a748 0400 | 000f 8771 | 0100 00c3 | 498b 87b8 | 0100 004c | 8bd0 4983 | c228 660f 
  0x000001d92364b55c: 1f44 0000 | 4d3b 97c8 | 0100 000f | 8378 0000 | 004d 8997 | b801 0000 | 410f 0d8a | c000 0000 
  0x000001d92364b57c: 48c7 0001 

  0x000001d92364b580: ;   {metadata('java/lang/ClassNotFoundException')}
  0x000001d92364b580: 0000 00c7 | 4008 a04e | 0400 4489 | 600c 4c89 | 6010 4c89 | 6018 4c89 | 6020 488b | e848 8bd5 
  0x000001d92364b5a0: 4c8b 0424 

  0x000001d92364b5a4: ;   {optimized virtual_call}
  0x000001d92364b5a4: 4533 c9e8 

  0x000001d92364b5a8: ; ImmutableOopMap {rbp=Oop }
                      ;*invokespecial <init> {reexecute=0 rethrow=0 return_oop=0}
                      ; - java.lang.ClassNotFoundException::<init>@3
                      ; - java.net.URLClassLoader::findClass@41
  0x000001d92364b5a8: 54cb 2700 

  0x000001d92364b5ac: ;   {other}
  0x000001d92364b5ac: 0f1f 8400 | 1c03 0002 | 488b d548 | 83c4 205d 

  0x000001d92364b5bc: ;   {runtime_call _rethrow_Java}
  0x000001d92364b5bc: e93f e89b | ff33 ede9 | 58ff ffff 

  0x000001d92364b5c8: ;   {metadata('java/net/URLClassLoader$1')}
  0x000001d92364b5c8: 48ba f023 | 0a00 0800 

  0x000001d92364b5d0: ;   {runtime_call _new_instance_Java}
  0x000001d92364b5d0: 0000 90e8 

  0x000001d92364b5d4: ; ImmutableOopMap {rbp=Oop [0]=Oop }
                      ;*new {reexecute=0 rethrow=0 return_oop=1}
                      ; - java.net.URLClassLoader::findClass@0
  0x000001d92364b5d4: 289c 9bff 

  0x000001d92364b5d8: ;   {other}
  0x000001d92364b5d8: 0f1f 8400 | 4803 0003 | e9f8 feff 

  0x000001d92364b5e4: ;   {metadata('java/lang/ClassNotFoundException')}
  0x000001d92364b5e4: ff48 baa0 | 4e04 0008 | 0000 0048 

  0x000001d92364b5f0: ;   {runtime_call _new_instance_Java}
  0x000001d92364b5f0: 8b2c 24e8 

  0x000001d92364b5f4: ; ImmutableOopMap {rbp=Oop [0]=Oop }
                      ;*new {reexecute=0 rethrow=0 return_oop=1}
                      ; - java.net.URLClassLoader::findClass@36
  0x000001d92364b5f4: 089c 9bff 

  0x000001d92364b5f8: ;   {other}
  0x000001d92364b5f8: 0f1f 8400 | 6803 0004 | eb98 e995 | 0000 0044 

  0x000001d92364b608: ;   {metadata('java/security/PrivilegedActionException')}
  0x000001d92364b608: 8b50 0841 | 81fa 783f | 2400 0f85 | 8400 0000 | 488b e80f | 1f44 0000 | e965 0000 | 0044 8b58 
  0x000001d92364b628: 0849 ba00 | 0000 0008 | 0000 004d | 03d3 eb11 | 448b 5808 | 49ba 0000 | 0000 0800 | 0000 4d03 
  0x000001d92364b648: d34d 8b5a 

  0x000001d92364b64c: ;   {metadata('java/lang/RuntimeException')}
  0x000001d92364b64c: 4849 b840 | 3d04 0008 | 0000 004d | 3bd8 7509 | 488b d090 | e952 ffff | ff4d 8b52 

  0x000001d92364b668: ;   {metadata('java/lang/Exception')}
  0x000001d92364b668: 4049 b8d0 | 3a04 0008 | 0000 004d | 3bd0 742d 

  0x000001d92364b678: ;   {metadata('java/security/PrivilegedActionException')}
  0x000001d92364b678: 49ba 783f | 2400 0800 | 0000 4d3b | da75 1548 | 8be8 baad 

  0x000001d92364b68c: ;   {runtime_call UncommonTrapBlob}
  0x000001d92364b68c: ffff ffe8 

  0x000001d92364b690: ; ImmutableOopMap {rbp=Oop }
                      ;*invokevirtual getException {reexecute=0 rethrow=0 return_oop=0}
                      ; - java.net.URLClassLoader::findClass@25
  0x000001d92364b690: 6c8f 8fff 

  0x000001d92364b694: ;   {other}
  0x000001d92364b694: 0f1f 8400 | 0404 0005 | 488b d090 | e912 ffff | ff48 8be8 | ba91 0000 

  0x000001d92364b6ac: ;   {runtime_call UncommonTrapBlob}
  0x000001d92364b6ac: 0066 90e8 

  0x000001d92364b6b0: ; ImmutableOopMap {rbp=Oop [0]=Oop }
                      ;*new {reexecute=0 rethrow=0 return_oop=0}
                      ; - java.security.AccessController::wrapException@0
                      ; - java.security.AccessController::doPrivileged@22
                      ; - java.net.URLClassLoader::findClass@13
  0x000001d92364b6b0: 4c8f 8fff 

  0x000001d92364b6b4: ;   {other}
  0x000001d92364b6b4: 0f1f 8400 | 2404 0006 

  0x000001d92364b6bc: ;   {internal_word}
  0x000001d92364b6bc: 49ba 3eb5 | 6423 d901 | 0000 4d89 | 9760 0400 

  0x000001d92364b6cc: ;   {runtime_call SafepointBlob}
  0x000001d92364b6cc: 00e9 2ea0 

  0x000001d92364b6d0: ;   {runtime_call StubRoutines (final stubs)}
  0x000001d92364b6d0: 8fff e889 | e48d ffe9 | befd ffff | f4f4 f4f4 
[Stub Code]
  0x000001d92364b6e0: ;   {no_reloc}
  0x000001d92364b6e0: 48bb e028 | 7a40 d901 

  0x000001d92364b6e8: ;   {runtime_call I2C/C2I adapters}
  0x000001d92364b6e8: 0000 e974 

  0x000001d92364b6ec: ;   {static_stub}
  0x000001d92364b6ec: 7d8f ff48 | bb00 0000 | 0000 0000 

  0x000001d92364b6f8: ;   {runtime_call nmethod}
  0x000001d92364b6f8: 00e9 fbff 

  0x000001d92364b6fc: ;   {static_stub}
  0x000001d92364b6fc: ffff 48bb | 0000 0000 | 0000 0000 

  0x000001d92364b708: ;   {runtime_call nmethod}
  0x000001d92364b708: e9fb ffff 

  0x000001d92364b70c: ;   {runtime_call ExceptionBlob}
  0x000001d92364b70c: ffe9 6e2e | 92ff e800 | 0000 0048 | 832c 2405 

  0x000001d92364b71c: ;   {runtime_call DeoptimizationBlob}
  0x000001d92364b71c: e97f 928f | fff4 f4f4 | f4f4 f4f4 
[/MachCode]


---------------  P R O C E S S  ---------------

Threads class SMR info:
_java_thread_list=0x000001d9461a5380, length=87, elements={
0x000001d90dde7180, 0x000001d93fa9db30, 0x000001d93faa0790, 0x000001d93faa11e0,
0x000001d93faa1c30, 0x000001d93faa2680, 0x000001d93fa82530, 0x000001d93fa832b0,
0x000001d93fa8ccb0, 0x000001d93f760650, 0x000001d93fe15010, 0x000001d945a7d860,
0x000001d945a76d10, 0x000001d945b69a30, 0x000001d945ad9b40, 0x000001d945974820,
0x000001d94595fe40, 0x000001d9458793b0, 0x000001d945aaf660, 0x000001d9458864b0,
0x000001d945883d50, 0x000001d945885100, 0x000001d9458843e0, 0x000001d945885e20,
0x000001d945884a70, 0x000001d945886b40, 0x000001d945885790, 0x000001d9458871d0,
0x000001d9480f1c90, 0x000001d9480f4a80, 0x000001d9480f5e30, 0x000001d9480f7870,
0x000001d9480f3d60, 0x000001d9480f6b50, 0x000001d9480f0f70, 0x000001d9480f57a0,
0x000001d9480f64c0, 0x000001d9480f5110, 0x000001d9480f43f0, 0x000001d9480f71e0,
0x000001d9480f8590, 0x000001d9480f2320, 0x000001d9480f29b0, 0x000001d9480f3040,
0x000001d9495e7090, 0x000001d9495ecc70, 0x000001d9495e8440, 0x000001d9495ee020,
0x000001d9495e8ad0, 0x000001d9495ed990, 0x000001d9495eb8c0, 0x000001d9495e97f0,
0x000001d9495eb230, 0x000001d9495ed300, 0x000001d9495e9160, 0x000001d9495ebf50,
0x000001d9495ee6b0, 0x000001d9495e7720, 0x000001d9495e9e80, 0x000001d9495ea510,
0x000001d9495eaba0, 0x000001d948228960, 0x000001d9482226f0, 0x000001d948223aa0,
0x000001d948222d80, 0x000001d948223410, 0x000001d948224130, 0x000001d9482275b0,
0x000001d9482254e0, 0x000001d9482247c0, 0x000001d948226890, 0x000001d948227c40,
0x000001d948228ff0, 0x000001d9482282d0, 0x000001d948222060, 0x000001d948229680,
0x000001d948bb1310, 0x000001d948bb0c80, 0x000001d948baf8d0, 0x000001d948bb4790,
0x000001d948baff60, 0x000001d948bade90, 0x000001d948bb05f0, 0x000001d948bb4100,
0x000001d94a9dd3f0, 0x000001d94a9e22b0, 0x000001d94b19a010
}

Java Threads: ( => current thread )
  0x000001d90dde7180 JavaThread "main"                              [_thread_blocked, id=15300, stack(0x00000086ff000000,0x00000086ff100000) (1024K)]
  0x000001d93fa9db30 JavaThread "Reference Handler"          daemon [_thread_blocked, id=14332, stack(0x00000086ff800000,0x00000086ff900000) (1024K)]
  0x000001d93faa0790 JavaThread "Finalizer"                  daemon [_thread_blocked, id=12336, stack(0x00000086ff900000,0x00000086ffa00000) (1024K)]
  0x000001d93faa11e0 JavaThread "Signal Dispatcher"          daemon [_thread_blocked, id=9928, stack(0x00000086ffa00000,0x00000086ffb00000) (1024K)]
  0x000001d93faa1c30 JavaThread "Attach Listener"            daemon [_thread_blocked, id=1788, stack(0x00000086ffb00000,0x00000086ffc00000) (1024K)]
  0x000001d93faa2680 JavaThread "Service Thread"             daemon [_thread_blocked, id=484, stack(0x00000086ffc00000,0x00000086ffd00000) (1024K)]
  0x000001d93fa82530 JavaThread "Monitor Deflation Thread"   daemon [_thread_blocked, id=4596, stack(0x00000086ffd00000,0x00000086ffe00000) (1024K)]
  0x000001d93fa832b0 JavaThread "C2 CompilerThread0"         daemon [_thread_blocked, id=4732, stack(0x00000086ffe00000,0x00000086fff00000) (1024K)]
  0x000001d93fa8ccb0 JavaThread "C1 CompilerThread0"         daemon [_thread_blocked, id=11564, stack(0x00000086fff00000,0x0000008700000000) (1024K)]
  0x000001d93f760650 JavaThread "Common-Cleaner"             daemon [_thread_blocked, id=7640, stack(0x0000008680000000,0x0000008680100000) (1024K)]
  0x000001d93fe15010 JavaThread "Notification Thread"        daemon [_thread_blocked, id=13680, stack(0x0000008680100000,0x0000008680200000) (1024K)]
  0x000001d945a7d860 JavaThread "Daemon health stats"               [_thread_blocked, id=12264, stack(0x0000008680600000,0x0000008680700000) (1024K)]
  0x000001d945a76d10 JavaThread "Incoming local TCP Connector on port 55819"        [_thread_in_native, id=16260, stack(0x0000008680700000,0x0000008680800000) (1024K)]
  0x000001d945b69a30 JavaThread "Daemon periodic checks"            [_thread_blocked, id=13512, stack(0x0000008680800000,0x0000008680900000) (1024K)]
  0x000001d945ad9b40 JavaThread "Daemon"                            [_thread_blocked, id=8312, stack(0x0000008680900000,0x0000008680a00000) (1024K)]
  0x000001d945974820 JavaThread "Handler for socket connection from /127.0.0.1:55819 to /127.0.0.1:55820"        [_thread_in_native, id=11760, stack(0x0000008680a00000,0x0000008680b00000) (1024K)]
  0x000001d94595fe40 JavaThread "Cancel handler"                    [_thread_blocked, id=7408, stack(0x0000008680400000,0x0000008680500000) (1024K)]
=>0x000001d9458793b0 JavaThread "Daemon worker"                     [_thread_in_vm, id=14384, stack(0x0000008680b00000,0x0000008680c00000) (1024K)]
  0x000001d945aaf660 JavaThread "Asynchronous log dispatcher for DefaultDaemonConnection: socket connection from /127.0.0.1:55819 to /127.0.0.1:55820"        [_thread_blocked, id=15028, stack(0x0000008680c00000,0x0000008680d00000) (1024K)]
  0x000001d9458864b0 JavaThread "Stdin handler"                     [_thread_blocked, id=10896, stack(0x0000008680d00000,0x0000008680e00000) (1024K)]
  0x000001d945883d50 JavaThread "Daemon client event forwarder"        [_thread_blocked, id=14988, stack(0x0000008680e00000,0x0000008680f00000) (1024K)]
  0x000001d945885100 JavaThread "Cache worker for journal cache (C:\Users\Laiba\.gradle\caches\journal-1)"        [_thread_blocked, id=16172, stack(0x0000008680f00000,0x0000008681000000) (1024K)]
  0x000001d9458843e0 JavaThread "File lock request listener"        [_thread_in_native, id=6208, stack(0x0000008681000000,0x0000008681100000) (1024K)]
  0x000001d945885e20 JavaThread "Cache worker for file hash cache (C:\Users\Laiba\.gradle\caches\8.14\fileHashes)"        [_thread_blocked, id=6308, stack(0x0000008681200000,0x0000008681300000) (1024K)]
  0x000001d945884a70 JavaThread "Cache worker for file hash cache (C:\Users\Laiba\Downloads\lost_firebase (1)\lost_firebase\lost_firebase\android\.gradle\8.14\fileHashes)"        [_thread_blocked, id=11860, stack(0x0000008681300000,0x0000008681400000) (1024K)]
  0x000001d945886b40 JavaThread "Cache worker for Build Output Cleanup Cache (C:\Users\Laiba\Downloads\lost_firebase (1)\lost_firebase\lost_firebase\android\.gradle\buildOutputCleanup)"        [_thread_blocked, id=16296, stack(0x0000008681400000,0x0000008681500000) (1024K)]
  0x000001d945885790 JavaThread "File watcher server"        daemon [_thread_in_native, id=15344, stack(0x0000008681500000,0x0000008681600000) (1024K)]
  0x000001d9458871d0 JavaThread "File watcher consumer"      daemon [_thread_blocked, id=2216, stack(0x0000008681600000,0x0000008681700000) (1024K)]
  0x000001d9480f1c90 JavaThread "Cache worker for checksums cache (C:\Users\Laiba\Downloads\lost_firebase (1)\lost_firebase\lost_firebase\android\.gradle\8.14\checksums)"        [_thread_blocked, id=11440, stack(0x0000008681700000,0x0000008681800000) (1024K)]
  0x000001d9480f4a80 JavaThread "Cache worker for file content cache (C:\Users\Laiba\.gradle\caches\8.14\fileContent)"        [_thread_blocked, id=7228, stack(0x0000008681800000,0x0000008681900000) (1024K)]
  0x000001d9480f5e30 JavaThread "Cache worker for cache directory md-supplier (C:\Users\Laiba\.gradle\caches\8.14\md-supplier)"        [_thread_blocked, id=5672, stack(0x0000008681900000,0x0000008681a00000) (1024K)]
  0x000001d9480f7870 JavaThread "Cache worker for cache directory md-rule (C:\Users\Laiba\.gradle\caches\8.14\md-rule)"        [_thread_blocked, id=15724, stack(0x0000008681a00000,0x0000008681b00000) (1024K)]
  0x000001d9480f3d60 JavaThread "Cache worker for Build Output Cleanup Cache (C:\Users\Laiba\Downloads\flutter\packages\flutter_tools\gradle\.gradle\buildOutputCleanup)"        [_thread_blocked, id=9556, stack(0x0000008681b00000,0x0000008681c00000) (1024K)]
  0x000001d9480f6b50 JavaThread "Unconstrained build operations"        [_thread_blocked, id=7356, stack(0x0000008681d00000,0x0000008681e00000) (1024K)]
  0x000001d9480f0f70 JavaThread "Unconstrained build operations Thread 2"        [_thread_blocked, id=15332, stack(0x0000008681e00000,0x0000008681f00000) (1024K)]
  0x000001d9480f57a0 JavaThread "Unconstrained build operations Thread 3"        [_thread_blocked, id=12492, stack(0x0000008681f00000,0x0000008682000000) (1024K)]
  0x000001d9480f64c0 JavaThread "Unconstrained build operations Thread 4"        [_thread_blocked, id=10836, stack(0x0000008682000000,0x0000008682100000) (1024K)]
  0x000001d9480f5110 JavaThread "Unconstrained build operations Thread 5"        [_thread_blocked, id=11592, stack(0x0000008682100000,0x0000008682200000) (1024K)]
  0x000001d9480f43f0 JavaThread "Unconstrained build operations Thread 6"        [_thread_blocked, id=672, stack(0x0000008682200000,0x0000008682300000) (1024K)]
  0x000001d9480f71e0 JavaThread "Unconstrained build operations Thread 7"        [_thread_blocked, id=9672, stack(0x0000008682300000,0x0000008682400000) (1024K)]
  0x000001d9480f8590 JavaThread "Unconstrained build operations Thread 8"        [_thread_blocked, id=13156, stack(0x0000008682400000,0x0000008682500000) (1024K)]
  0x000001d9480f2320 JavaThread "Unconstrained build operations Thread 9"        [_thread_blocked, id=13112, stack(0x0000008682500000,0x0000008682600000) (1024K)]
  0x000001d9480f29b0 JavaThread "Memory manager"                    [_thread_blocked, id=1812, stack(0x0000008682600000,0x0000008682700000) (1024K)]
  0x000001d9480f3040 JavaThread "build event listener"              [_thread_blocked, id=13016, stack(0x0000008682700000,0x0000008682800000) (1024K)]
  0x000001d9495e7090 JavaThread "included builds"                   [_thread_blocked, id=14024, stack(0x0000008682800000,0x0000008682900000) (1024K)]
  0x000001d9495ecc70 JavaThread "Execution worker"                  [_thread_blocked, id=16292, stack(0x0000008682900000,0x0000008682a00000) (1024K)]
  0x000001d9495e8440 JavaThread "Execution worker Thread 2"         [_thread_blocked, id=15976, stack(0x0000008682a00000,0x0000008682b00000) (1024K)]
  0x000001d9495ee020 JavaThread "Execution worker Thread 3"         [_thread_blocked, id=11272, stack(0x0000008682b00000,0x0000008682c00000) (1024K)]
  0x000001d9495e8ad0 JavaThread "Cache worker for execution history cache (C:\Users\Laiba\Downloads\flutter\packages\flutter_tools\gradle\.gradle\8.14\executionHistory)"        [_thread_blocked, id=7008, stack(0x0000008682c00000,0x0000008682d00000) (1024K)]
  0x000001d9495ed990 JavaThread "Unconstrained build operations Thread 10"        [_thread_blocked, id=10632, stack(0x0000008682d00000,0x0000008682e00000) (1024K)]
  0x000001d9495eb8c0 JavaThread "Unconstrained build operations Thread 11"        [_thread_blocked, id=5724, stack(0x0000008682e00000,0x0000008682f00000) (1024K)]
  0x000001d9495e97f0 JavaThread "Unconstrained build operations Thread 12"        [_thread_blocked, id=13404, stack(0x0000008682f00000,0x0000008683000000) (1024K)]
  0x000001d9495eb230 JavaThread "Unconstrained build operations Thread 13"        [_thread_blocked, id=11920, stack(0x0000008683000000,0x0000008683100000) (1024K)]
  0x000001d9495ed300 JavaThread "Unconstrained build operations Thread 14"        [_thread_blocked, id=14692, stack(0x0000008683100000,0x0000008683200000) (1024K)]
  0x000001d9495e9160 JavaThread "Unconstrained build operations Thread 15"        [_thread_blocked, id=16144, stack(0x0000008683200000,0x0000008683300000) (1024K)]
  0x000001d9495ebf50 JavaThread "Unconstrained build operations Thread 16"        [_thread_blocked, id=10592, stack(0x0000008683300000,0x0000008683400000) (1024K)]
  0x000001d9495ee6b0 JavaThread "Unconstrained build operations Thread 17"        [_thread_blocked, id=5504, stack(0x0000008683400000,0x0000008683500000) (1024K)]
  0x000001d9495e7720 JavaThread "Unconstrained build operations Thread 18"        [_thread_blocked, id=812, stack(0x0000008683500000,0x0000008683600000) (1024K)]
  0x000001d9495e9e80 JavaThread "Unconstrained build operations Thread 19"        [_thread_blocked, id=4800, stack(0x0000008683600000,0x0000008683700000) (1024K)]
  0x000001d9495ea510 JavaThread "Unconstrained build operations Thread 20"        [_thread_blocked, id=12676, stack(0x0000008683700000,0x0000008683800000) (1024K)]
  0x000001d9495eaba0 JavaThread "Unconstrained build operations Thread 21"        [_thread_blocked, id=13728, stack(0x0000008683800000,0x0000008683900000) (1024K)]
  0x000001d948228960 JavaThread "Unconstrained build operations Thread 22"        [_thread_blocked, id=16104, stack(0x0000008683900000,0x0000008683a00000) (1024K)]
  0x000001d9482226f0 JavaThread "Unconstrained build operations Thread 23"        [_thread_blocked, id=7536, stack(0x0000008683a00000,0x0000008683b00000) (1024K)]
  0x000001d948223aa0 JavaThread "Unconstrained build operations Thread 24"        [_thread_blocked, id=8508, stack(0x0000008683b00000,0x0000008683c00000) (1024K)]
  0x000001d948222d80 JavaThread "Unconstrained build operations Thread 25"        [_thread_blocked, id=8944, stack(0x0000008683c00000,0x0000008683d00000) (1024K)]
  0x000001d948223410 JavaThread "Unconstrained build operations Thread 26"        [_thread_blocked, id=196, stack(0x0000008683d00000,0x0000008683e00000) (1024K)]
  0x000001d948224130 JavaThread "Unconstrained build operations Thread 27"        [_thread_blocked, id=10236, stack(0x0000008683e00000,0x0000008683f00000) (1024K)]
  0x000001d9482275b0 JavaThread "Unconstrained build operations Thread 28"        [_thread_blocked, id=5592, stack(0x0000008683f00000,0x0000008684000000) (1024K)]
  0x000001d9482254e0 JavaThread "Unconstrained build operations Thread 29"        [_thread_blocked, id=10420, stack(0x0000008684000000,0x0000008684100000) (1024K)]
  0x000001d9482247c0 JavaThread "jar transforms"                    [_thread_blocked, id=3068, stack(0x0000008684100000,0x0000008684200000) (1024K)]
  0x000001d948226890 JavaThread "Unconstrained build operations Thread 30"        [_thread_blocked, id=11572, stack(0x0000008684200000,0x0000008684300000) (1024K)]
  0x000001d948227c40 JavaThread "Unconstrained build operations Thread 31"        [_thread_blocked, id=14932, stack(0x0000008684300000,0x0000008684400000) (1024K)]
  0x000001d948228ff0 JavaThread "Unconstrained build operations Thread 32"        [_thread_blocked, id=13632, stack(0x0000008684400000,0x0000008684500000) (1024K)]
  0x000001d9482282d0 JavaThread "Unconstrained build operations Thread 33"        [_thread_blocked, id=7664, stack(0x0000008684500000,0x0000008684600000) (1024K)]
  0x000001d948222060 JavaThread "Unconstrained build operations Thread 34"        [_thread_blocked, id=8852, stack(0x0000008684600000,0x0000008684700000) (1024K)]
  0x000001d948229680 JavaThread "Unconstrained build operations Thread 35"        [_thread_blocked, id=11232, stack(0x0000008684700000,0x0000008684800000) (1024K)]
  0x000001d948bb1310 JavaThread "Unconstrained build operations Thread 36"        [_thread_blocked, id=14720, stack(0x0000008684800000,0x0000008684900000) (1024K)]
  0x000001d948bb0c80 JavaThread "Unconstrained build operations Thread 37"        [_thread_blocked, id=11028, stack(0x0000008684900000,0x0000008684a00000) (1024K)]
  0x000001d948baf8d0 JavaThread "Unconstrained build operations Thread 38"        [_thread_blocked, id=4436, stack(0x0000008684a00000,0x0000008684b00000) (1024K)]
  0x000001d948bb4790 JavaThread "jar transforms Thread 2"           [_thread_blocked, id=11824, stack(0x0000008684b00000,0x0000008684c00000) (1024K)]
  0x000001d948baff60 JavaThread "Problems report writer"            [_thread_blocked, id=15632, stack(0x0000008684c00000,0x0000008684d00000) (1024K)]
  0x000001d948bade90 JavaThread "jar transforms Thread 3"           [_thread_blocked, id=8476, stack(0x0000008684d00000,0x0000008684e00000) (1024K)]
  0x000001d948bb05f0 JavaThread "build event listener"              [_thread_blocked, id=3148, stack(0x0000008684e00000,0x0000008684f00000) (1024K)]
  0x000001d948bb4100 JavaThread "jar transforms Thread 4"           [_thread_blocked, id=8264, stack(0x0000008684f00000,0x0000008685000000) (1024K)]
  0x000001d94a9dd3f0 JavaThread "Unconstrained build operations Thread 39"        [_thread_blocked, id=13520, stack(0x0000008685000000,0x0000008685100000) (1024K)]
  0x000001d94a9e22b0 JavaThread "Unconstrained build operations Thread 40"        [_thread_blocked, id=8548, stack(0x0000008685100000,0x0000008685200000) (1024K)]
  0x000001d94b19a010 JavaThread "C2 CompilerThread1"         daemon [_thread_blocked, id=7768, stack(0x0000008681c00000,0x0000008681d00000) (1024K)]
Total: 87

Other Threads:
  0x000001d93f7f49e0 VMThread "VM Thread"                           [id=9552, stack(0x00000086ff700000,0x00000086ff800000) (1024K)]
  0x000001d93f75cfa0 WatcherThread "VM Periodic Task Thread"        [id=13644, stack(0x00000086ff600000,0x00000086ff700000) (1024K)]
  0x000001d91010d270 WorkerThread "GC Thread#0"                     [id=15504, stack(0x00000086ff100000,0x00000086ff200000) (1024K)]
  0x000001d9440c2570 WorkerThread "GC Thread#1"                     [id=9028, stack(0x0000008680200000,0x0000008680300000) (1024K)]
  0x000001d9440c2910 WorkerThread "GC Thread#2"                     [id=2572, stack(0x0000008680300000,0x0000008680400000) (1024K)]
  0x000001d94433e2b0 WorkerThread "GC Thread#3"                     [id=13456, stack(0x0000008680500000,0x0000008680600000) (1024K)]
  0x000001d91011f990 ConcurrentGCThread "G1 Main Marker"            [id=15720, stack(0x00000086ff200000,0x00000086ff300000) (1024K)]
  0x000001d9101229f0 WorkerThread "G1 Conc#0"                       [id=16376, stack(0x00000086ff300000,0x00000086ff400000) (1024K)]
  0x000001d93f634860 ConcurrentGCThread "G1 Refine#0"               [id=12284, stack(0x00000086ff400000,0x00000086ff500000) (1024K)]
  0x000001d93f6352f0 ConcurrentGCThread "G1 Service"                [id=13788, stack(0x00000086ff500000,0x00000086ff600000) (1024K)]
Total: 10

Threads with active compile tasks:
Total: 0

VM state: not at safepoint (normal execution)

VM Mutex/Monitor currently owned by a thread:  ([mutex/lock_event])
[0x00007ff83f2ec1a0] Metaspace_lock - owner thread: 0x000001d9458793b0

Heap address: 0x0000000600000000, size: 8192 MB, Compressed Oops mode: Zero based, Oop shift amount: 3

CDS archive(s) not mapped
Compressed class space mapped at: 0x0000000800000000-0x0000000840000000, reserved size: 1073741824
Narrow klass base: 0x0000000800000000, Narrow klass shift: 0, Narrow klass range: 0x40000000

GC Precious Log:
 CardTable entry size: 512
 Card Set container configuration: InlinePtr #cards 4 size 8 Array Of Cards #cards 32 size 80 Howl #buckets 8 coarsen threshold 7372 Howl Bitmap #cards 1024 size 144 coarsen threshold 921 Card regions per heap region 1 cards per card region 8192
 CPUs: 4 total, 4 available
 Memory: 8071M
 Large Page Support: Disabled
 NUMA Support: Disabled
 Compressed Oops: Enabled (Zero based)
 Heap Region Size: 4M
 Heap Min Capacity: 8M
 Heap Initial Capacity: 128M
 Heap Max Capacity: 8G
 Pre-touch: Disabled
 Parallel Workers: 4
 Concurrent Workers: 1
 Concurrent Refinement Workers: 4
 Periodic GC: Disabled

Heap:
 garbage-first heap   total 475136K, used 273071K [0x0000000600000000, 0x0000000800000000)
  region size 4096K, 18 young (73728K), 4 survivors (16384K)
 Metaspace       used 135775K, committed 138368K, reserved 1179648K
  class space    used 18438K, committed 19712K, reserved 1048576K

Heap Regions: E=young(eden), S=young(survivor), O=old, HS=humongous(starts), HC=humongous(continues), CS=collection set, F=free, TAMS=top-at-mark-start, PB=parsable bottom
|   0|0x0000000600000000, 0x0000000600400000, 0x0000000600400000|100%|HS|  |TAMS 0x0000000600000000| PB 0x0000000600000000| Complete 
|   1|0x0000000600400000, 0x0000000600800000, 0x0000000600800000|100%| O|  |TAMS 0x0000000600400000| PB 0x0000000600400000| Untracked 
|   2|0x0000000600800000, 0x0000000600c00000, 0x0000000600c00000|100%| O|  |TAMS 0x0000000600800000| PB 0x0000000600800000| Untracked 
|   3|0x0000000600c00000, 0x0000000600fc39b0, 0x0000000601000000| 94%| O|  |TAMS 0x0000000600c00000| PB 0x0000000600c00000| Untracked 
|   4|0x0000000601000000, 0x0000000601400000, 0x0000000601400000|100%| O|  |TAMS 0x0000000601000000| PB 0x0000000601000000| Untracked 
|   5|0x0000000601400000, 0x0000000601800000, 0x0000000601800000|100%| O|  |TAMS 0x0000000601400000| PB 0x0000000601400000| Untracked 
|   6|0x0000000601800000, 0x0000000601c00000, 0x0000000601c00000|100%| O|  |TAMS 0x0000000601800000| PB 0x0000000601800000| Untracked 
|   7|0x0000000601c00000, 0x0000000602000000, 0x0000000602000000|100%| O|  |TAMS 0x0000000601c00000| PB 0x0000000601c00000| Untracked 
|   8|0x0000000602000000, 0x0000000602400000, 0x0000000602400000|100%|HS|  |TAMS 0x0000000602000000| PB 0x0000000602000000| Complete 
|   9|0x0000000602400000, 0x0000000602800000, 0x0000000602800000|100%| O|  |TAMS 0x0000000602400000| PB 0x0000000602400000| Untracked 
|  10|0x0000000602800000, 0x0000000602c00000, 0x0000000602c00000|100%| O|  |TAMS 0x0000000602800000| PB 0x0000000602800000| Untracked 
|  11|0x0000000602c00000, 0x0000000603000000, 0x0000000603000000|100%|HS|  |TAMS 0x0000000602c00000| PB 0x0000000602c00000| Complete 
|  12|0x0000000603000000, 0x0000000603400000, 0x0000000603400000|100%| O|  |TAMS 0x0000000603000000| PB 0x0000000603000000| Untracked 
|  13|0x0000000603400000, 0x0000000603800000, 0x0000000603800000|100%| O|  |TAMS 0x0000000603400000| PB 0x0000000603400000| Untracked 
|  14|0x0000000603800000, 0x0000000603c00000, 0x0000000603c00000|100%| O|  |TAMS 0x0000000603800000| PB 0x0000000603800000| Untracked 
|  15|0x0000000603c00000, 0x0000000604000000, 0x0000000604000000|100%| O|  |TAMS 0x0000000603c00000| PB 0x0000000603c00000| Untracked 
|  16|0x0000000604000000, 0x0000000604400000, 0x0000000604400000|100%| O|  |TAMS 0x0000000604000000| PB 0x0000000604000000| Untracked 
|  17|0x0000000604400000, 0x0000000604800000, 0x0000000604800000|100%| O|  |TAMS 0x0000000604400000| PB 0x0000000604400000| Untracked 
|  18|0x0000000604800000, 0x0000000604c00000, 0x0000000604c00000|100%| O|  |TAMS 0x0000000604800000| PB 0x0000000604800000| Untracked 
|  19|0x0000000604c00000, 0x0000000605000000, 0x0000000605000000|100%| O|  |TAMS 0x0000000604c00000| PB 0x0000000604c00000| Untracked 
|  20|0x0000000605000000, 0x0000000605400000, 0x0000000605400000|100%| O|  |TAMS 0x0000000605000000| PB 0x0000000605000000| Untracked 
|  21|0x0000000605400000, 0x0000000605800000, 0x0000000605800000|100%| O|  |TAMS 0x0000000605400000| PB 0x0000000605400000| Untracked 
|  22|0x0000000605800000, 0x0000000605c00000, 0x0000000605c00000|100%| O|  |TAMS 0x0000000605800000| PB 0x0000000605800000| Untracked 
|  23|0x0000000605c00000, 0x0000000606000000, 0x0000000606000000|100%| O|  |TAMS 0x0000000605c00000| PB 0x0000000605c00000| Untracked 
|  24|0x0000000606000000, 0x0000000606400000, 0x0000000606400000|100%| O|  |TAMS 0x0000000606000000| PB 0x0000000606000000| Untracked 
|  25|0x0000000606400000, 0x0000000606800000, 0x0000000606800000|100%| O|  |TAMS 0x0000000606400000| PB 0x0000000606400000| Untracked 
|  26|0x0000000606800000, 0x0000000606c00000, 0x0000000606c00000|100%|HS|  |TAMS 0x0000000606800000| PB 0x0000000606800000| Complete 
|  27|0x0000000606c00000, 0x0000000607000000, 0x0000000607000000|100%| O|  |TAMS 0x0000000606c00000| PB 0x0000000606c00000| Untracked 
|  28|0x0000000607000000, 0x0000000607400000, 0x0000000607400000|100%| O|  |TAMS 0x0000000607000000| PB 0x0000000607000000| Untracked 
|  29|0x0000000607400000, 0x0000000607800000, 0x0000000607800000|100%| O|  |TAMS 0x0000000607400000| PB 0x0000000607400000| Untracked 
|  30|0x0000000607800000, 0x0000000607c00000, 0x0000000607c00000|100%| O|  |TAMS 0x0000000607800000| PB 0x0000000607800000| Untracked 
|  31|0x0000000607c00000, 0x0000000608000000, 0x0000000608000000|100%| O|  |TAMS 0x0000000607c00000| PB 0x0000000607c00000| Untracked 
|  32|0x0000000608000000, 0x0000000608400000, 0x0000000608400000|100%| O|  |TAMS 0x0000000608000000| PB 0x0000000608000000| Untracked 
|  33|0x0000000608400000, 0x0000000608800000, 0x0000000608800000|100%| O|  |TAMS 0x0000000608400000| PB 0x0000000608400000| Untracked 
|  34|0x0000000608800000, 0x0000000608c00000, 0x0000000608c00000|100%| O|  |TAMS 0x0000000608800000| PB 0x0000000608800000| Untracked 
|  35|0x0000000608c00000, 0x0000000609000000, 0x0000000609000000|100%| O|  |TAMS 0x0000000608c00000| PB 0x0000000608c00000| Untracked 
|  36|0x0000000609000000, 0x0000000609400000, 0x0000000609400000|100%| O|  |TAMS 0x0000000609000000| PB 0x0000000609000000| Untracked 
|  37|0x0000000609400000, 0x0000000609800000, 0x0000000609800000|100%| O|  |TAMS 0x0000000609400000| PB 0x0000000609400000| Untracked 
|  38|0x0000000609800000, 0x0000000609c00000, 0x0000000609c00000|100%| O|  |TAMS 0x0000000609800000| PB 0x0000000609800000| Untracked 
|  39|0x0000000609c00000, 0x000000060a000000, 0x000000060a000000|100%| O|  |TAMS 0x0000000609c00000| PB 0x0000000609c00000| Untracked 
|  40|0x000000060a000000, 0x000000060a400000, 0x000000060a400000|100%| O|  |TAMS 0x000000060a000000| PB 0x000000060a000000| Untracked 
|  41|0x000000060a400000, 0x000000060a800000, 0x000000060a800000|100%| O|  |TAMS 0x000000060a400000| PB 0x000000060a400000| Untracked 
|  42|0x000000060a800000, 0x000000060a800000, 0x000000060ac00000|  0%| F|  |TAMS 0x000000060a800000| PB 0x000000060a800000| Untracked 
|  43|0x000000060ac00000, 0x000000060b000000, 0x000000060b000000|100%| O|  |TAMS 0x000000060ac00000| PB 0x000000060ac00000| Untracked 
|  44|0x000000060b000000, 0x000000060b400000, 0x000000060b400000|100%| O|  |TAMS 0x000000060b000000| PB 0x000000060b000000| Untracked 
|  45|0x000000060b400000, 0x000000060b7372c0, 0x000000060b800000| 80%| O|  |TAMS 0x000000060b400000| PB 0x000000060b400000| Untracked 
|  46|0x000000060b800000, 0x000000060b800000, 0x000000060bc00000|  0%| F|  |TAMS 0x000000060b800000| PB 0x000000060b800000| Untracked 
|  47|0x000000060bc00000, 0x000000060c000000, 0x000000060c000000|100%|HS|  |TAMS 0x000000060bc00000| PB 0x000000060bc00000| Complete 
|  48|0x000000060c000000, 0x000000060c400000, 0x000000060c400000|100%| O|  |TAMS 0x000000060c000000| PB 0x000000060c000000| Untracked 
|  49|0x000000060c400000, 0x000000060c800000, 0x000000060c800000|100%| O|  |TAMS 0x000000060c400000| PB 0x000000060c400000| Untracked 
|  50|0x000000060c800000, 0x000000060cc00000, 0x000000060cc00000|100%| O|  |TAMS 0x000000060c800000| PB 0x000000060c800000| Untracked 
|  51|0x000000060cc00000, 0x000000060d000000, 0x000000060d000000|100%| O|  |TAMS 0x000000060cc00000| PB 0x000000060cc00000| Untracked 
|  52|0x000000060d000000, 0x000000060d000000, 0x000000060d400000|  0%| F|  |TAMS 0x000000060d000000| PB 0x000000060d000000| Untracked 
|  53|0x000000060d400000, 0x000000060d400000, 0x000000060d800000|  0%| F|  |TAMS 0x000000060d400000| PB 0x000000060d400000| Untracked 
|  54|0x000000060d800000, 0x000000060dbb1048, 0x000000060dc00000| 92%| S|CS|TAMS 0x000000060d800000| PB 0x000000060d800000| Complete 
|  55|0x000000060dc00000, 0x000000060e000000, 0x000000060e000000|100%| S|CS|TAMS 0x000000060dc00000| PB 0x000000060dc00000| Complete 
|  56|0x000000060e000000, 0x000000060e400000, 0x000000060e400000|100%| S|CS|TAMS 0x000000060e000000| PB 0x000000060e000000| Complete 
|  57|0x000000060e400000, 0x000000060e800000, 0x000000060e800000|100%| S|CS|TAMS 0x000000060e400000| PB 0x000000060e400000| Complete 
|  58|0x000000060e800000, 0x000000060e800000, 0x000000060ec00000|  0%| F|  |TAMS 0x000000060e800000| PB 0x000000060e800000| Untracked 
|  59|0x000000060ec00000, 0x000000060ec00000, 0x000000060f000000|  0%| F|  |TAMS 0x000000060ec00000| PB 0x000000060ec00000| Untracked 
|  60|0x000000060f000000, 0x000000060f000000, 0x000000060f400000|  0%| F|  |TAMS 0x000000060f000000| PB 0x000000060f000000| Untracked 
|  61|0x000000060f400000, 0x000000060f400000, 0x000000060f800000|  0%| F|  |TAMS 0x000000060f400000| PB 0x000000060f400000| Untracked 
|  62|0x000000060f800000, 0x000000060f800000, 0x000000060fc00000|  0%| F|  |TAMS 0x000000060f800000| PB 0x000000060f800000| Untracked 
|  63|0x000000060fc00000, 0x000000060fc00000, 0x0000000610000000|  0%| F|  |TAMS 0x000000060fc00000| PB 0x000000060fc00000| Untracked 
|  64|0x0000000610000000, 0x0000000610000000, 0x0000000610400000|  0%| F|  |TAMS 0x0000000610000000| PB 0x0000000610000000| Untracked 
|  65|0x0000000610400000, 0x0000000610400000, 0x0000000610800000|  0%| F|  |TAMS 0x0000000610400000| PB 0x0000000610400000| Untracked 
|  66|0x0000000610800000, 0x0000000610800000, 0x0000000610c00000|  0%| F|  |TAMS 0x0000000610800000| PB 0x0000000610800000| Untracked 
|  67|0x0000000610c00000, 0x0000000610c00000, 0x0000000611000000|  0%| F|  |TAMS 0x0000000610c00000| PB 0x0000000610c00000| Untracked 
|  68|0x0000000611000000, 0x0000000611000000, 0x0000000611400000|  0%| F|  |TAMS 0x0000000611000000| PB 0x0000000611000000| Untracked 
|  69|0x0000000611400000, 0x0000000611400000, 0x0000000611800000|  0%| F|  |TAMS 0x0000000611400000| PB 0x0000000611400000| Untracked 
|  70|0x0000000611800000, 0x0000000611800000, 0x0000000611c00000|  0%| F|  |TAMS 0x0000000611800000| PB 0x0000000611800000| Untracked 
|  71|0x0000000611c00000, 0x0000000611c00000, 0x0000000612000000|  0%| F|  |TAMS 0x0000000611c00000| PB 0x0000000611c00000| Untracked 
|  72|0x0000000612000000, 0x0000000612000000, 0x0000000612400000|  0%| F|  |TAMS 0x0000000612000000| PB 0x0000000612000000| Untracked 
|  73|0x0000000612400000, 0x0000000612400000, 0x0000000612800000|  0%| F|  |TAMS 0x0000000612400000| PB 0x0000000612400000| Untracked 
|  74|0x0000000612800000, 0x0000000612800000, 0x0000000612c00000|  0%| F|  |TAMS 0x0000000612800000| PB 0x0000000612800000| Untracked 
|  75|0x0000000612c00000, 0x0000000612c00000, 0x0000000613000000|  0%| F|  |TAMS 0x0000000612c00000| PB 0x0000000612c00000| Untracked 
|  76|0x0000000613000000, 0x0000000613000000, 0x0000000613400000|  0%| F|  |TAMS 0x0000000613000000| PB 0x0000000613000000| Untracked 
|  77|0x0000000613400000, 0x0000000613400000, 0x0000000613800000|  0%| F|  |TAMS 0x0000000613400000| PB 0x0000000613400000| Untracked 
|  78|0x0000000613800000, 0x0000000613800000, 0x0000000613c00000|  0%| F|  |TAMS 0x0000000613800000| PB 0x0000000613800000| Untracked 
|  79|0x0000000613c00000, 0x0000000613c00000, 0x0000000614000000|  0%| F|  |TAMS 0x0000000613c00000| PB 0x0000000613c00000| Untracked 
|  80|0x0000000614000000, 0x0000000614000000, 0x0000000614400000|  0%| F|  |TAMS 0x0000000614000000| PB 0x0000000614000000| Untracked 
|  81|0x0000000614400000, 0x0000000614400000, 0x0000000614800000|  0%| F|  |TAMS 0x0000000614400000| PB 0x0000000614400000| Untracked 
|  82|0x0000000614800000, 0x0000000614800000, 0x0000000614c00000|  0%| F|  |TAMS 0x0000000614800000| PB 0x0000000614800000| Untracked 
|  83|0x0000000614c00000, 0x0000000614c00000, 0x0000000615000000|  0%| F|  |TAMS 0x0000000614c00000| PB 0x0000000614c00000| Untracked 
|  84|0x0000000615000000, 0x0000000615000000, 0x0000000615400000|  0%| F|  |TAMS 0x0000000615000000| PB 0x0000000615000000| Untracked 
|  85|0x0000000615400000, 0x0000000615400000, 0x0000000615800000|  0%| F|  |TAMS 0x0000000615400000| PB 0x0000000615400000| Untracked 
|  86|0x0000000615800000, 0x0000000615800000, 0x0000000615c00000|  0%| F|  |TAMS 0x0000000615800000| PB 0x0000000615800000| Untracked 
|  87|0x0000000615c00000, 0x0000000615c00000, 0x0000000616000000|  0%| F|  |TAMS 0x0000000615c00000| PB 0x0000000615c00000| Untracked 
|  88|0x0000000616000000, 0x0000000616000000, 0x0000000616400000|  0%| F|  |TAMS 0x0000000616000000| PB 0x0000000616000000| Untracked 
|  89|0x0000000616400000, 0x0000000616400000, 0x0000000616800000|  0%| F|  |TAMS 0x0000000616400000| PB 0x0000000616400000| Untracked 
|  90|0x0000000616800000, 0x0000000616800000, 0x0000000616c00000|  0%| F|  |TAMS 0x0000000616800000| PB 0x0000000616800000| Untracked 
|  91|0x0000000616c00000, 0x0000000616c00000, 0x0000000617000000|  0%| F|  |TAMS 0x0000000616c00000| PB 0x0000000616c00000| Untracked 
|  92|0x0000000617000000, 0x0000000617000000, 0x0000000617400000|  0%| F|  |TAMS 0x0000000617000000| PB 0x0000000617000000| Untracked 
|  93|0x0000000617400000, 0x0000000617400000, 0x0000000617800000|  0%| F|  |TAMS 0x0000000617400000| PB 0x0000000617400000| Untracked 
|  94|0x0000000617800000, 0x0000000617800000, 0x0000000617c00000|  0%| F|  |TAMS 0x0000000617800000| PB 0x0000000617800000| Untracked 
|  95|0x0000000617c00000, 0x0000000617c00000, 0x0000000618000000|  0%| F|  |TAMS 0x0000000617c00000| PB 0x0000000617c00000| Untracked 
|  96|0x0000000618000000, 0x0000000618000000, 0x0000000618400000|  0%| F|  |TAMS 0x0000000618000000| PB 0x0000000618000000| Untracked 
|  97|0x0000000618400000, 0x0000000618400000, 0x0000000618800000|  0%| F|  |TAMS 0x0000000618400000| PB 0x0000000618400000| Untracked 
|  98|0x0000000618800000, 0x0000000618800000, 0x0000000618c00000|  0%| F|  |TAMS 0x0000000618800000| PB 0x0000000618800000| Untracked 
|  99|0x0000000618c00000, 0x0000000618c00000, 0x0000000619000000|  0%| F|  |TAMS 0x0000000618c00000| PB 0x0000000618c00000| Untracked 
| 100|0x0000000619000000, 0x0000000619000000, 0x0000000619400000|  0%| F|  |TAMS 0x0000000619000000| PB 0x0000000619000000| Untracked 
| 101|0x0000000619400000, 0x0000000619400000, 0x0000000619800000|  0%| F|  |TAMS 0x0000000619400000| PB 0x0000000619400000| Untracked 
| 102|0x0000000619800000, 0x00000006199927f0, 0x0000000619c00000| 39%| E|  |TAMS 0x0000000619800000| PB 0x0000000619800000| Complete 
| 103|0x0000000619c00000, 0x000000061a000000, 0x000000061a000000|100%| E|CS|TAMS 0x0000000619c00000| PB 0x0000000619c00000| Complete 
| 104|0x000000061a000000, 0x000000061a400000, 0x000000061a400000|100%| E|CS|TAMS 0x000000061a000000| PB 0x000000061a000000| Complete 
| 105|0x000000061a400000, 0x000000061a800000, 0x000000061a800000|100%| E|CS|TAMS 0x000000061a400000| PB 0x000000061a400000| Complete 
| 106|0x000000061a800000, 0x000000061ac00000, 0x000000061ac00000|100%| E|CS|TAMS 0x000000061a800000| PB 0x000000061a800000| Complete 
| 107|0x000000061ac00000, 0x000000061b000000, 0x000000061b000000|100%| E|CS|TAMS 0x000000061ac00000| PB 0x000000061ac00000| Complete 
| 108|0x000000061b000000, 0x000000061b400000, 0x000000061b400000|100%| E|CS|TAMS 0x000000061b000000| PB 0x000000061b000000| Complete 
| 109|0x000000061b400000, 0x000000061b800000, 0x000000061b800000|100%| E|CS|TAMS 0x000000061b400000| PB 0x000000061b400000| Complete 
| 110|0x000000061b800000, 0x000000061bc00000, 0x000000061bc00000|100%| E|CS|TAMS 0x000000061b800000| PB 0x000000061b800000| Complete 
| 111|0x000000061bc00000, 0x000000061c000000, 0x000000061c000000|100%| E|CS|TAMS 0x000000061bc00000| PB 0x000000061bc00000| Complete 
| 112|0x000000061c000000, 0x000000061c400000, 0x000000061c400000|100%| E|CS|TAMS 0x000000061c000000| PB 0x000000061c000000| Complete 
| 113|0x000000061c400000, 0x000000061c800000, 0x000000061c800000|100%| E|CS|TAMS 0x000000061c400000| PB 0x000000061c400000| Complete 
|2046|0x00000007ff800000, 0x00000007ffc00000, 0x00000007ffc00000|100%| E|CS|TAMS 0x00000007ff800000| PB 0x00000007ff800000| Complete 
|2047|0x00000007ffc00000, 0x0000000800000000, 0x0000000800000000|100%| E|CS|TAMS 0x00000007ffc00000| PB 0x00000007ffc00000| Complete 

Card table byte_map: [0x000001d9342d0000,0x000001d9352d0000] _byte_map_base: 0x000001d9312d0000

Marking Bits: (CMBitMap*) 0x000001d91010d720
 Bits: [0x000001d9352d0000, 0x000001d93d2d0000)

Polling page: 0x000001d90df20000

Metaspace:

Usage:
  Non-class:    114.59 MB used.
      Class:     18.01 MB used.
       Both:    132.59 MB used.

Virtual space:
  Non-class space:      128.00 MB reserved,     115.88 MB ( 91%) committed,  2 nodes.
      Class space:        1.00 GB reserved,      19.25 MB (  2%) committed,  1 nodes.
             Both:        1.12 GB reserved,     135.12 MB ( 12%) committed. 

Chunk freelists:
   Non-Class:  11.23 MB
       Class:  12.73 MB
        Both:  23.97 MB

MaxMetaspaceSize: 4.00 GB
CompressedClassSpaceSize: 1.00 GB
Initial GC threshold: 21.00 MB
Current GC threshold: 219.19 MB
CDS: off
 - commit_granule_bytes: 65536.
 - commit_granule_words: 8192.
 - virtual_space_node_default_size: 8388608.
 - enlarge_chunks_in_place: 1.
 - use_allocation_guard: 0.


Internal statistics:

num_allocs_failed_limit: 12.
num_arena_births: 4576.
num_arena_deaths: 0.
num_vsnodes_births: 3.
num_vsnodes_deaths: 0.
num_space_committed: 2162.
num_space_uncommitted: 0.
num_chunks_returned_to_freelist: 12.
num_chunks_taken_from_freelist: 10444.
num_chunk_merges: 9.
num_chunk_splits: 6842.
num_chunks_enlarged: 4406.
num_inconsistent_stats: 0.

CodeHeap 'non-profiled nmethods': size=259264Kb used=11138Kb max_used=11138Kb free=248125Kb
 bounds [0x000001d923490000, 0x000001d923f80000, 0x000001d9331c0000]
CodeHeap 'profiled nmethods': size=259264Kb used=26559Kb max_used=26559Kb free=232704Kb
 bounds [0x000001d9131c0000, 0x000001d914bc0000, 0x000001d922ef0000]
CodeHeap 'non-nmethods': size=5760Kb used=2999Kb max_used=3091Kb free=2760Kb
 bounds [0x000001d922ef0000, 0x000001d923230000, 0x000001d923490000]
 total_blobs=14940 nmethods=13860 adapters=983
 compilation: enabled
              stopped_count=0, restarted_count=0
 full_count=0

Compilation events (20 events):
Event: 44.525 Thread 0x000001d93fa8ccb0 16890       3       groovyjarjarasm.asm.ClassReader::readInt (52 bytes)
Event: 44.526 Thread 0x000001d93fa8ccb0 nmethod 16890 0x000001d914bae110 code [0x000001d914bae2c0, 0x000001d914bae498]
Event: 44.527 Thread 0x000001d94b19a010 16891       4       jdk.internal.module.ModuleReferenceImpl::hashCode (56 bytes)
Event: 44.527 Thread 0x000001d93fa8ccb0 16892       3       java.lang.String::lastIndexOf (29 bytes)
Event: 44.527 Thread 0x000001d93fa8ccb0 nmethod 16892 0x000001d914bae610 code [0x000001d914bae7e0, 0x000001d914baea88]
Event: 44.531 Thread 0x000001d94b19a010 nmethod 16891 0x000001d923f6f990 code [0x000001d923f6fba0, 0x000001d923f6ff28]
Event: 44.531 Thread 0x000001d93fa8ccb0 16893       3       org.codehaus.groovy.ast.expr.Expression::<init> (12 bytes)
Event: 44.531 Thread 0x000001d93fa8ccb0 nmethod 16893 0x000001d914baeb90 code [0x000001d914baed60, 0x000001d914baf0e0]
Event: 44.531 Thread 0x000001d93fa8ccb0 16894       3       org.codehaus.groovy.ast.ClassNode::getName (8 bytes)
Event: 44.531 Thread 0x000001d93fa8ccb0 nmethod 16894 0x000001d914baf210 code [0x000001d914baf3e0, 0x000001d914baf818]
Event: 44.531 Thread 0x000001d93fa8ccb0 16895       3       org.codehaus.groovy.ast.ClassHelper::make (58 bytes)
Event: 44.532 Thread 0x000001d93fa8ccb0 nmethod 16895 0x000001d914baf990 code [0x000001d914bafba0, 0x000001d914bb0060]
Event: 44.532 Thread 0x000001d93fa8ccb0 16896       3       org.codehaus.groovy.ast.ClassNode::getText (5 bytes)
Event: 44.533 Thread 0x000001d93fa8ccb0 nmethod 16896 0x000001d914bb0290 code [0x000001d914bb0460, 0x000001d914bb0970]
Event: 44.534 Thread 0x000001d93fa8ccb0 16897       1       org.codehaus.groovy.ast.ClassNode::isGenericsPlaceHolder (5 bytes)
Event: 44.534 Thread 0x000001d93fa8ccb0 nmethod 16897 0x000001d923f70290 code [0x000001d923f70420, 0x000001d923f704f0]
Event: 44.537 Thread 0x000001d93fa8ccb0 16898       1       org.codehaus.groovy.ast.ASTNode::getLineNumber (5 bytes)
Event: 44.537 Thread 0x000001d93fa8ccb0 nmethod 16898 0x000001d923f70590 code [0x000001d923f70720, 0x000001d923f707e8]
Event: 44.537 Thread 0x000001d93fa8ccb0 16899       1       org.codehaus.groovy.ast.ASTNode::getColumnNumber (5 bytes)
Event: 44.537 Thread 0x000001d93fa8ccb0 nmethod 16899 0x000001d923f70890 code [0x000001d923f70a20, 0x000001d923f70ae8]

GC Heap History (20 events):
Event: 35.217 GC heap before
{Heap before GC invocations=51 (full 0):
 garbage-first heap   total 245760K, used 216192K [0x0000000600000000, 0x0000000800000000)
  region size 4096K, 21 young (86016K), 3 survivors (12288K)
 Metaspace       used 128655K, committed 130944K, reserved 1179648K
  class space    used 17370K, committed 18496K, reserved 1048576K
}
Event: 35.237 GC heap after
{Heap after GC invocations=52 (full 0):
 garbage-first heap   total 245760K, used 149736K [0x0000000600000000, 0x0000000800000000)
  region size 4096K, 3 young (12288K), 3 survivors (12288K)
 Metaspace       used 128655K, committed 130944K, reserved 1179648K
  class space    used 17370K, committed 18496K, reserved 1048576K
}
Event: 36.077 GC heap before
{Heap before GC invocations=52 (full 0):
 garbage-first heap   total 245760K, used 219368K [0x0000000600000000, 0x0000000800000000)
  region size 4096K, 20 young (81920K), 3 survivors (12288K)
 Metaspace       used 129272K, committed 131648K, reserved 1179648K
  class space    used 17458K, committed 18624K, reserved 1048576K
}
Event: 36.092 GC heap after
{Heap after GC invocations=53 (full 0):
 garbage-first heap   total 245760K, used 157832K [0x0000000600000000, 0x0000000800000000)
  region size 4096K, 3 young (12288K), 3 survivors (12288K)
 Metaspace       used 129272K, committed 131648K, reserved 1179648K
  class space    used 17458K, committed 18624K, reserved 1048576K
}
Event: 37.039 GC heap before
{Heap before GC invocations=54 (full 0):
 garbage-first heap   total 266240K, used 215176K [0x0000000600000000, 0x0000000800000000)
  region size 4096K, 17 young (69632K), 3 survivors (12288K)
 Metaspace       used 130512K, committed 132928K, reserved 1179648K
  class space    used 17686K, committed 18880K, reserved 1048576K
}
Event: 37.053 GC heap after
{Heap after GC invocations=55 (full 0):
 garbage-first heap   total 266240K, used 163533K [0x0000000600000000, 0x0000000800000000)
  region size 4096K, 2 young (8192K), 2 survivors (8192K)
 Metaspace       used 130512K, committed 132928K, reserved 1179648K
  class space    used 17686K, committed 18880K, reserved 1048576K
}
Event: 37.889 GC heap before
{Heap before GC invocations=55 (full 0):
 garbage-first heap   total 266240K, used 233165K [0x0000000600000000, 0x0000000800000000)
  region size 4096K, 20 young (81920K), 2 survivors (8192K)
 Metaspace       used 130672K, committed 133056K, reserved 1179648K
  class space    used 17702K, committed 18880K, reserved 1048576K
}
Event: 37.905 GC heap after
{Heap after GC invocations=56 (full 0):
 garbage-first heap   total 319488K, used 166124K [0x0000000600000000, 0x0000000800000000)
  region size 4096K, 2 young (8192K), 2 survivors (8192K)
 Metaspace       used 130672K, committed 133056K, reserved 1179648K
  class space    used 17702K, committed 18880K, reserved 1048576K
}
Event: 38.912 GC heap before
{Heap before GC invocations=56 (full 0):
 garbage-first heap   total 319488K, used 264428K [0x0000000600000000, 0x0000000800000000)
  region size 4096K, 28 young (114688K), 2 survivors (8192K)
 Metaspace       used 130794K, committed 133184K, reserved 1179648K
  class space    used 17718K, committed 18880K, reserved 1048576K
}
Event: 38.924 GC heap after
{Heap after GC invocations=57 (full 0):
 garbage-first heap   total 319488K, used 171272K [0x0000000600000000, 0x0000000800000000)
  region size 4096K, 3 young (12288K), 3 survivors (12288K)
 Metaspace       used 130794K, committed 133184K, reserved 1179648K
  class space    used 17718K, committed 18880K, reserved 1048576K
}
Event: 40.647 GC heap before
{Heap before GC invocations=58 (full 0):
 garbage-first heap   total 319488K, used 285960K [0x0000000600000000, 0x0000000800000000)
  region size 4096K, 31 young (126976K), 3 survivors (12288K)
 Metaspace       used 131670K, committed 134208K, reserved 1179648K
  class space    used 17816K, committed 19008K, reserved 1048576K
}
Event: 40.672 GC heap after
{Heap after GC invocations=59 (full 0):
 garbage-first heap   total 319488K, used 188430K [0x0000000600000000, 0x0000000800000000)
  region size 4096K, 4 young (16384K), 4 survivors (16384K)
 Metaspace       used 131670K, committed 134208K, reserved 1179648K
  class space    used 17816K, committed 19008K, reserved 1048576K
}
Event: 41.443 GC heap before
{Heap before GC invocations=59 (full 0):
 garbage-first heap   total 319488K, used 278542K [0x0000000600000000, 0x0000000800000000)
  region size 4096K, 26 young (106496K), 4 survivors (16384K)
 Metaspace       used 131895K, committed 134464K, reserved 1179648K
  class space    used 17843K, committed 19072K, reserved 1048576K
}
Event: 41.468 GC heap after
{Heap after GC invocations=60 (full 0):
 garbage-first heap   total 323584K, used 203380K [0x0000000600000000, 0x0000000800000000)
  region size 4096K, 4 young (16384K), 4 survivors (16384K)
 Metaspace       used 131895K, committed 134464K, reserved 1179648K
  class space    used 17843K, committed 19072K, reserved 1048576K
}
Event: 41.977 GC heap before
{Heap before GC invocations=60 (full 0):
 garbage-first heap   total 323584K, used 277108K [0x0000000600000000, 0x0000000800000000)
  region size 4096K, 23 young (94208K), 4 survivors (16384K)
 Metaspace       used 131971K, committed 134528K, reserved 1179648K
  class space    used 17848K, committed 19072K, reserved 1048576K
}
Event: 41.989 GC heap after
{Heap after GC invocations=61 (full 0):
 garbage-first heap   total 323584K, used 208908K [0x0000000600000000, 0x0000000800000000)
  region size 4096K, 2 young (8192K), 2 survivors (8192K)
 Metaspace       used 131971K, committed 134528K, reserved 1179648K
  class space    used 17848K, committed 19072K, reserved 1048576K
}
Event: 42.744 GC heap before
{Heap before GC invocations=62 (full 0):
 garbage-first heap   total 356352K, used 290828K [0x0000000600000000, 0x0000000800000000)
  region size 4096K, 22 young (90112K), 2 survivors (8192K)
 Metaspace       used 132116K, committed 134656K, reserved 1179648K
  class space    used 17863K, committed 19072K, reserved 1048576K
}
Event: 42.756 GC heap after
{Heap after GC invocations=63 (full 0):
 garbage-first heap   total 356352K, used 212849K [0x0000000600000000, 0x0000000800000000)
  region size 4096K, 3 young (12288K), 3 survivors (12288K)
 Metaspace       used 132116K, committed 134656K, reserved 1179648K
  class space    used 17863K, committed 19072K, reserved 1048576K
}
Event: 43.970 GC heap before
{Heap before GC invocations=63 (full 0):
 garbage-first heap   total 356352K, used 311153K [0x0000000600000000, 0x0000000800000000)
  region size 4096K, 28 young (114688K), 3 survivors (12288K)
 Metaspace       used 135106K, committed 137728K, reserved 1179648K
  class space    used 18368K, committed 19648K, reserved 1048576K
}
Event: 43.994 GC heap after
{Heap after GC invocations=64 (full 0):
 garbage-first heap   total 475136K, used 219823K [0x0000000600000000, 0x0000000800000000)
  region size 4096K, 4 young (16384K), 4 survivors (16384K)
 Metaspace       used 135106K, committed 137728K, reserved 1179648K
  class space    used 18368K, committed 19648K, reserved 1048576K
}

Dll operation events (3 events):
Event: 0.024 Loaded shared library C:\Program Files\Android\Android Studio\jbr\bin\java.dll
Event: 0.031 Loaded shared library C:\Program Files\Android\Android Studio\jbr\bin\zip.dll
Event: 0.880 Loaded shared library C:\Program Files\Android\Android Studio\jbr\bin\verify.dll

Deoptimization events (20 events):
Event: 44.478 Thread 0x000001d9458793b0 Uncommon trap: trap_request=0xffffff6e fr.pc=0x000001d9236702ec relative=0x00000000000001cc
Event: 44.478 Thread 0x000001d9458793b0 Uncommon trap: reason=loop_limit_check action=maybe_recompile pc=0x000001d9236702ec method=java.lang.StringLatin1.lastIndexOf([BII)I @ 19 c2
Event: 44.478 Thread 0x000001d9458793b0 DEOPT PACKING pc=0x000001d9236702ec sp=0x0000008680bf5030
Event: 44.478 Thread 0x000001d9458793b0 DEOPT UNPACKING pc=0x000001d922f446a2 sp=0x0000008680bf4f58 mode 2
Event: 44.506 Thread 0x000001d9458793b0 Uncommon trap: trap_request=0xffffffde fr.pc=0x000001d923d4e670 relative=0x00000000000002f0
Event: 44.506 Thread 0x000001d9458793b0 Uncommon trap: reason=class_check action=maybe_recompile pc=0x000001d923d4e670 method=java.util.Map.computeIfAbsent(Ljava/lang/Object;Ljava/util/function/Function;)Ljava/lang/Object; @ 7 c2
Event: 44.506 Thread 0x000001d9458793b0 DEOPT PACKING pc=0x000001d923d4e670 sp=0x0000008680bf7360
Event: 44.506 Thread 0x000001d9458793b0 DEOPT UNPACKING pc=0x000001d922f446a2 sp=0x0000008680bf7308 mode 2
Event: 44.506 Thread 0x000001d9458793b0 Uncommon trap: trap_request=0xffffffde fr.pc=0x000001d923d4e670 relative=0x00000000000002f0
Event: 44.506 Thread 0x000001d9458793b0 Uncommon trap: reason=class_check action=maybe_recompile pc=0x000001d923d4e670 method=java.util.Map.computeIfAbsent(Ljava/lang/Object;Ljava/util/function/Function;)Ljava/lang/Object; @ 7 c2
Event: 44.506 Thread 0x000001d9458793b0 DEOPT PACKING pc=0x000001d923d4e670 sp=0x0000008680bf7360
Event: 44.506 Thread 0x000001d9458793b0 DEOPT UNPACKING pc=0x000001d922f446a2 sp=0x0000008680bf7308 mode 2
Event: 44.506 Thread 0x000001d9458793b0 Uncommon trap: trap_request=0xffffffde fr.pc=0x000001d923d4e670 relative=0x00000000000002f0
Event: 44.506 Thread 0x000001d9458793b0 Uncommon trap: reason=class_check action=maybe_recompile pc=0x000001d923d4e670 method=java.util.Map.computeIfAbsent(Ljava/lang/Object;Ljava/util/function/Function;)Ljava/lang/Object; @ 7 c2
Event: 44.506 Thread 0x000001d9458793b0 DEOPT PACKING pc=0x000001d923d4e670 sp=0x0000008680bf7360
Event: 44.506 Thread 0x000001d9458793b0 DEOPT UNPACKING pc=0x000001d922f446a2 sp=0x0000008680bf7308 mode 2
Event: 44.506 Thread 0x000001d9458793b0 Uncommon trap: trap_request=0xffffffde fr.pc=0x000001d923d4e670 relative=0x00000000000002f0
Event: 44.506 Thread 0x000001d9458793b0 Uncommon trap: reason=class_check action=maybe_recompile pc=0x000001d923d4e670 method=java.util.Map.computeIfAbsent(Ljava/lang/Object;Ljava/util/function/Function;)Ljava/lang/Object; @ 7 c2
Event: 44.506 Thread 0x000001d9458793b0 DEOPT PACKING pc=0x000001d923d4e670 sp=0x0000008680bf7360
Event: 44.506 Thread 0x000001d9458793b0 DEOPT UNPACKING pc=0x000001d922f446a2 sp=0x0000008680bf7308 mode 2

Classes loaded (20 events):
Event: 43.739 Loading class java/io/InvalidClassException
Event: 43.739 Loading class java/io/InvalidClassException done
Event: 43.909 Loading class java/lang/invoke/VarHandleInts$Array
Event: 43.909 Loading class java/lang/invoke/VarHandleInts$Array done
Event: 43.966 Loading class java/util/stream/SortedOps$OfInt
Event: 43.969 Loading class java/util/stream/IntPipeline$StatefulOp
Event: 43.969 Loading class java/util/stream/IntPipeline$StatefulOp done
Event: 43.969 Loading class java/util/stream/SortedOps$OfInt done
Event: 43.994 Loading class java/util/stream/Nodes$IntFixedNodeBuilder
Event: 43.994 Loading class java/util/stream/Node$Builder$OfInt
Event: 43.994 Loading class java/util/stream/Node$Builder$OfInt done
Event: 43.994 Loading class java/util/stream/Nodes$IntArrayNode
Event: 43.995 Loading class java/util/stream/Nodes$IntArrayNode done
Event: 43.995 Loading class java/util/stream/Nodes$IntFixedNodeBuilder done
Event: 43.995 Loading class java/util/stream/SortedOps$SizedIntSortingSink
Event: 43.995 Loading class java/util/stream/SortedOps$AbstractIntSortingSink
Event: 43.995 Loading class java/util/stream/SortedOps$AbstractIntSortingSink done
Event: 43.995 Loading class java/util/stream/SortedOps$SizedIntSortingSink done
Event: 44.484 Loading class jdk/internal/math/FloatToDecimal
Event: 44.484 Loading class jdk/internal/math/FloatToDecimal done

Classes unloaded (0 events):
No events

Classes redefined (0 events):
No events

Internal exceptions (20 events):
Event: 41.360 Thread 0x000001d9458793b0 Exception <a 'java/lang/ClassNotFoundException'{0x000000060e708ff0}: build_63xdntbx9kfpcid0995hlgqfy$_run_closure3Customizer> (0x000000060e708ff0) 
thrown [s\src\hotspot\share\classfile\systemDictionary.cpp, line 312]
Event: 41.382 Thread 0x000001d9458793b0 Exception <a 'java/lang/ClassNotFoundException'{0x000000060e09f3c8}: user_agent_bbcvytdi9y0mna551wx88w5wwBeanInfo> (0x000000060e09f3c8) 
thrown [s\src\hotspot\share\classfile\systemDictionary.cpp, line 312]
Event: 41.383 Thread 0x000001d9458793b0 Exception <a 'java/lang/ClassNotFoundException'{0x000000060e0ab9b8}: user_agent_bbcvytdi9y0mna551wx88w5wwCustomizer> (0x000000060e0ab9b8) 
thrown [s\src\hotspot\share\classfile\systemDictionary.cpp, line 312]
Event: 41.581 Thread 0x000001d9458793b0 Exception <a 'java/lang/ClassNotFoundException'{0x000000061331a518}: build_6or57ctjvlyto6p9yqjlkp1voBeanInfo> (0x000000061331a518) 
thrown [s\src\hotspot\share\classfile\systemDictionary.cpp, line 312]
Event: 41.582 Thread 0x000001d9458793b0 Exception <a 'java/lang/ClassNotFoundException'{0x00000006133212f0}: build_6or57ctjvlyto6p9yqjlkp1voCustomizer> (0x00000006133212f0) 
thrown [s\src\hotspot\share\classfile\systemDictionary.cpp, line 312]
Event: 42.172 Thread 0x000001d9458793b0 Exception <a 'java/lang/ClassNotFoundException'{0x0000000611b00630}: build_6or57ctjvlyto6p9yqjlkp1voBeanInfo> (0x0000000611b00630) 
thrown [s\src\hotspot\share\classfile\systemDictionary.cpp, line 312]
Event: 42.173 Thread 0x000001d9458793b0 Exception <a 'java/lang/ClassNotFoundException'{0x0000000611b073a0}: build_6or57ctjvlyto6p9yqjlkp1voCustomizer> (0x0000000611b073a0) 
thrown [s\src\hotspot\share\classfile\systemDictionary.cpp, line 312]
Event: 42.373 Thread 0x000001d9458793b0 Exception <a 'java/lang/ClassNotFoundException'{0x00000006111d46d0}: build_1kkqbkqek3kzr0gsec0eu4zssBeanInfo> (0x00000006111d46d0) 
thrown [s\src\hotspot\share\classfile\systemDictionary.cpp, line 312]
Event: 42.374 Thread 0x000001d9458793b0 Exception <a 'java/lang/ClassNotFoundException'{0x00000006111dec48}: build_1kkqbkqek3kzr0gsec0eu4zssCustomizer> (0x00000006111dec48) 
thrown [s\src\hotspot\share\classfile\systemDictionary.cpp, line 312]
Event: 43.307 Thread 0x000001d9458793b0 Exception <a 'java/lang/ClassNotFoundException'{0x00000006115895c8}: build_1kkqbkqek3kzr0gsec0eu4zssBeanInfo> (0x00000006115895c8) 
thrown [s\src\hotspot\share\classfile\systemDictionary.cpp, line 312]
Event: 43.308 Thread 0x000001d9458793b0 Exception <a 'java/lang/ClassNotFoundException'{0x0000000611590338}: build_1kkqbkqek3kzr0gsec0eu4zssCustomizer> (0x0000000611590338) 
thrown [s\src\hotspot\share\classfile\systemDictionary.cpp, line 312]
Event: 43.444 Thread 0x000001d9458793b0 Exception <a 'java/lang/ClassNotFoundException'{0x0000000610ef95d0}: com/android/build/gradle/internal/dsl/TestOptions_DecoratedBeanInfo> (0x0000000610ef95d0) 
thrown [s\src\hotspot\share\classfile\systemDictionary.cpp, line 312]
Event: 43.445 Thread 0x000001d9458793b0 Exception <a 'java/lang/ClassNotFoundException'{0x0000000610f09650}: com/android/build/gradle/internal/dsl/TestOptionsBeanInfo> (0x0000000610f09650) 
thrown [s\src\hotspot\share\classfile\systemDictionary.cpp, line 312]
Event: 43.446 Thread 0x000001d9458793b0 Exception <a 'java/lang/ClassNotFoundException'{0x0000000610f19960}: com/android/build/gradle/internal/dsl/TestOptionsCustomizer> (0x0000000610f19960) 
thrown [s\src\hotspot\share\classfile\systemDictionary.cpp, line 312]
Event: 43.448 Thread 0x000001d9458793b0 Exception <a 'java/lang/ClassNotFoundException'{0x0000000610f48b00}: com/android/build/gradle/internal/dsl/TestOptions_DecoratedCustomizer> (0x0000000610f48b00) 
thrown [s\src\hotspot\share\classfile\systemDictionary.cpp, line 312]
Event: 43.450 Thread 0x000001d9458793b0 Exception <a 'java/lang/ClassNotFoundException'{0x0000000610fb51d8}: com/android/build/gradle/internal/dsl/TestOptions$UnitTestOptions_DecoratedBeanInfo> (0x0000000610fb51d8) 
thrown [s\src\hotspot\share\classfile\systemDictionary.cpp, line 312]
Event: 43.451 Thread 0x000001d9458793b0 Exception <a 'java/lang/ClassNotFoundException'{0x0000000610fc5720}: com/android/build/gradle/internal/dsl/TestOptions$UnitTestOptionsBeanInfo> (0x0000000610fc5720) 
thrown [s\src\hotspot\share\classfile\systemDictionary.cpp, line 312]
Event: 43.452 Thread 0x000001d9458793b0 Exception <a 'java/lang/ClassNotFoundException'{0x0000000610fd5f00}: com/android/build/gradle/internal/dsl/TestOptions$UnitTestOptionsCustomizer> (0x0000000610fd5f00) 
thrown [s\src\hotspot\share\classfile\systemDictionary.cpp, line 312]
Event: 43.452 Thread 0x000001d9458793b0 Exception <a 'java/lang/ClassNotFoundException'{0x0000000610fed598}: com/android/build/gradle/internal/dsl/TestOptions$UnitTestOptions_DecoratedCustomizer> (0x0000000610fed598) 
thrown [s\src\hotspot\share\classfile\systemDictionary.cpp, line 312]
Event: 44.505 Thread 0x000001d9458793b0 Exception <a 'java/lang/NoSuchMethodError'{0x0000000619ed4c30}: 'void java.lang.invoke.DirectMethodHandle$Holder.invokeSpecialIFC(java.lang.Object, java.lang.Object, java.lang.Object)'> (0x0000000619ed4c30) 
thrown [s\src\hotspot\share\interpreter\linkResolver.cpp, line 784]

ZGC Phase Switch (0 events):
No events

VM Operations (20 events):
Event: 42.395 Executing VM operation: G1PauseRemark
Event: 42.404 Executing VM operation: G1PauseRemark done
Event: 42.588 Executing VM operation: G1PauseCleanup
Event: 42.588 Executing VM operation: G1PauseCleanup done
Event: 42.744 Executing VM operation: G1CollectForAllocation (G1 Evacuation Pause)
Event: 42.757 Executing VM operation: G1CollectForAllocation (G1 Evacuation Pause) done
Event: 43.769 Executing VM operation: Cleanup
Event: 43.769 Executing VM operation: Cleanup done
Event: 43.786 Executing VM operation: HandshakeAllThreads (Deoptimize)
Event: 43.786 Executing VM operation: HandshakeAllThreads (Deoptimize) done
Event: 43.906 Executing VM operation: HandshakeAllThreads (Deoptimize)
Event: 43.906 Executing VM operation: HandshakeAllThreads (Deoptimize) done
Event: 43.929 Executing VM operation: HandshakeAllThreads (Deoptimize)
Event: 43.929 Executing VM operation: HandshakeAllThreads (Deoptimize) done
Event: 43.970 Executing VM operation: G1CollectForAllocation (G1 Evacuation Pause)
Event: 43.994 Executing VM operation: G1CollectForAllocation (G1 Evacuation Pause) done
Event: 44.384 Executing VM operation: ICBufferFull
Event: 44.384 Executing VM operation: ICBufferFull done
Event: 44.471 Executing VM operation: HandshakeAllThreads (Deoptimize)
Event: 44.471 Executing VM operation: HandshakeAllThreads (Deoptimize) done

Memory protections (0 events):
No events

Nmethod flushes (20 events):
Event: 42.403 Thread 0x000001d93f7f49e0 flushing  nmethod 0x000001d913ddb510
Event: 42.403 Thread 0x000001d93f7f49e0 flushing  nmethod 0x000001d913e0ce10
Event: 42.403 Thread 0x000001d93f7f49e0 flushing  nmethod 0x000001d913e0dc10
Event: 42.403 Thread 0x000001d93f7f49e0 flushing  nmethod 0x000001d913e12010
Event: 42.403 Thread 0x000001d93f7f49e0 flushing  nmethod 0x000001d913e12910
Event: 42.403 Thread 0x000001d93f7f49e0 flushing  nmethod 0x000001d913e13a90
Event: 42.403 Thread 0x000001d93f7f49e0 flushing  nmethod 0x000001d913e9ab90
Event: 42.403 Thread 0x000001d93f7f49e0 flushing  nmethod 0x000001d914024910
Event: 42.403 Thread 0x000001d93f7f49e0 flushing  nmethod 0x000001d914077410
Event: 42.403 Thread 0x000001d93f7f49e0 flushing  nmethod 0x000001d9140aa790
Event: 42.403 Thread 0x000001d93f7f49e0 flushing  nmethod 0x000001d9140ac810
Event: 42.403 Thread 0x000001d93f7f49e0 flushing  nmethod 0x000001d9140ae290
Event: 42.403 Thread 0x000001d93f7f49e0 flushing  nmethod 0x000001d914132390
Event: 42.403 Thread 0x000001d93f7f49e0 flushing  nmethod 0x000001d91420b710
Event: 42.403 Thread 0x000001d93f7f49e0 flushing  nmethod 0x000001d914248810
Event: 42.403 Thread 0x000001d93f7f49e0 flushing  nmethod 0x000001d91424a710
Event: 42.403 Thread 0x000001d93f7f49e0 flushing  nmethod 0x000001d914291e10
Event: 42.403 Thread 0x000001d93f7f49e0 flushing  nmethod 0x000001d9142ca290
Event: 42.403 Thread 0x000001d93f7f49e0 flushing  nmethod 0x000001d9142e4b90
Event: 42.403 Thread 0x000001d93f7f49e0 flushing  nmethod 0x000001d914892690

Events (20 events):
Event: 24.837 Thread 0x000001d9458793b0 Thread added: 0x000001d948baf8d0
Event: 25.930 Thread 0x000001d9458793b0 Thread added: 0x000001d948bb4790
Event: 26.311 Thread 0x000001d9458793b0 Thread added: 0x000001d948baff60
Event: 26.391 Thread 0x000001d9458793b0 Thread added: 0x000001d948bade90
Event: 26.644 Thread 0x000001d9497951a0 Thread exited: 0x000001d9497951a0
Event: 27.367 Thread 0x000001d93fa8ccb0 Thread added: 0x000001d946150200
Event: 29.082 Thread 0x000001d9458793b0 Thread added: 0x000001d948bb05f0
Event: 29.224 Thread 0x000001d946150200 Thread exited: 0x000001d946150200
Event: 30.112 Thread 0x000001d93fa8ccb0 Thread added: 0x000001d94b19a010
Event: 30.593 Thread 0x000001d9458793b0 Thread added: 0x000001d948bb4100
Event: 32.528 Thread 0x000001d94b19a010 Thread exited: 0x000001d94b19a010
Event: 32.622 Thread 0x000001d93fa8ccb0 Thread added: 0x000001d94b19bb50
Event: 32.984 Thread 0x000001d94b19bb50 Thread exited: 0x000001d94b19bb50
Event: 33.172 Thread 0x000001d93fa8ccb0 Thread added: 0x000001d94b199270
Event: 34.671 Thread 0x000001d9458793b0 Thread added: 0x000001d94a9dd3f0
Event: 34.672 Thread 0x000001d9458793b0 Thread added: 0x000001d94a9e22b0
Event: 38.992 Thread 0x000001d94b199270 Thread exited: 0x000001d94b199270
Event: 39.260 Thread 0x000001d93fa8ccb0 Thread added: 0x000001d94b197730
Event: 41.284 Thread 0x000001d94b197730 Thread exited: 0x000001d94b197730
Event: 41.475 Thread 0x000001d93fa8ccb0 Thread added: 0x000001d94b19a010


Dynamic libraries:
0x00007ff6097b0000 - 0x00007ff6097ba000 	C:\Program Files\Android\Android Studio\jbr\bin\java.exe
0x00007ff887cf0000 - 0x00007ff887ee8000 	C:\WINDOWS\SYSTEM32\ntdll.dll
0x00007ff887bd0000 - 0x00007ff887c92000 	C:\WINDOWS\System32\KERNEL32.DLL
0x00007ff8855e0000 - 0x00007ff8858d6000 	C:\WINDOWS\System32\KERNELBASE.dll
0x00007ff885a10000 - 0x00007ff885b10000 	C:\WINDOWS\System32\ucrtbase.dll
0x00007ff871d60000 - 0x00007ff871d7b000 	C:\Program Files\Android\Android Studio\jbr\bin\VCRUNTIME140.dll
0x00007ff871bf0000 - 0x00007ff871c08000 	C:\Program Files\Android\Android Studio\jbr\bin\jli.dll
0x00007ff886530000 - 0x00007ff8866d1000 	C:\WINDOWS\System32\USER32.dll
0x00007ff8846b0000 - 0x00007ff88494b000 	C:\WINDOWS\WinSxS\amd64_microsoft.windows.common-controls_6595b64144ccf1df_6.0.19041.6456_none_60b8a6cb71f64256\COMCTL32.dll
0x00007ff885380000 - 0x00007ff8853a2000 	C:\WINDOWS\System32\win32u.dll
0x00007ff8870d0000 - 0x00007ff88716e000 	C:\WINDOWS\System32\msvcrt.dll
0x00007ff887220000 - 0x00007ff88724b000 	C:\WINDOWS\System32\GDI32.dll
0x00007ff8853b0000 - 0x00007ff8854c9000 	C:\WINDOWS\System32\gdi32full.dll
0x00007ff885c70000 - 0x00007ff885d0d000 	C:\WINDOWS\System32\msvcp_win.dll
0x00007ff887b90000 - 0x00007ff887bbf000 	C:\WINDOWS\System32\IMM32.DLL
0x00007ff882da0000 - 0x00007ff882dac000 	C:\Program Files\Android\Android Studio\jbr\bin\vcruntime140_1.dll
0x00007ff843060000 - 0x00007ff8430ed000 	C:\Program Files\Android\Android Studio\jbr\bin\msvcp140.dll
0x00007ff83e740000 - 0x00007ff83f3cb000 	C:\Program Files\Android\Android Studio\jbr\bin\server\jvm.dll
0x00007ff886dc0000 - 0x00007ff886e71000 	C:\WINDOWS\System32\ADVAPI32.dll
0x00007ff887250000 - 0x00007ff8872ef000 	C:\WINDOWS\System32\sechost.dll
0x00007ff886e80000 - 0x00007ff886fa0000 	C:\WINDOWS\System32\RPCRT4.dll
0x00007ff8859e0000 - 0x00007ff885a07000 	C:\WINDOWS\System32\bcrypt.dll
0x00007ff886b80000 - 0x00007ff886beb000 	C:\WINDOWS\System32\WS2_32.dll
0x00007ff8851e0000 - 0x00007ff88522b000 	C:\WINDOWS\SYSTEM32\POWRPROF.dll
0x00007ff87d3e0000 - 0x00007ff87d407000 	C:\WINDOWS\SYSTEM32\WINMM.dll
0x00007ff879990000 - 0x00007ff87999a000 	C:\WINDOWS\SYSTEM32\VERSION.dll
0x00007ff8851c0000 - 0x00007ff8851d2000 	C:\WINDOWS\SYSTEM32\UMPDC.dll
0x00007ff882e60000 - 0x00007ff882e72000 	C:\WINDOWS\SYSTEM32\kernel.appcore.dll
0x00007ff87d470000 - 0x00007ff87d47a000 	C:\Program Files\Android\Android Studio\jbr\bin\jimage.dll
0x00007ff884cd0000 - 0x00007ff884ed1000 	C:\WINDOWS\SYSTEM32\DBGHELP.DLL
0x00007ff884a60000 - 0x00007ff884a94000 	C:\WINDOWS\SYSTEM32\dbgcore.DLL
0x00007ff8854d0000 - 0x00007ff885552000 	C:\WINDOWS\System32\bcryptPrimitives.dll
0x00007ff87e080000 - 0x00007ff87e08e000 	C:\Program Files\Android\Android Studio\jbr\bin\instrument.dll
0x00007ff86ea30000 - 0x00007ff86ea50000 	C:\Program Files\Android\Android Studio\jbr\bin\java.dll
0x00007ff85c550000 - 0x00007ff85c568000 	C:\Program Files\Android\Android Studio\jbr\bin\zip.dll
0x00007ff885d10000 - 0x00007ff886480000 	C:\WINDOWS\System32\SHELL32.dll
0x00007ff882550000 - 0x00007ff882cf5000 	C:\WINDOWS\SYSTEM32\windows.storage.dll
0x00007ff886820000 - 0x00007ff886b74000 	C:\WINDOWS\System32\combase.dll
0x00007ff884610000 - 0x00007ff88463b000 	C:\WINDOWS\SYSTEM32\Wldp.dll
0x00007ff886cf0000 - 0x00007ff886dbd000 	C:\WINDOWS\System32\OLEAUT32.dll
0x00007ff887170000 - 0x00007ff88721d000 	C:\WINDOWS\System32\SHCORE.dll
0x00007ff8879a0000 - 0x00007ff8879fb000 	C:\WINDOWS\System32\shlwapi.dll
0x00007ff8852b0000 - 0x00007ff8852d4000 	C:\WINDOWS\SYSTEM32\profapi.dll
0x00007ff871d90000 - 0x00007ff871da0000 	C:\Program Files\Android\Android Studio\jbr\bin\net.dll
0x00007ff877010000 - 0x00007ff87711a000 	C:\WINDOWS\SYSTEM32\WINHTTP.dll
0x00007ff884510000 - 0x00007ff88457a000 	C:\WINDOWS\system32\mswsock.dll
0x00007ff85c230000 - 0x00007ff85c246000 	C:\Program Files\Android\Android Studio\jbr\bin\nio.dll
0x00007ff85b420000 - 0x00007ff85b430000 	C:\Program Files\Android\Android Studio\jbr\bin\verify.dll
0x00007ff85bd80000 - 0x00007ff85bda7000 	C:\Users\Laiba\.gradle\native\1def1411415f61bf3af743bc5b6707747c0891f09f0c88961ee8f79bc544acac\windows-amd64\native-platform.dll
0x00007ff8503e0000 - 0x00007ff850458000 	C:\Users\Laiba\.gradle\native\0.2.7\x86_64-windows-gnu\gradle-fileevents.dll
0x00007ff85b8a0000 - 0x00007ff85b8a9000 	C:\Program Files\Android\Android Studio\jbr\bin\management.dll
0x00007ff85b760000 - 0x00007ff85b76b000 	C:\Program Files\Android\Android Studio\jbr\bin\management_ext.dll
0x00007ff887ca0000 - 0x00007ff887ca8000 	C:\WINDOWS\System32\PSAPI.DLL
0x00007ff884050000 - 0x00007ff88408b000 	C:\WINDOWS\SYSTEM32\IPHLPAPI.DLL
0x00007ff887bc0000 - 0x00007ff887bc8000 	C:\WINDOWS\System32\NSI.dll
0x00007ff85bdb0000 - 0x00007ff85bdb9000 	C:\Program Files\Android\Android Studio\jbr\bin\extnet.dll
0x00007ff885010000 - 0x00007ff885028000 	C:\WINDOWS\SYSTEM32\CRYPTSP.dll
0x00007ff883cf0000 - 0x00007ff883d28000 	C:\WINDOWS\system32\rsaenh.dll
0x00007ff885230000 - 0x00007ff88525e000 	C:\WINDOWS\SYSTEM32\USERENV.dll
0x00007ff884600000 - 0x00007ff88460c000 	C:\WINDOWS\SYSTEM32\CRYPTBASE.dll
0x00007ff87dfb0000 - 0x00007ff87dfb7000 	C:\WINDOWS\system32\wshunix.dll
0x00007ff884090000 - 0x00007ff88415a000 	C:\WINDOWS\SYSTEM32\DNSAPI.dll
0x00007ff872f90000 - 0x00007ff872f9a000 	C:\Windows\System32\rasadhlp.dll
0x00007ff872eb0000 - 0x00007ff872f30000 	C:\WINDOWS\System32\fwpuclnt.dll
0x00007ff85c130000 - 0x00007ff85c147000 	C:\WINDOWS\system32\napinsp.dll
0x00007ff85b940000 - 0x00007ff85b95b000 	C:\WINDOWS\system32\pnrpnsp.dll
0x00007ff87d390000 - 0x00007ff87d3ad000 	C:\WINDOWS\system32\NLAapi.dll
0x00007ff85b8e0000 - 0x00007ff85b8f2000 	C:\WINDOWS\System32\winrnr.dll
0x00007ff85b900000 - 0x00007ff85b91d000 	C:\WINDOWS\system32\wshbth.dll

dbghelp: loaded successfully - version: 4.0.5 - missing functions: none
symbol engine: initialized successfully - sym options: 0x614 - pdb path: .;C:\Program Files\Android\Android Studio\jbr\bin;C:\WINDOWS\SYSTEM32;C:\WINDOWS\WinSxS\amd64_microsoft.windows.common-controls_6595b64144ccf1df_6.0.19041.6456_none_60b8a6cb71f64256;C:\Program Files\Android\Android Studio\jbr\bin\server;C:\Users\Laiba\.gradle\native\1def1411415f61bf3af743bc5b6707747c0891f09f0c88961ee8f79bc544acac\windows-amd64;C:\Users\Laiba\.gradle\native\0.2.7\x86_64-windows-gnu

VM Arguments:
jvm_args: --add-opens=java.base/java.lang=ALL-UNNAMED --add-opens=java.base/java.lang.invoke=ALL-UNNAMED --add-opens=java.base/java.util=ALL-UNNAMED --add-opens=java.prefs/java.util.prefs=ALL-UNNAMED --add-exports=jdk.compiler/com.sun.tools.javac.api=ALL-UNNAMED --add-exports=jdk.compiler/com.sun.tools.javac.util=ALL-UNNAMED --add-opens=java.base/java.util=ALL-UNNAMED --add-opens=java.prefs/java.util.prefs=ALL-UNNAMED --add-opens=java.base/java.nio.charset=ALL-UNNAMED --add-opens=java.base/java.net=ALL-UNNAMED --add-opens=java.base/java.util.concurrent.atomic=ALL-UNNAMED --add-opens=java.xml/javax.xml.namespace=ALL-UNNAMED -XX:MaxMetaspaceSize=4G -XX:ReservedCodeCacheSize=512m -XX:+HeapDumpOnOutOfMemoryError -Xmx8G -Dfile.encoding=UTF-8 -Duser.country=US -Duser.language=en -Duser.variant -javaagent:C:\Users\Laiba\.gradle\wrapper\dists\gradle-8.14-all\c2qonpi39x1mddn7hk5gh9iqj\gradle-8.14\lib\agents\gradle-instrumentation-agent-8.14.jar 
java_command: org.gradle.launcher.daemon.bootstrap.GradleDaemon 8.14
java_class_path (initial): C:\Users\Laiba\.gradle\wrapper\dists\gradle-8.14-all\c2qonpi39x1mddn7hk5gh9iqj\gradle-8.14\lib\gradle-daemon-main-8.14.jar
Launcher Type: SUN_STANDARD

[Global flags]
     intx CICompilerCount                          = 3                                         {product} {ergonomic}
     uint ConcGCThreads                            = 1                                         {product} {ergonomic}
     uint G1ConcRefinementThreads                  = 4                                         {product} {ergonomic}
   size_t G1HeapRegionSize                         = 4194304                                   {product} {ergonomic}
    uintx GCDrainStackTargetSize                   = 64                                        {product} {ergonomic}
     bool HeapDumpOnOutOfMemoryError               = true                                   {manageable} {command line}
   size_t InitialHeapSize                          = 134217728                                 {product} {ergonomic}
   size_t MarkStackSize                            = 4194304                                   {product} {ergonomic}
   size_t MaxHeapSize                              = 8589934592                                {product} {command line}
   size_t MaxMetaspaceSize                         = 4294967296                                {product} {command line}
   size_t MaxNewSize                               = 5150605312                                {product} {ergonomic}
   size_t MinHeapDeltaBytes                        = 4194304                                   {product} {ergonomic}
   size_t MinHeapSize                              = 8388608                                   {product} {ergonomic}
    uintx NonNMethodCodeHeapSize                   = 5832780                                {pd product} {ergonomic}
    uintx NonProfiledCodeHeapSize                  = 265519066                              {pd product} {ergonomic}
    uintx ProfiledCodeHeapSize                     = 265519066                              {pd product} {ergonomic}
    uintx ReservedCodeCacheSize                    = 536870912                              {pd product} {command line}
     bool SegmentedCodeCache                       = true                                      {product} {ergonomic}
   size_t SoftMaxHeapSize                          = 8589934592                             {manageable} {ergonomic}
     bool UseCompressedOops                        = true                           {product lp64_product} {ergonomic}
     bool UseG1GC                                  = true                                      {product} {ergonomic}
     bool UseLargePagesIndividualAllocation        = false                                  {pd product} {ergonomic}

Logging:
Log output configuration:
 #0: stdout all=warning uptime,level,tags foldmultilines=false
 #1: stderr all=off uptime,level,tags foldmultilines=false

Environment Variables:
JAVA_HOME=C:\Program Files\Android\Android Studio\jbr
CLASSPATH=C:\Users\Laiba\Downloads\lost_firebase (1)\lost_firebase\lost_firebase\android\\gradle\wrapper\gradle-wrapper.jar
PATH=C:\Program Files\Android\Android Studio\jbr\bin;C:\Program Files\Eclipse Adoptium\jdk-17.0.17.10-hotspot\bin;D:\ISSetupPrerequisites\dbhomeXE\bin;C:\Program Files (x86)\VMware\VMware Workstation\bin\;C:\WINDOWS\system32;C:\WINDOWS;C:\WINDOWS\System32\Wbem;C:\WINDOWS\System32\WindowsPowerShell\v1.0\;C:\WINDOWS\System32\OpenSSH\;C:\Users\Laiba\Desktop\oop;C:\Users\Laiba\Desktop\mingw64\bin;C:\Program Files\Java\jdk-19.0.2+7\bin;D:\android\sdk\platform-tools;D:\android\sdk\emulator;D:\Desktop\;C:\Users\Laiba\AppData\Local\Pub\Cache\bin;C:\xampp\php;C:\composer;C:\Program Files\Git\cmd;D:\Android\Sdk;C:\Program Files\Tesseract-OCR.;C:\Users\Laiba\AppData\Local\Programs\Python\Python310\Scripts\;C:\Users\Laiba\AppData\Local\Programs\Python\Python310\;C:\Users\Laiba\AppData\Local\Programs\Python\Python312\Scripts\;C:\Users\Laiba\AppData\Local\Programs\Python\Python312\;C:\Program Files\Java\jdk-19.0.2+7\bin;D:\ISSetupPrerequisites\dbhomeXE\bin;C:\Program Files (x86)\VMware\VMware Workstation\bin\;C:\WINDOWS\system32;C:\WINDOWS;C:\WINDOWS\System32\Wbem;C:\WINDOWS\System32\WindowsPowerShell\v1.0\;C:\WINDOWS\System32\OpenSSH\;C:\Users\Laiba\Desktop\oop;C:\Users\Laiba\Desktop\mingw64\bin;D:\android\sdk\platform-tools;D:\android\sdk\emulator;D:\Desktop\;C:\Users\Laiba\AppData\Local\Pub\Cache\bin;C:\xampp\php;C:\composer;C:\Program Files\Git\cmd;C:\Users\Laiba\Desktop\Scripts\;C:\Users\Laiba\Desktop\;C:\Users\Laiba\AppData\Local\Microsoft\WindowsApps;C:\Program Files\JetBrains\IntelliJ IDEA 2024.2.1\bin;C:\Program Files\JetBrains\IntelliJ IDEA Community Edition 2024.3.1.1\bin;C:\Microsoft VS Code\bin;C:\Users\Laiba\Downloads\flutter\bin;C:\Users\Laiba\Downloads\PortableGit\bin;C:\Users\Laiba\AppData\Roaming\npm;C:\xampp\php;C:\Users\Laiba\App;D:\Android\Sdk;C:\Program Files\Tesseract-OCR.;;C:\Users\Laiba\Downloads\flutter\bin\mingit\cmd
USERNAME=Laibah
OS=Windows_NT
PROCESSOR_IDENTIFIER=Intel64 Family 6 Model 142 Stepping 9, GenuineIntel
TMP=C:\Users\Laiba\AppData\Local\Temp
TEMP=C:\Users\Laiba\AppData\Local\Temp




Periodic native trim disabled

JNI global refs:
JNI global refs: 27, weak refs: 0

JNI global refs memory usage: 835, weak refs: 833

Process memory usage:
Resident Set Size: 771544K (9% of 8264920K total physical memory with 567812K free physical memory)

OOME stack traces (most recent first):
Classloader memory used:
Loader org.gradle.internal.classloader.VisitableURLClassLoader                         : 51085K
Loader org.gradle.internal.classloader.VisitableURLClassLoader$InstrumentingVisitableURLClassLoader: 36323K
Loader bootstrap                                                                       : 32653K
Loader org.gradle.initialization.MixInLegacyTypesClassLoader                           : 12959K
Loader org.gradle.groovy.scripts.internal.DefaultScriptCompilationHandler$ScriptClassLoader: 1255K
Loader jdk.internal.loader.ClassLoaders$PlatformClassLoader                            : 803K
Loader jdk.internal.loader.ClassLoaders$AppClassLoader                                 : 237K
Loader jdk.internal.reflect.DelegatingClassLoader                                      : 229K
Loader org.gradle.internal.classloader.VisitableURLClassLoader                         : 123K
Loader org.codehaus.groovy.runtime.callsite.CallSiteClassLoader                        : 105K

Classes loaded by more than one classloader:
Class Program                                                                         : loaded 7 times (x 68B)
Class Settings_gradle                                                                 : loaded 3 times (x 124B)
Class org.jetbrains.kotlin.gradle.plugin.KotlinGradleBuildServices$Inject             : loaded 2 times (x 96B)
Class com.google.common.base.PairwiseEquivalence                                      : loaded 2 times (x 79B)
Class com.google.common.base.Equivalence$Identity                                     : loaded 2 times (x 78B)
Class com.google.common.collect.RegularImmutableMap$KeySet                            : loaded 2 times (x 148B)
Class org.gradle.internal.classloader.FilteringClassLoader                            : loaded 2 times (x 101B)
Class org.jetbrains.kotlin.gradle.plugin.mpp.KotlinVariantWithCoordinates             : loaded 2 times (x 104B)
Class org.jetbrains.kotlin.gradle.tasks.CInteropProcess                               : loaded 2 times (x 343B)
Class org.jetbrains.kotlin.gradle.internal.KotlinDomApiDependencyManagementKt         : loaded 2 times (x 67B)
Class org.jetbrains.kotlin.gradle.plugin.KotlinPluginLifecycleImpl$launch$coroutine$1 : loaded 2 times (x 72B)
Class org.jetbrains.kotlin.gradle.targets.js.npm.NpmDependencyExtensionKt$defaultNpmDependencyDelegate$1: loaded 2 times (x 163B)
Class org.jetbrains.kotlin.gradle.plugin.diagnostics.checkers.MissingNativeStdlibChecker: loaded 2 times (x 70B)
Class org.jetbrains.kotlin.gradle.targets.native.KotilnNativeConfigureBinariesSideEffectKt: loaded 2 times (x 67B)
Class org.jetbrains.kotlin.gradle.plugin.KotlinPlatformType$DisambiguationRule        : loaded 2 times (x 72B)
Class org.jetbrains.kotlin.gradle.plugin.KotlinPlatformType$Companion                 : loaded 2 times (x 67B)
Class org.jetbrains.kotlin.gradle.plugin.internal.ConfigurationCacheStartParameterAccessorKt: loaded 2 times (x 67B)
Class com.google.common.base.CharMatcher$IsEither                                     : loaded 2 times (x 107B)
Class org.gradle.internal.classloader.ClassLoaderHierarchy                            : loaded 2 times (x 66B)
Class build_ob770vx9cue1z67p2gxxxe49$_run_closure1                                    : loaded 2 times (x 135B)
Class org.jetbrains.kotlin.gradle.plugin.hierarchy.KotlinSourceSetTreeClassifierKt    : loaded 2 times (x 67B)
Class org.jetbrains.kotlin.gradle.report.UsesBuildMetricsService                      : loaded 2 times (x 66B)
Class org.jetbrains.kotlin.gradle.plugin.mpp.compilationImpl.factory.KotlinCompilationImplFactory$KotlinCompilationSourceSetsContainerFactory: loaded 2 times (x 66B)
Class org.jetbrains.kotlin.gradle.utils.MutableObservableSet                          : loaded 2 times (x 66B)
Class org.jetbrains.kotlin.gradle.dsl.KotlinHierarchyDsl                              : loaded 2 times (x 66B)
Class org.jetbrains.kotlin.gradle.report.BuildReportType                              : loaded 2 times (x 75B)
Class org.jetbrains.kotlin.statistics.metrics.StringAnonymizationPolicy$AllowedListAnonymizer: loaded 2 times (x 75B)
Class com.google.common.collect.ImmutableEnumSet                                      : loaded 2 times (x 142B)
Class com.google.common.util.concurrent.ExecutionError                                : loaded 2 times (x 78B)
Class com.google.common.collect.ImmutableList$1                                       : loaded 2 times (x 93B)
Class org.gradle.api.internal.classpath.ManifestUtil                                  : loaded 2 times (x 67B)
Class build_6or57ctjvlyto6p9yqjlkp1vo                                                 : loaded 2 times (x 176B)
Class org.jetbrains.kotlin.gradle.utils.FutureKt$future$1                             : loaded 2 times (x 91B)
Class org.jetbrains.kotlin.gradle.plugin.mpp.KotlinMetadataCompilation                : loaded 2 times (x 66B)
Class org.jetbrains.kotlin.gradle.plugin.sources.KotlinDependencyScope                : loaded 2 times (x 75B)
Class org.jetbrains.kotlin.gradle.tasks.configuration.AbstractKotlinCompileConfig$1   : loaded 2 times (x 75B)
Class org.jetbrains.kotlin.gradle.plugin.mpp.compilationImpl.KotlinCompilationFriendPathsResolver: loaded 2 times (x 66B)
Class org.jetbrains.kotlin.konan.target.KonanTarget$ANDROID_ARM64                     : loaded 2 times (x 74B)
Class org.jetbrains.kotlin.gradle.artifacts.KotlinNativeHostSpecificMetadataArtifactKt$KotlinNativeHostSpecificMetadataArtifact$1: loaded 2 times (x 70B)
Class org.jetbrains.kotlin.gradle.plugin.mpp.compilationImpl.KotlinCompilationSideEffect$Companion: loaded 2 times (x 67B)
Class org.jetbrains.kotlin.gradle.plugin.mpp.KotlinUsages$KotlinMetadataDisambiguation: loaded 2 times (x 72B)
Class org.jetbrains.kotlin.gradle.internal.properties.PropertiesBuildService$IntGradleProperty: loaded 2 times (x 72B)
Class com.google.common.collect.RegularImmutableMap                                   : loaded 2 times (x 117B)
Class com.google.common.collect.ImmutableMap$MapViewOfValuesAsSingletonSets           : loaded 2 times (x 122B)
Class org.jetbrains.kotlin.gradle.internal.transforms.BuildToolsApiClasspathEntrySnapshotTransform: loaded 2 times (x 78B)
Class org.jetbrains.kotlin.gradle.tasks.configuration.AbstractKotlinCompileConfig$2   : loaded 2 times (x 75B)
Class org.jetbrains.kotlin.gradle.plugin.mpp.compilationImpl.factory.KotlinCompilationImplFactory$PreConfigure: loaded 2 times (x 66B)
Class org.jetbrains.kotlin.gradle.plugin.KotlinProjectSetupActionKt$KotlinProjectSetupCoroutine$1$1: loaded 2 times (x 91B)
Class org.jetbrains.kotlin.konan.target.KonanTarget$WATCHOS_ARM32                     : loaded 2 times (x 74B)
Class org.jetbrains.kotlin.gradle.targets.js.dsl.KotlinJsTargetDsl                    : loaded 2 times (x 66B)
Class org.jetbrains.kotlin.gradle.plugin.KotlinPluginLifecycleImplKt                  : loaded 2 times (x 67B)
Class org.jetbrains.kotlin.gradle.plugin.diagnostics.checkers.DeprecatedKotlinNativeTargetsChecker$runChecks$1: loaded 2 times (x 84B)
Class org.jetbrains.kotlin.gradle.plugin.KotlinPluginLifecycleImpl$WhenMappings       : loaded 2 times (x 67B)
Class org.jetbrains.kotlin.gradle.dsl.KotlinCommonCompilerToolOptionsHelper           : loaded 2 times (x 67B)
Class org.jetbrains.kotlin.gradle.plugin.KotlinTargetComponent                        : loaded 2 times (x 66B)
Class org.jetbrains.kotlin.gradle.plugin.KotlinGradlePluginExtensionPointInternal     : loaded 2 times (x 72B)
Class org.jetbrains.kotlin.statistics.metrics.StringOverridePolicy$OVERRIDE_VERSION_IF_NOT_SET: loaded 2 times (x 81B)
Class org.jetbrains.kotlin.gradle.plugin.statistics.KotlinBuildStatsBeanService$Companion$initStatsService$1: loaded 2 times (x 75B)
Class org.jetbrains.kotlin.gradle.plugin.VariantImplementationFactories$Companion$getProvider$1: loaded 2 times (x 71B)
Class org.jetbrains.kotlin.gradle.internal.properties.PropertiesBuildService$BooleanGradleProperty: loaded 2 times (x 72B)
Class org.jetbrains.kotlin.gradle.dsl.KotlinProjectExtension                          : loaded 2 times (x 118B)
Class [Lorg.objectweb.asm.Symbol;                                                     : loaded 2 times (x 65B)
Class org.objectweb.asm.ClassVisitor                                                  : loaded 2 times (x 84B)
Class com.google.common.collect.UnmodifiableListIterator                              : loaded 2 times (x 91B)
Class org.jetbrains.kotlin.gradle.plugin.KotlinPluginLifecycle$ProjectConfigurationResult$Failure: loaded 2 times (x 68B)
Class com.google.common.base.Platform$JdkPatternCompiler                              : loaded 2 times (x 71B)
Class org.jetbrains.kotlin.gradle.plugin.sources.DefaultKotlinSourceSet$MetadataDependencyTransformation: loaded 2 times (x 68B)
Class org.jetbrains.kotlin.gradle.tasks.DefaultKotlinJavaToolchain$Companion          : loaded 2 times (x 67B)
Class org.jetbrains.kotlin.gradle.tasks.DefaultKotlinJavaToolchain                    : loaded 2 times (x 73B)
Class org.jetbrains.kotlin.gradle.targets.native.toolchain.KotlinNativeBundleBuildService$Parameters: loaded 2 times (x 66B)
Class org.jetbrains.kotlin.gradle.targets.native.toolchain.KotlinNativeBundleBuildService: loaded 2 times (x 73B)
Class org.jetbrains.kotlin.gradle.plugin.KotlinGradleBuildServices                    : loaded 2 times (x 76B)
Class [Lorg.jetbrains.kotlin.statistics.ValueAnonymizer;                              : loaded 2 times (x 65B)
Class org.jetbrains.kotlin.gradle.internal.properties.PropertiesBuildService$MemoizedCallable$value$2: loaded 2 times (x 75B)
Class org.objectweb.asm.MethodTooLargeException                                       : loaded 2 times (x 79B)
Class [Lcom.google.common.cache.CacheBuilder$OneWeigher;                              : loaded 2 times (x 65B)
Class com.google.common.base.Suppliers                                                : loaded 2 times (x 67B)
Class org.gradle.internal.classloader.DefaultClassLoaderFactory                       : loaded 2 times (x 78B)
Class org.jetbrains.kotlin.compilerRunner.CompilerSystemPropertiesService$Parameters_Decorated: loaded 2 times (x 130B)
Class org.jetbrains.kotlin.gradle.plugin.KotlinTargetWithTests                        : loaded 2 times (x 66B)
Class org.jetbrains.kotlin.gradle.plugin.diagnostics.ToolingDiagnosticRenderingOptions: loaded 2 times (x 68B)
Class [Lorg.jetbrains.kotlin.gradle.dsl.KotlinVersion;                                : loaded 2 times (x 65B)
Class org.jetbrains.kotlin.gradle.plugin.diagnostics.checkers.JsEnvironmentChecker    : loaded 2 times (x 72B)
Class org.jetbrains.kotlin.gradle.targets.js.npm.NpmDependencyExtensionKt             : loaded 2 times (x 67B)
Class org.jetbrains.kotlin.gradle.plugin.diagnostics.UsesKotlinToolingDiagnosticsParameters: loaded 2 times (x 66B)
Class org.jetbrains.kotlin.gradle.report.BuildMetricsService                          : loaded 2 times (x 82B)
Class org.jetbrains.kotlin.statistics.metrics.NumberAnonymizationPolicy               : loaded 2 times (x 81B)
Class org.jetbrains.kotlin.statistics.metrics.StringAnonymizationPolicy               : loaded 2 times (x 74B)
Class org.gradle.internal.classloader.ClassLoaderVisitor                              : loaded 2 times (x 72B)
Class org.jetbrains.kotlin.gradle.plugin.mpp.compilationImpl.KotlinCompilationLanguageSettingsConfigurator: loaded 2 times (x 70B)
Class org.jetbrains.kotlin.gradle.plugin.KotlinPluginLifecycleKt$await$1              : loaded 2 times (x 84B)
Class [Lorg.jetbrains.kotlin.gradle.plugin.KotlinCompilation;                         : loaded 2 times (x 65B)
Class org.jetbrains.kotlin.gradle.plugin.mpp.KotlinTargetComponentWithPublication     : loaded 2 times (x 66B)
Class org.jetbrains.kotlin.gradle.plugin.mpp.compilationImpl.KotlinCreateNativeCompileTasksSideEffectKt: loaded 2 times (x 67B)
Class org.jetbrains.kotlin.gradle.plugin.KotlinProjectSetupActionKt                   : loaded 2 times (x 67B)
Class org.jetbrains.kotlin.gradle.dsl.KotlinTargetContainerWithJsPresetFunctions      : loaded 2 times (x 66B)
Class org.jetbrains.kotlin.gradle.report.ReportingSettings$Companion                  : loaded 2 times (x 67B)
Class org.jetbrains.kotlin.gradle.report.ConfigureReporingKt                          : loaded 2 times (x 67B)
Class org.jetbrains.kotlin.tooling.core.TypeUtils                                     : loaded 2 times (x 67B)
Class [Lcom.google.common.collect.ImmutableMapEntry;                                  : loaded 2 times (x 65B)
Class org.gradle.api.internal.classpath.EffectiveClassPath                            : loaded 2 times (x 86B)
Class org.jetbrains.kotlin.gradle.plugin.mpp.compilationImpl.DefaultKotlinCompilationConfigurationsContainer: loaded 2 times (x 80B)
Class com.google.common.collect.ImmutableRangeSet                                     : loaded 2 times (x 111B)
Class org.jetbrains.kotlin.konan.target.KonanTarget$ANDROID_ARM32                     : loaded 2 times (x 74B)
Class org.jetbrains.kotlin.gradle.tasks.TasksProviderKt                               : loaded 2 times (x 67B)
Class org.jetbrains.kotlin.gradle.plugin.diagnostics.ToolingDiagnostic                : loaded 2 times (x 68B)
Class org.jetbrains.kotlin.gradle.plugin.sources.DefaultKotlinSourceSetFactory        : loaded 2 times (x 76B)
Class com.google.common.collect.ListMultimap                                          : loaded 2 times (x 66B)
Class com.google.common.collect.ImmutableEnumMap                                      : loaded 2 times (x 122B)
Class org.jetbrains.kotlin.buildtools.api.jvm.ClassSnapshotGranularity                : loaded 2 times (x 75B)
Class org.jetbrains.kotlin.gradle.ExternalKotlinTargetApi                             : loaded 2 times (x 66B)
Class com.google.common.collect.Iterators$EmptyModifiableIterator                     : loaded 2 times (x 82B)
Class org.jetbrains.kotlin.gradle.plugin.diagnostics.checkers.AndroidPluginWithoutAndroidTargetChecker$runChecks$1: loaded 2 times (x 84B)
Class org.jetbrains.kotlin.gradle.plugin.diagnostics.checkers.AndroidSourceSetLayoutV1SourceSetsNotFoundChecker$runChecks$1: loaded 2 times (x 84B)
Class org.jetbrains.kotlin.gradle.plugin.diagnostics.KotlinGradleProjectCheckersRunnerKt$launchKotlinGradleProjectCheckers$1$1: loaded 2 times (x 91B)
Class org.jetbrains.kotlin.konan.target.KonanTarget                                   : loaded 2 times (x 74B)
Class org.jetbrains.kotlin.gradle.targets.CreateDefaultTestRunSideEffectKt            : loaded 2 times (x 67B)
Class org.jetbrains.kotlin.gradle.utils.ProviderApiUtilsKt$mapOrNull$1                : loaded 2 times (x 71B)
Class org.jetbrains.kotlin.gradle.targets.native.toolchain.KotlinNativeBundleBuildService$Companion$registerIfAbsent$1: loaded 2 times (x 71B)
Class org.jetbrains.kotlin.statistics.metrics.BooleanAnonymizationPolicy              : loaded 2 times (x 81B)
Class org.jetbrains.kotlin.statistics.metrics.BooleanOverridePolicy$OVERRIDE          : loaded 2 times (x 81B)
Class org.jetbrains.kotlin.gradle.plugin.PropertiesProvider$kotlinExperimentalTryNext$1: loaded 2 times (x 71B)
Class org.jetbrains.kotlin.gradle.plugin.VariantImplementationFactoriesConfigurator$Companion$getProvider$1: loaded 2 times (x 70B)
Class com.google.common.collect.Sets$1                                                : loaded 2 times (x 135B)
Class org.objectweb.asm.AnnotationVisitor                                             : loaded 2 times (x 74B)
Class org.gradle.api.internal.DefaultClassPathProvider                                : loaded 2 times (x 72B)
Class org.jetbrains.kotlin.gradle.tasks.configuration.KaptGenerateStubsConfig$Companion$wireJavaAndKotlinOutputs$1: loaded 2 times (x 75B)
Class org.jetbrains.kotlin.gradle.plugin.KotlinPluginLifecycleCoroutineContextElement : loaded 2 times (x 80B)
Class org.jetbrains.kotlin.gradle.dsl.PlatformSourceSetConventionsChecker             : loaded 2 times (x 70B)
Class org.jetbrains.kotlin.gradle.plugin.diagnostics.checkers.KotlinSourceSetTreeDependsOnMismatchChecker: loaded 2 times (x 70B)
Class org.jetbrains.kotlin.gradle.targets.CreateDefaultCompilationsSideEffectKt       : loaded 2 times (x 67B)
Class org.jetbrains.kotlin.gradle.plugin.mpp.SyncLanguageSettingsWithKotlinExtensionSetupActionKt: loaded 2 times (x 67B)
Class org.jetbrains.kotlin.statistics.metrics.NumericalMetrics                        : loaded 2 times (x 76B)
Class org.jetbrains.kotlin.gradle.plugin.VariantImplementationFactories$Companion$getProvider$2$1: loaded 2 times (x 75B)
Class com.google.common.collect.Sets$2                                                : loaded 2 times (x 135B)
Class [Lorg.gradle.api.internal.ClassPathProvider;                                    : loaded 2 times (x 65B)
Class org.gradle.api.internal.ClassPathProvider                                       : loaded 2 times (x 66B)
Class org.jetbrains.kotlin.konan.target.HostManager$targetValues$2                    : loaded 2 times (x 74B)
Class org.jetbrains.kotlin.gradle.plugin.diagnostics.checkers.UnusedSourceSetsChecker$runChecks$1: loaded 2 times (x 84B)
Class [Lorg.jetbrains.kotlin.konan.target.Family;                                     : loaded 2 times (x 65B)
Class org.jetbrains.kotlin.gradle.targets.js.npm.PeerNpmDependencyExtension           : loaded 2 times (x 66B)
Class org.jetbrains.kotlin.gradle.dsl.AndroidMainSourceSetConventionsChecker          : loaded 2 times (x 70B)
Class org.jetbrains.kotlin.gradle.plugin.diagnostics.checkers.WasmJsEnvironmentChecker$1: loaded 2 times (x 74B)
Class org.jetbrains.kotlin.gradle.targets.js.npm.NpmDependencyExtensionKt$AddNpmDependencyExtensionProjectSetupAction$1: loaded 2 times (x 70B)
Class org.jetbrains.kotlin.build.report.metrics.GradleBuildPerformanceMetric          : loaded 2 times (x 93B)
Class org.jetbrains.kotlin.gradle.internal.properties.PropertiesBuildService$NullableBooleanGradleProperty: loaded 2 times (x 72B)
Class [Lorg.objectweb.asm.AnnotationVisitor;                                          : loaded 2 times (x 65B)
Class com.google.common.collect.Sets$3                                                : loaded 2 times (x 135B)
Class com.google.common.cache.LocalCache$LocalLoadingCache                            : loaded 2 times (x 130B)
Class org.gradle.internal.service.UnknownServiceException                             : loaded 2 times (x 79B)
Class build_an3weohrvo1yh68dfex3s8pg$_run_closure1                                    : loaded 2 times (x 135B)
Class org.jetbrains.kotlin.gradle.plugin.diagnostics.checkers.ComposePluginSuggestApplyChecker$runChecks$1: loaded 2 times (x 84B)
Class org.jetbrains.kotlin.konan.target.KonanTarget$TVOS_ARM64                        : loaded 2 times (x 74B)
Class org.jetbrains.kotlin.gradle.targets.js.npm.DefaultPeerNpmDependencyExtension    : loaded 2 times (x 137B)
Class org.jetbrains.kotlin.gradle.plugin.KotlinPluginLifecycleKt                      : loaded 2 times (x 67B)
Class org.jetbrains.kotlin.gradle.plugin.diagnostics.checkers.WasmJsEnvironmentChecker$2: loaded 2 times (x 74B)
Class org.jetbrains.kotlin.gradle.plugin.mpp.AbstractKotlinTarget                     : loaded 2 times (x 146B)
Class org.jetbrains.kotlin.gradle.internal.properties.NativePropertiesLoader$kotlinNativeVersion$1: loaded 2 times (x 71B)
Class org.jetbrains.kotlin.gradle.plugin.VariantImplementationFactoriesConfigurator$Inject: loaded 2 times (x 92B)
Class org.jetbrains.kotlin.gradle.dsl.KotlinSingleTargetExtension                     : loaded 2 times (x 120B)
Class com.google.common.collect.Sets$4                                                : loaded 2 times (x 135B)
Class org.objectweb.asm.ModuleVisitor                                                 : loaded 2 times (x 77B)
Class com.google.common.cache.LocalCache$Strength$1                                   : loaded 2 times (x 77B)
Class build_ob770vx9cue1z67p2gxxxe49                                                  : loaded 2 times (x 176B)
Class org.jetbrains.kotlin.gradle.plugin.mpp.compilationImpl.KotlinCompilationTaskNamesContainer: loaded 2 times (x 68B)
Class org.jetbrains.kotlin.gradle.plugin.mpp.compilationImpl.factory.KotlinCompilationImplFactory$KotlinCompilerOptionsFactory: loaded 2 times (x 66B)
Class org.jetbrains.kotlin.gradle.internal.properties.PropertiesBuildServiceKt$propertyWithDeprecatedName$1: loaded 2 times (x 71B)
Class org.jetbrains.kotlin.gradle.targets.js.npm.NpmDependencyExtension               : loaded 2 times (x 66B)
Class org.jetbrains.kotlin.gradle.plugin.LanguageSettingsBuilder                      : loaded 2 times (x 66B)
Class org.jetbrains.kotlin.gradle.plugin.diagnostics.checkers.WasmWasiEnvironmentChecker: loaded 2 times (x 72B)
Class org.jetbrains.kotlin.gradle.plugin.diagnostics.checkers.WasmJsEnvironmentChecker$3: loaded 2 times (x 74B)
Class org.jetbrains.kotlin.gradle.targets.ConfigureBuildSideEffectKt                  : loaded 2 times (x 67B)
Class org.jetbrains.kotlin.gradle.plugin.BuildEventsListenerRegistryHolder$Companion  : loaded 2 times (x 67B)
Class [Lorg.jetbrains.kotlin.statistics.metrics.StringMetrics;                        : loaded 2 times (x 65B)
Class org.jetbrains.kotlin.gradle.internal.properties.PropertiesBuildService$Inject   : loaded 2 times (x 92B)
Class com.google.common.util.concurrent.SettableFuture                                : loaded 2 times (x 110B)
Class com.google.common.cache.LocalCache$Strength$2                                   : loaded 2 times (x 77B)
Class org.jetbrains.kotlin.gradle.plugin.KotlinPluginLifecycle$ProjectConfigurationResult$Success: loaded 2 times (x 67B)
Class org.jetbrains.kotlin.gradle.internal.StdlibDependencyManagementKt$configureStdlibVersionAlignment$1: loaded 2 times (x 71B)
Class org.jetbrains.kotlin.gradle.plugin.diagnostics.checkers.OverriddenKotlinNativeHomeChecker$allKonanMainSubdirectoriesExist$1$1: loaded 2 times (x 71B)
Class org.jetbrains.kotlin.gradle.dsl.PlatformSourceSetConventionsChecker$CheckedPlatformInfo: loaded 2 times (x 68B)
Class org.jetbrains.kotlin.gradle.plugin.diagnostics.checkers.WasmJsEnvironmentChecker$4: loaded 2 times (x 74B)
Class org.jetbrains.kotlin.gradle.plugin.mpp.KotlinUsages$KotlinCinteropDisambiguation: loaded 2 times (x 72B)
Class org.jetbrains.kotlin.gradle.plugin.KotlinPluginInMultipleProjectsHolder         : loaded 2 times (x 68B)
Class org.jetbrains.kotlin.gradle.report.BuildReportType$Companion                    : loaded 2 times (x 67B)
Class com.google.common.cache.LocalCache$Strength$3                                   : loaded 2 times (x 77B)
Class com.google.common.collect.MapDifference                                         : loaded 2 times (x 66B)
Class org.jetbrains.kotlin.gradle.plugin.sources.FragmentConsistencyChecks$optInAnnotationsCheck$1: loaded 2 times (x 75B)
Class org.jetbrains.kotlin.gradle.plugin.mpp.AbstractKotlinCompilationToRunnableFiles : loaded 2 times (x 192B)
Class org.jetbrains.kotlin.gradle.artifacts.KotlinMetadataArtifactKt$KotlinMetadataArtifact$1: loaded 2 times (x 70B)
Class org.jetbrains.kotlin.gradle.plugin.mpp.KotlinUsages$KotlinMetadataCompatibility : loaded 2 times (x 72B)
Class [Lorg.jetbrains.kotlin.gradle.dsl.JvmTarget;                                    : loaded 2 times (x 65B)
Class org.jetbrains.kotlin.gradle.utils.ConfigurationsKt$maybeCreateResolvable$1      : loaded 2 times (x 74B)
Class org.jetbrains.kotlin.gradle.plugin.StatisticsBuildFlowManager$Companion         : loaded 2 times (x 67B)
Class org.jetbrains.kotlin.statistics.metrics.StringMetrics$Companion                 : loaded 2 times (x 67B)
Class org.jetbrains.kotlin.gradle.internal.properties.PropertiesBuildService$property$1$1: loaded 2 times (x 71B)
Class org.jetbrains.kotlin.tooling.core.Extras$Type                                   : loaded 2 times (x 68B)
Class org.objectweb.asm.FieldWriter                                                   : loaded 2 times (x 74B)
Class com.google.common.cache.CacheBuilder$NullListener                               : loaded 2 times (x 78B)
Class org.gradle.internal.classpath.TransformedClassPath                              : loaded 2 times (x 92B)
Class org.gradle.internal.classloader.InstrumentingClassLoader                        : loaded 2 times (x 66B)
Class build_45r6e4dayx7duntkmz18qbny2                                                 : loaded 2 times (x 176B)
Class com.google.common.collect.ImmutableRangeSet$AsSet                               : loaded 2 times (x 296B)
Class org.jetbrains.kotlin.gradle.plugin.sources.FragmentConsistencyChecks$optInAnnotationsCheck$2: loaded 2 times (x 74B)
Class org.jetbrains.kotlin.gradle.targets.NativeForwardImplementationToApiElementsSideEffectKt$special$$inlined$KotlinTargetSideEffect$1: loaded 2 times (x 70B)
Class org.jetbrains.kotlin.gradle.plugin.BuildFinishedListenerService$Companion       : loaded 2 times (x 67B)
Class org.jetbrains.kotlin.gradle.plugin.BuildFinishedListenerService                 : loaded 2 times (x 76B)
Class com.google.common.cache.CacheLoader$FunctionToCacheLoader                       : loaded 2 times (x 71B)
Class com.google.common.collect.Iterators$ArrayItr                                    : loaded 2 times (x 93B)
Class com.google.common.collect.ImmutableCollection$Builder                           : loaded 2 times (x 72B)
Class org.jetbrains.kotlin.gradle.tasks.configuration.TaskConfigAction                : loaded 2 times (x 68B)
Class org.jetbrains.kotlin.gradle.plugin.diagnostics.checkers.OverriddenKotlinNativeHomeChecker$allKonanMainSubdirectoriesExist$1: loaded 2 times (x 71B)
Class org.jetbrains.kotlin.gradle.plugin.AbstractKotlinPlugin$Companion               : loaded 2 times (x 67B)
Class org.jetbrains.kotlin.gradle.plugin.KotlinSourceSetTree                          : loaded 2 times (x 68B)
Class org.jetbrains.kotlin.gradle.plugin.KotlinPluginLifecycle$Stage                  : loaded 2 times (x 75B)
Class org.jetbrains.kotlin.gradle.plugin.mpp.compilationImpl.KotlinCreateResourcesTaskSideEffectKt$KotlinCreateResourcesTaskSideEffect$1: loaded 2 times (x 70B)
Class org.jetbrains.kotlin.gradle.plugin.sources.KotlinSourceSetFactory               : loaded 2 times (x 76B)
Class org.jetbrains.kotlin.gradle.targets.native.toolchain.KotlinNativeBundleBuildService$Parameters_Decorated: loaded 2 times (x 139B)
Class org.jetbrains.kotlin.gradle.internal.ClassLoadersCachingBuildService$Companion  : loaded 2 times (x 67B)
Class com.google.common.base.Joiner                                                   : loaded 2 times (x 75B)
Class com.google.common.base.MoreObjects                                              : loaded 2 times (x 67B)
Class org.jetbrains.kotlin.gradle.utils.ProviderApiUtilsKt$mapOrNull$1$1              : loaded 2 times (x 71B)
Class org.jetbrains.kotlin.gradle.plugin.hierarchy.KotlinSourceSetTreeClassifier$Default: loaded 2 times (x 67B)
Class org.jetbrains.kotlin.gradle.plugin.mpp.InternalKotlinCompilationKt              : loaded 2 times (x 67B)
Class org.jetbrains.kotlin.gradle.tasks.configuration.AbstractKotlinCompileConfig     : loaded 2 times (x 68B)
Class org.jetbrains.kotlin.gradle.plugin.mpp.compilationImpl.KotlinCompilationImpl$attributes$2: loaded 2 times (x 75B)
Class org.jetbrains.kotlin.gradle.plugin.diagnostics.checkers.OverriddenKotlinNativeHomeChecker$StdlibExistenceCheckerValueSource: loaded 2 times (x 74B)
Class org.jetbrains.kotlin.build.report.metrics.GradleBuildTime                       : loaded 2 times (x 84B)
Class org.jetbrains.kotlin.gradle.utils.IsolatedKotlinClasspathClassCastException     : loaded 2 times (x 78B)
Class org.jetbrains.kotlin.gradle.utils.Completable$await$1                           : loaded 2 times (x 84B)
Class [Lorg.objectweb.asm.Type;                                                       : loaded 2 times (x 65B)
Class com.google.common.collect.UnmodifiableIterator                                  : loaded 2 times (x 76B)
Class org.gradle.internal.service.ServiceLocator                                      : loaded 2 times (x 66B)
Class org.jetbrains.kotlin.gradle.utils.GradleAttributesContainerUtilsKt$copyAttributeTo$1: loaded 2 times (x 75B)
Class org.jetbrains.kotlin.gradle.plugin.hierarchy.KotlinSourceSetTreeClassifierKt$classify$1: loaded 2 times (x 84B)
Class [Lorg.jetbrains.kotlin.konan.target.KonanTarget;                                : loaded 2 times (x 65B)
Class org.jetbrains.kotlin.gradle.plugin.diagnostics.checkers.WasmSourceSetsNotFoundChecker: loaded 2 times (x 70B)
Class org.jetbrains.kotlin.gradle.plugin.diagnostics.checkers.AndroidSourceSetLayoutV1SourceSetsNotFoundChecker$androidSourceSetRegex$2: loaded 2 times (x 74B)
Class org.jetbrains.kotlin.gradle.plugin.statistics.KotlinBuildStatsLoggerService$Companion: loaded 2 times (x 67B)
Class com.google.common.base.Ascii                                                    : loaded 2 times (x 67B)
Class com.google.common.collect.SingletonImmutableBiMap                               : loaded 2 times (x 139B)
Class com.google.common.cache.LocalCache$1                                            : loaded 2 times (x 85B)
Class com.google.common.collect.Iterators$SingletonIterator                           : loaded 2 times (x 77B)
Class com.google.common.collect.AbstractMapEntry                                      : loaded 2 times (x 77B)
Class org.jetbrains.kotlin.gradle.plugin.KotlinCompilationWithResources               : loaded 2 times (x 66B)
Class com.google.common.collect.Sets$ImprovedAbstractSet                              : loaded 2 times (x 131B)
Class com.google.common.collect.ImmutableList$Builder                                 : loaded 2 times (x 73B)
Class org.jetbrains.kotlin.gradle.plugin.KotlinTargetPreset                           : loaded 2 times (x 66B)
Class org.jetbrains.kotlin.gradle.plugin.diagnostics.checkers.KotlinTargetAlreadyDeclaredChecker: loaded 2 times (x 70B)
Class org.jetbrains.kotlin.gradle.plugin.mpp.compilationImpl.KotlinCompilationProcessorSideEffectKt: loaded 2 times (x 67B)
Class org.jetbrains.kotlin.gradle.utils.FileUtilsKt$localProperties$1                 : loaded 2 times (x 71B)
Class org.jetbrains.kotlin.gradle.dsl.HasConfigurableKotlinCompilerOptions            : loaded 2 times (x 66B)
Class com.google.common.collect.AbstractMultimap                                      : loaded 2 times (x 119B)
Class com.google.common.cache.LocalCache$2                                            : loaded 2 times (x 138B)
Class org.jetbrains.kotlin.gradle.plugin.statistics.KotlinProjectConfigurationMetrics : loaded 2 times (x 67B)
Class org.jetbrains.kotlin.gradle.plugin.KotlinCompilationInfo$TCS                    : loaded 2 times (x 85B)
Class com.google.common.collect.ImmutableRangeSet$1                                   : loaded 2 times (x 206B)
Class org.jetbrains.kotlin.gradle.plugin.mpp.HasBinaries                              : loaded 2 times (x 66B)
Class org.jetbrains.kotlin.gradle.dsl.KotlinCommonOptions                             : loaded 2 times (x 66B)
Class org.jetbrains.kotlin.gradle.plugin.mpp.compilationImpl.KotlinCreateSourcesJarTaskSideEffectKt: loaded 2 times (x 67B)
Class org.jetbrains.kotlin.gradle.dsl.KotlinJvmProjectExtension                       : loaded 2 times (x 143B)
Class org.jetbrains.kotlin.gradle.plugin.KotlinGradlePluginExtensionPointInternalKt   : loaded 2 times (x 67B)
Class org.jetbrains.kotlin.gradle.targets.native.toolchain.UsesKotlinNativeBundleBuildService: loaded 2 times (x 66B)
Class org.jetbrains.kotlin.gradle.plugin.KotlinCompilerArgumentsProducer              : loaded 2 times (x 66B)
Class org.jetbrains.kotlin.build.report.metrics.ValueType                             : loaded 2 times (x 75B)
Class com.google.common.collect.RegularImmutableAsList                                : loaded 2 times (x 213B)
Class build_7a0t8eh8ch6d1fpddf5v8a6bu$_run_closure1                                   : loaded 2 times (x 135B)
Class org.jetbrains.kotlin.gradle.tasks.configuration.BaseKotlinCompileConfig$1$classpathConfiguration$1: loaded 2 times (x 71B)
Class com.google.common.collect.Range                                                 : loaded 2 times (x 83B)
Class org.jetbrains.kotlin.gradle.targets.js.npm.NpmDependencyExtensionDelegate       : loaded 2 times (x 163B)
Class org.jetbrains.kotlin.gradle.plugin.sources.FragmentConsistencyChecker           : loaded 2 times (x 68B)
Class org.jetbrains.kotlin.gradle.dsl.DefaultToolchainSupport_Decorated               : loaded 2 times (x 120B)
Class org.jetbrains.kotlin.gradle.internal.properties.NativePropertiesLoader$jvmArgs$1: loaded 2 times (x 71B)
Class org.jetbrains.kotlin.gradle.report.BuildMetricsService$Companion                : loaded 2 times (x 67B)
Class org.jetbrains.kotlin.gradle.tasks.KotlinCompileTool                             : loaded 2 times (x 66B)
Class org.jetbrains.kotlin.gradle.plugin.VariantImplementationFactories$Parameters_Decorated: loaded 2 times (x 130B)
Class org.jetbrains.kotlin.gradle.plugin.PropertiesProvider$PropertyNames             : loaded 2 times (x 67B)
Class org.jetbrains.kotlin.gradle.utils.SingleAction$PerformedActions                 : loaded 2 times (x 68B)
Class org.jetbrains.kotlin.gradle.utils.GradleUtilsKt                                 : loaded 2 times (x 67B)
Class org.jetbrains.kotlin.gradle.plugin.HasProject                                   : loaded 2 times (x 66B)
Class com.google.common.util.concurrent.AbstractFuture$Trusted                        : loaded 2 times (x 66B)
Class com.google.common.collect.Iterators                                             : loaded 2 times (x 67B)
Class org.jetbrains.kotlin.gradle.tasks.configuration.BaseKotlinCompileConfig         : loaded 2 times (x 68B)
Class org.jetbrains.kotlin.gradle.plugin.mpp.compilationImpl.factory.KotlinCompilationImplFactory$KotlinCompilationTaskNamesContainerFactory: loaded 2 times (x 66B)
Class org.jetbrains.kotlin.gradle.internal.KotlinDependenciesManagementKt$CustomizeKotlinDependenciesSetupAction$1$coreLibrariesVersion$1: loaded 2 times (x 75B)
Class org.jetbrains.kotlin.gradle.plugin.diagnostics.checkers.CInteropInputChecker$runChecks$1: loaded 2 times (x 84B)
Class org.jetbrains.kotlin.gradle.ExperimentalKotlinGradlePluginApi                   : loaded 2 times (x 66B)
Class org.jetbrains.kotlin.gradle.internal.properties.NativePropertiesLoader          : loaded 2 times (x 81B)
Class [Lorg.jetbrains.kotlin.build.report.metrics.BuildTime;                          : loaded 2 times (x 65B)
Class org.jetbrains.kotlin.statistics.metrics.NumberAnonymizationPolicy$SAFE          : loaded 2 times (x 81B)
Class org.jetbrains.kotlin.gradle.plugin.statistics.BuildFusService                   : loaded 2 times (x 80B)
Class com.google.common.collect.Lists$StringAsImmutableList                           : loaded 2 times (x 203B)
Class com.google.common.util.concurrent.UncheckedExecutionException                   : loaded 2 times (x 78B)
Class build_9ikfdbhr5g6kwtfckd5y5wxqh$_run_closure1                                   : loaded 2 times (x 135B)
Class org.jetbrains.kotlin.gradle.plugin.diagnostics.checkers.CInteropInputChecker$runChecks$2: loaded 2 times (x 71B)
Class org.jetbrains.kotlin.gradle.tasks.configuration.KaptGenerateStubsConfig$Companion: loaded 2 times (x 67B)
Class org.jetbrains.kotlin.gradle.internal.KotlinTestDependencyManagementKt$maybeAddTestDependencyCapability$1: loaded 2 times (x 71B)
Class org.jetbrains.kotlin.gradle.plugin.diagnostics.CheckKotlinGradlePluginConfigurationErrorsKt: loaded 2 times (x 67B)
Class org.jetbrains.kotlin.gradle.targets.js.npm.NpmDependencyExtensionKt$AddNpmDependencyExtensionProjectSetupAction$1$WhenMappings: loaded 2 times (x 67B)
Class org.jetbrains.kotlin.gradle.plugin.mpp.KotlinJvmAndroidCompilation              : loaded 2 times (x 194B)
Class org.jetbrains.kotlin.gradle.targets.CreateDefaultCompilationsSideEffectKt$CreateDefaultCompilationsSideEffect$1: loaded 2 times (x 70B)
Class org.jetbrains.kotlin.gradle.targets.native.internal.AddKotlinPlatformIntegersSupportLibraryKt$AddKotlinPlatformIntegersSupportLibrary$1: loaded 2 times (x 91B)
Class org.jetbrains.kotlin.gradle.plugin.mpp.ApplyUserDefinedAttributesKt             : loaded 2 times (x 67B)
Class org.jetbrains.kotlin.gradle.utils.FutureImpl                                    : loaded 2 times (x 76B)
Class org.jetbrains.kotlin.gradle.internal.properties.NativePropertiesLoader$isToolchainEnabled$1: loaded 2 times (x 71B)
Class [Lorg.jetbrains.kotlin.statistics.metrics.NumericalMetrics;                     : loaded 2 times (x 65B)
Class org.gradle.internal.InternalTransformer                                         : loaded 2 times (x 66B)
Class org.jetbrains.kotlin.gradle.tasks.CompileUsingKotlinDaemonWithNormalization     : loaded 2 times (x 66B)
Class org.jetbrains.kotlin.gradle.plugin.mpp.compilationImpl.factory.KotlinCompilationImplFactory$PostConfigure$Companion: loaded 2 times (x 67B)
Class com.google.common.collect.AbstractMapBasedMultimap$KeySet$1                     : loaded 2 times (x 78B)
Class org.jetbrains.kotlin.gradle.internal.KotlinDomApiDependencyManagementKt$configureKotlinDomApiDefaultDependency$1: loaded 2 times (x 75B)
Class org.jetbrains.kotlin.gradle.targets.js.npm.DefaultDevNpmDependencyExtension     : loaded 2 times (x 141B)
Class [Lorg.jetbrains.kotlin.gradle.plugin.HasKotlinDependencies;                     : loaded 2 times (x 65B)
Class org.jetbrains.kotlin.gradle.tasks.DefaultKotlinJavaToolchain$Companion$wireJvmTargetToToolchain$1: loaded 2 times (x 71B)
Class org.jetbrains.kotlin.gradle.plugin.diagnostics.checkers.JsLikeEnvironmentChecker: loaded 2 times (x 72B)
Class org.jetbrains.kotlin.gradle.plugin.KotlinPlatformType                           : loaded 2 times (x 78B)
Class org.jetbrains.kotlin.gradle.plugin.KotlinGradleBuildServices$Companion          : loaded 2 times (x 67B)
Class org.jetbrains.kotlin.gradle.internal.properties.PropertiesBuildServiceKt        : loaded 2 times (x 67B)
Class org.objectweb.asm.ClassWriter                                                   : loaded 2 times (x 102B)
Class com.google.common.base.CharMatcher$And                                          : loaded 2 times (x 108B)
Class com.google.common.cache.CacheLoader$UnsupportedLoadingOperationException        : loaded 2 times (x 78B)
Class org.gradle.internal.classloader.ClasspathUtil$1                                 : loaded 2 times (x 72B)
Class com.google.common.collect.AbstractMapBasedMultimap$Itr                          : loaded 2 times (x 79B)
Class org.jetbrains.kotlin.gradle.plugin.diagnostics.ToolingDiagnosticRenderingOptions$Companion: loaded 2 times (x 67B)
Class org.jetbrains.kotlin.gradle.dsl.KotlinJvmCompilerOptionsHelper                  : loaded 2 times (x 67B)
Class org.jetbrains.kotlin.gradle.tasks.DefaultKotlinJavaToolchain$Companion$wireJvmTargetToToolchain$2: loaded 2 times (x 71B)
Class org.jetbrains.kotlin.gradle.plugin.ProjectLocalConfigurations$ProjectLocalDisambiguation: loaded 2 times (x 72B)
Class org.jetbrains.kotlin.gradle.plugin.mpp.apple.swiftexport.internal.SwiftExportInitKt: loaded 2 times (x 67B)
Class org.jetbrains.kotlin.gradle.internal.properties.PropertiesBuildService$NullableStringGradleProperty: loaded 2 times (x 72B)
Class org.jetbrains.kotlin.gradle.plugin.KotlinGradleBuildServices$detectKotlinPluginLoadedInMultipleProjects$onRegister$1$1: loaded 2 times (x 71B)
Class org.jetbrains.kotlin.gradle.plugin.internal.ConfigurationCacheStartParameterAccessor$Factory: loaded 2 times (x 66B)
Class org.objectweb.asm.FieldVisitor                                                  : loaded 2 times (x 73B)
Class com.google.common.collect.IndexedImmutableSet                                   : loaded 2 times (x 148B)
Class com.google.common.collect.ImmutableMap$1                                        : loaded 2 times (x 77B)
Class com.google.common.collect.BiMap                                                 : loaded 2 times (x 66B)
Class org.gradle.api.internal.classpath.DefaultModuleRegistry$DefaultModule           : loaded 2 times (x 82B)
Class org.jetbrains.kotlin.gradle.plugin.mpp.compilationImpl.KotlinCompilationSourceSetInclusion$DefaultAddSourcesToCompileTask$addSources$1: loaded 2 times (x 75B)
Class org.jetbrains.kotlin.gradle.plugin.diagnostics.checkers.WasmSourceSetsNotFoundChecker$wasmSourceSetRegex$2: loaded 2 times (x 74B)
Class org.jetbrains.kotlin.gradle.plugin.mpp.compilationImpl.KotlinCompilationSideEffect: loaded 2 times (x 66B)
Class org.jetbrains.kotlin.gradle.plugin.KotlinGradlePluginExtensionPoint             : loaded 2 times (x 66B)
Class org.jetbrains.kotlin.tooling.core.ExtrasUtilsKt                                 : loaded 2 times (x 67B)
Class org.jetbrains.kotlin.buildtools.api.ExperimentalBuildToolsApi                   : loaded 2 times (x 66B)
Class org.jetbrains.kotlin.gradle.utils.ResourceUtilsKt                               : loaded 2 times (x 67B)
Class org.jetbrains.kotlin.gradle.plugin.KotlinPluginWrapperKt$kotlinPluginVersionFromResources$1: loaded 2 times (x 74B)
Class com.google.common.primitives.Ints                                               : loaded 2 times (x 67B)
Class com.google.common.collect.AbstractIterator                                      : loaded 2 times (x 78B)
Class org.jetbrains.kotlin.gradle.plugin.mpp.KotlinTargetSoftwareComponentImplKt$KotlinTargetSoftwareComponent$1$1$1: loaded 2 times (x 71B)
Class org.jetbrains.kotlin.gradle.tasks.configuration.KaptGenerateStubsConfig$Companion$configureLibraries$1: loaded 2 times (x 75B)
Class org.jetbrains.kotlin.gradle.plugin.mpp.compilationImpl.KotlinCompilationSourceSetInclusion$DefaultAddSourcesToCompileTask$addSources$2: loaded 2 times (x 75B)
Class org.jetbrains.kotlin.gradle.tasks.AbstractKotlinCompile                         : loaded 2 times (x 455B)
Class org.jetbrains.kotlin.gradle.plugin.KotlinCompilationOutput                      : loaded 2 times (x 66B)
Class org.jetbrains.kotlin.gradle.plugin.diagnostics.CheckKotlinGradlePluginConfigurationErrorsKt$addDependsOnFromTasksThatShouldFailWhenErrorsReported$1: loaded 2 times (x 71B)
Class org.jetbrains.kotlin.konan.target.KonanTarget$TVOS_X64                          : loaded 2 times (x 74B)
Class org.jetbrains.kotlin.gradle.plugin.diagnostics.KotlinToolingDiagnosticsSetupActionKt: loaded 2 times (x 67B)
Class org.jetbrains.kotlin.gradle.plugin.KotlinGradleBuildServices$Parameters$Inject  : loaded 2 times (x 102B)
Class org.jetbrains.kotlin.gradle.plugin.KotlinPluginWrapperKt$kotlinPluginVersionFromResources$1$1: loaded 2 times (x 67B)
Class com.google.common.collect.ObjectArrays                                          : loaded 2 times (x 67B)
Class com.google.common.collect.Multiset                                              : loaded 2 times (x 66B)
Class com.google.common.collect.ArrayListMultimapGwtSerializationDependencies         : loaded 2 times (x 168B)
Class com.google.common.collect.AbstractIndexedListIterator                           : loaded 2 times (x 92B)
Class com.google.common.math.MathPreconditions                                        : loaded 2 times (x 67B)
Class org.jetbrains.kotlin.tooling.core.Extras$Entry                                  : loaded 2 times (x 68B)
Class org.jetbrains.kotlin.gradle.plugin.sources.InternalKotlinSourceSetKt            : loaded 2 times (x 67B)
Class org.jetbrains.kotlin.gradle.internal.Kapt3GradleSubplugin$Kapt3SubpluginContext : loaded 2 times (x 68B)
Class org.jetbrains.kotlin.gradle.artifacts.KotlinTargetArtifact                      : loaded 2 times (x 66B)
Class org.jetbrains.kotlin.gradle.dsl.KotlinJvmCompilerOptionsDefault_Decorated       : loaded 2 times (x 167B)
Class org.jetbrains.kotlin.gradle.plugin.HasKotlinDependencies                        : loaded 2 times (x 66B)
Class org.jetbrains.kotlin.gradle.targets.native.toolchain.KotlinNativeBundleBuildService$Companion: loaded 2 times (x 67B)
Class org.jetbrains.kotlin.gradle.plugin.BuildEventsListenerRegistryHolder_Decorated  : loaded 2 times (x 115B)
Class org.jetbrains.kotlin.gradle.plugin.statistics.MetricContainer                   : loaded 2 times (x 68B)
Class org.jetbrains.kotlin.gradle.plugin.statistics.old.Pre232IdeaKotlinBuildStatsMXBean: loaded 2 times (x 66B)
Class org.jetbrains.kotlin.gradle.plugin.statistics.KotlinBuildStatsServicesRegistry  : loaded 2 times (x 74B)
Class org.jetbrains.kotlin.gradle.plugin.VariantImplementationFactoriesConfigurator   : loaded 2 times (x 72B)
Class com.google.common.collect.ImmutableMapEntrySet                                  : loaded 2 times (x 148B)
Class org.gradle.api.internal.classpath.Module                                        : loaded 2 times (x 66B)
Class build_63xdntbx9kfpcid0995hlgqfy                                                 : loaded 2 times (x 177B)
Class org.jetbrains.kotlin.gradle.internal.transforms.BuildToolsApiClasspathEntrySnapshotTransform$Parameters_Decorated: loaded 2 times (x 153B)
Class org.jetbrains.kotlin.gradle.plugin.mpp.compilationImpl.KotlinCompilationSourceSetInclusion$Companion$includedSourceSets$2: loaded 2 times (x 74B)
Class org.jetbrains.kotlin.gradle.plugin.diagnostics.KotlinToolingDiagnosticsSetupActionKt$KotlinToolingDiagnosticsSetupAction$1$1: loaded 2 times (x 71B)
Class org.jetbrains.kotlin.gradle.targets.js.npm.NpmDirectoryDependencyWithExternalsExtension: loaded 2 times (x 66B)
Class org.jetbrains.kotlin.gradle.plugin.KotlinProjectSetupAction                     : loaded 2 times (x 66B)
Class org.jetbrains.kotlin.gradle.plugin.KotlinGradleFinishBuildHandler$Companion     : loaded 2 times (x 67B)
Class com.google.common.cache.Weigher                                                 : loaded 2 times (x 66B)
Class org.gradle.api.internal.classpath.UnknownModuleException                        : loaded 2 times (x 78B)
Class org.jetbrains.kotlin.gradle.plugin.mpp.InternalKotlinTargetComponentKt          : loaded 2 times (x 67B)
Class org.jetbrains.kotlin.gradle.plugin.mpp.InternalKotlinTarget$DefaultImpls        : loaded 2 times (x 67B)
Class org.jetbrains.kotlin.gradle.plugin.KotlinPluginLifecycleImpl$executeCurrentStageAndScheduleNext$3: loaded 2 times (x 71B)
Class org.jetbrains.kotlin.gradle.plugin.mpp.compilationImpl.KotlinCompilationRegisterInSourceSetsConfigurator$configure$1: loaded 2 times (x 75B)
Class org.jetbrains.kotlin.gradle.plugin.diagnostics.KotlinToolingDiagnosticsSetupActionKt$KotlinToolingDiagnosticsSetupAction$1$2: loaded 2 times (x 91B)
Class org.jetbrains.kotlin.gradle.targets.js.npm.NpmDependencyWithExternalsExtension  : loaded 2 times (x 66B)
Class org.jetbrains.kotlin.gradle.plugin.mpp.KotlinUsageContext                       : loaded 2 times (x 66B)
Class org.jetbrains.kotlin.gradle.plugin.KotlinTargetsContainer                       : loaded 2 times (x 66B)
Class org.jetbrains.kotlin.compilerRunner.GradleCliCommonizerKt                       : loaded 2 times (x 67B)
Class org.jetbrains.kotlin.gradle.utils.ConfigurationsKt                              : loaded 2 times (x 67B)
Class org.jetbrains.kotlin.gradle.plugin.StatisticsBuildFlowManager                   : loaded 2 times (x 68B)
Class org.jetbrains.kotlin.gradle.plugin.statistics.BuildFusService$Parameters        : loaded 2 times (x 66B)
Class org.jetbrains.kotlin.gradle.plugin.PluginWrappersKt                             : loaded 2 times (x 67B)
Class com.google.common.base.Stopwatch                                                : loaded 2 times (x 68B)
Class com.google.common.cache.LocalCache$Strength                                     : loaded 2 times (x 77B)
Class com.google.common.cache.Cache                                                   : loaded 2 times (x 66B)
Class org.jetbrains.kotlin.gradle.plugin.mpp.InternalKotlinTargetKt                   : loaded 2 times (x 67B)
Class org.jetbrains.kotlin.gradle.plugin.diagnostics.KotlinToolingDiagnosticsSetupActionKt$KotlinToolingDiagnosticsSetupAction$1$3: loaded 2 times (x 71B)
Class org.jetbrains.kotlin.gradle.targets.js.dsl.KotlinTargetWithNodeJsDsl            : loaded 2 times (x 66B)
Class org.jetbrains.kotlin.gradle.plugin.sources.DefaultKotlinSourceSetKt$defaultSourceSetLanguageSettingsChecker$1: loaded 2 times (x 74B)
Class org.jetbrains.kotlin.gradle.plugin.sources.InternalKotlinSourceSet              : loaded 2 times (x 66B)
Class org.jetbrains.kotlin.gradle.plugin.KotlinJvmPlugin                              : loaded 2 times (x 75B)
Class org.jetbrains.kotlin.gradle.plugin.mpp.SyncLanguageSettingsWithKotlinExtensionSetupActionKt$SyncLanguageSettingsWithKotlinExtensionSetupAction$1: loaded 2 times (x 91B)
Class org.jetbrains.kotlin.gradle.dsl.KotlinGradlePluginPublicDsl                     : loaded 2 times (x 66B)
Class org.jetbrains.kotlin.gradle.internal.properties.NativeProperties                : loaded 2 times (x 66B)
Class org.jetbrains.kotlin.statistics.BuildSessionLogger                              : loaded 2 times (x 73B)
Class org.jetbrains.kotlin.gradle.plugin.internal.ConfigurationCacheStartParameterAccessor: loaded 2 times (x 66B)
Class com.google.common.util.concurrent.AbstractFuture$Cancellation                   : loaded 2 times (x 68B)
Class com.google.common.collect.ImmutableMap$Builder                                  : loaded 2 times (x 78B)
Class org.jetbrains.kotlin.gradle.utils.FutureKt$future$2$1                           : loaded 2 times (x 91B)
Class [Lorg.jetbrains.kotlin.gradle.plugin.statistics.plugins.ObservablePlugins;      : loaded 2 times (x 65B)
Class org.jetbrains.kotlin.gradle.plugin.internal.BuildIdService$Companion$registerIfAbsent$1$1: loaded 2 times (x 71B)
Class org.jetbrains.kotlin.konan.target.KonanTarget$IOS_ARM64                         : loaded 2 times (x 74B)
Class org.jetbrains.kotlin.gradle.targets.js.dsl.KotlinWasmTargetDsl                  : loaded 2 times (x 66B)
Class org.jetbrains.kotlin.gradle.plugin.diagnostics.checkers.DisabledCinteropCommonizationInHmppProjectChecker$runChecks$1: loaded 2 times (x 84B)
Class org.jetbrains.kotlin.gradle.plugin.sources.ConsistencyCheck                     : loaded 2 times (x 68B)
Class org.jetbrains.kotlin.gradle.plugin.sources.DefaultKotlinSourceSetKt$defaultSourceSetLanguageSettingsChecker$2: loaded 2 times (x 74B)
Class org.jetbrains.kotlin.gradle.dsl.KotlinCommonToolOptions                         : loaded 2 times (x 66B)
Class org.jetbrains.kotlin.gradle.plugin.AbstractKotlinPlugin                         : loaded 2 times (x 74B)
Class org.jetbrains.kotlin.gradle.tasks.DefaultKotlinJavaToolchain$Companion$wireJvmTargetToJvm$1: loaded 2 times (x 71B)
Class org.jetbrains.kotlin.gradle.plugin.diagnostics.checkers.ComposePluginSuggestApplyChecker: loaded 2 times (x 70B)
Class org.jetbrains.kotlin.gradle.dsl.KotlinMultiplatformExtension                    : loaded 2 times (x 603B)
Class com.google.common.cache.RemovalListener                                         : loaded 2 times (x 66B)
Class org.gradle.api.internal.DefaultClassPathRegistry                                : loaded 2 times (x 72B)
Class build_cea53nf7900pva0gt5w0rwapg$_run_closure1                                   : loaded 2 times (x 135B)
Class org.jetbrains.kotlin.gradle.plugin.mpp.KotlinTargetSoftwareComponentImplKt$KotlinTargetSoftwareComponent$1$1$configuration$1: loaded 2 times (x 75B)
Class org.jetbrains.kotlin.gradle.targets.js.npm.DefaultPeerNpmDependencyExtension$delegate$1: loaded 2 times (x 163B)
Class org.jetbrains.kotlin.gradle.targets.js.npm.NpmDependency                        : loaded 2 times (x 93B)
Class org.jetbrains.kotlin.gradle.targets.js.npm.DefaultNpmDependencyExtension        : loaded 2 times (x 148B)
Class org.jetbrains.kotlin.gradle.targets.js.npm.NpmDependency$Scope                  : loaded 2 times (x 75B)
Class org.jetbrains.kotlin.gradle.plugin.sources.FragmentConsistencyChecks$unstableFeaturesCheck$1: loaded 2 times (x 75B)
Class org.jetbrains.kotlin.gradle.plugin.sources.DefaultKotlinSourceSet               : loaded 2 times (x 137B)
Class org.jetbrains.kotlin.gradle.plugin.diagnostics.checkers.AndroidSourceSetLayoutV1SourceSetsNotFoundChecker: loaded 2 times (x 70B)
Class org.jetbrains.kotlin.gradle.utils.ConfigurationsKt$sam$org_gradle_api_Action$0  : loaded 2 times (x 71B)
Class org.jetbrains.kotlin.gradle.plugin.VariantImplementationFactories$Parameters    : loaded 2 times (x 66B)
Class com.google.common.primitives.IntsMethodsForWeb                                  : loaded 2 times (x 67B)
Class com.google.common.collect.Multimap                                              : loaded 2 times (x 66B)
Class org.gradle.api.internal.ClassPathRegistry                                       : loaded 2 times (x 66B)
Class org.gradle.internal.classpath.DefaultClassPath$ImmutableUniqueList              : loaded 2 times (x 195B)
Class org.jetbrains.kotlin.gradle.plugin.KotlinCompilation$DefaultImpls               : loaded 2 times (x 67B)
Class org.jetbrains.kotlin.gradle.utils.ProviderApiUtilsKt$providerWithLazyConvention$1: loaded 2 times (x 70B)
Class org.jetbrains.kotlin.konan.target.KonanTarget$Companion$predefinedTargets$2     : loaded 2 times (x 74B)
Class org.jetbrains.kotlin.gradle.plugin.sources.FragmentConsistencyChecks$unstableFeaturesCheck$2: loaded 2 times (x 74B)
Class org.jetbrains.kotlin.gradle.plugin.KotlinPluginLifecycleImpl                    : loaded 2 times (x 76B)
Class org.jetbrains.kotlin.gradle.plugin.diagnostics.KotlinToolingDiagnostics$WasmWasiEnvironmentNotChosenExplicitly: loaded 2 times (x 69B)
Class org.jetbrains.kotlin.gradle.artifacts.KotlinNativeKlibArtifactKt$KotlinNativeKlibArtifact$1: loaded 2 times (x 70B)
Class org.jetbrains.kotlin.gradle.dsl.KotlinCommonCompilerOptionsDefault              : loaded 2 times (x 92B)
Class org.jetbrains.kotlin.gradle.dsl.KotlinCommonCompilerToolOptionsDefault          : loaded 2 times (x 80B)
Class org.jetbrains.kotlin.gradle.internal.properties.NativePropertiesLoader$isUseXcodeMessageStyleEnabled$1: loaded 2 times (x 71B)
Class org.jetbrains.kotlin.gradle.plugin.statistics.KotlinBuildStatisticsUtilsKt$collectGeneralConfigurationTimeMetrics$statisticOverhead$1$2: loaded 2 times (x 71B)
Class org.jetbrains.kotlin.gradle.plugin.StatisticsBuildFlowManager_Decorated         : loaded 2 times (x 115B)
Class org.jetbrains.kotlin.gradle.report.BuildReportMode$Companion                    : loaded 2 times (x 67B)
Class org.jetbrains.kotlin.gradle.plugin.VariantImplementationFactories$VariantImplementationFactory: loaded 2 times (x 66B)
Class com.google.common.collect.Platform                                              : loaded 2 times (x 67B)
Class org.jetbrains.kotlin.gradle.utils.GradleAttributesContainerUtilsKt              : loaded 2 times (x 67B)
Class org.jetbrains.kotlin.gradle.plugin.mpp.ApplyUserDefinedAttributesKt$UserDefinedAttributesSetupAction$1$1: loaded 2 times (x 75B)
Class org.jetbrains.kotlin.compilerRunner.CompilerSystemPropertiesService             : loaded 2 times (x 76B)
Class org.jetbrains.kotlin.gradle.plugin.mpp.compilationImpl.KotlinCompilationImpl$1  : loaded 2 times (x 75B)
Class org.jetbrains.kotlin.gradle.targets.js.npm.SemVer$Companion                     : loaded 2 times (x 67B)
Class org.jetbrains.kotlin.konan.target.KonanTarget$LINUX_ARM64                       : loaded 2 times (x 74B)
Class org.jetbrains.kotlin.konan.target.KonanTarget$LINUX_X64                         : loaded 2 times (x 74B)
Class [Lorg.jetbrains.kotlin.konan.target.Architecture;                               : loaded 2 times (x 65B)
Class org.jetbrains.kotlin.gradle.targets.native.SetupEmbedAndSignAppleFrameworkTaskSideEffectKt$special$$inlined$KotlinTargetSideEffect$1: loaded 2 times (x 70B)
Class org.jetbrains.kotlin.gradle.plugin.mpp.KotlinUsages$KotlinCinteropCompatibility : loaded 2 times (x 73B)
Class org.jetbrains.kotlin.gradle.dsl.ExplicitApiMode                                 : loaded 2 times (x 75B)
Class org.jetbrains.kotlin.gradle.plugin.VariantImplementationFactories$Companion     : loaded 2 times (x 67B)
Class org.jetbrains.kotlin.gradle.plugin.internal.CustomPropertiesFileValueSource$Parameters_Decorated: loaded 2 times (x 130B)
Class org.jetbrains.kotlin.gradle.dsl.KotlinTopLevelExtensionConfig                   : loaded 2 times (x 66B)
Class com.google.common.cache.CacheBuilder                                            : loaded 2 times (x 68B)
Class com.google.common.collect.SingletonImmutableList                                : loaded 2 times (x 203B)
Class Settings_gradle$1                                                               : loaded 2 times (x 70B)
Class org.gradle.internal.classpath.ClassPath                                         : loaded 2 times (x 66B)
Class org.gradle.api.UncheckedIOException                                             : loaded 2 times (x 78B)
Class org.jetbrains.kotlin.gradle.plugin.mpp.compilationImpl.KotlinCompilationImpl$2  : loaded 2 times (x 75B)
Class com.google.common.base.JdkPattern                                               : loaded 2 times (x 71B)
Class org.jetbrains.kotlin.gradle.dsl.PlatformSourceSetConventionsChecker$runChecks$1 : loaded 2 times (x 84B)
Class org.jetbrains.kotlin.gradle.plugin.mpp.compilationImpl.KotlinCompilationProcessorSideEffectKt$KotlinCompilationProcessorSideEffect$1: loaded 2 times (x 70B)
Class org.jetbrains.kotlin.gradle.dsl.KotlinJvmCompilerOptionsDefault                 : loaded 2 times (x 104B)
Class org.jetbrains.kotlin.gradle.internal.UsesClassLoadersCachingBuildService        : loaded 2 times (x 66B)
Class com.google.common.collect.ImmutableList$ReverseImmutableList                    : loaded 2 times (x 205B)
Class com.google.errorprone.annotations.DoNotMock                                     : loaded 2 times (x 66B)
Class org.jetbrains.kotlin.gradle.internal.transforms.BuildToolsApiClasspathEntrySnapshotTransform$Parameters: loaded 2 times (x 84B)
Class org.jetbrains.kotlin.gradle.plugin.KotlinCompilationInfoKt                      : loaded 2 times (x 67B)
Class org.jetbrains.kotlin.gradle.tasks.KotlinCompile                                 : loaded 2 times (x 500B)
Class org.jetbrains.kotlin.gradle.internal.StdlibDependencyManagementKt               : loaded 2 times (x 67B)
Class org.jetbrains.kotlin.gradle.dsl.PlatformSourceSetConventionsChecker$runChecks$2 : loaded 2 times (x 74B)
Class org.jetbrains.kotlin.konan.target.KonanTarget$MINGW_X64                         : loaded 2 times (x 74B)
Class org.jetbrains.kotlin.gradle.utils.ObservableSet                                 : loaded 2 times (x 66B)
Class org.jetbrains.kotlin.gradle.plugin.diagnostics.KotlinToolingDiagnosticsCollectorKt: loaded 2 times (x 67B)
Class org.jetbrains.kotlin.gradle.plugin.mpp.HierarchyAttributeContainer              : loaded 2 times (x 79B)
Class org.jetbrains.kotlin.gradle.tasks.UsesKotlinJavaToolchain                       : loaded 2 times (x 66B)
Class org.jetbrains.kotlin.gradle.plugin.DefaultKotlinBasePlugin$apply$1              : loaded 2 times (x 71B)
Class org.jetbrains.kotlin.statistics.metrics.StringOverridePolicy$OVERRIDE           : loaded 2 times (x 81B)
Class org.jetbrains.kotlin.gradle.internal.properties.PropertiesBuildService$Params_Decorated: loaded 2 times (x 130B)
Class org.objectweb.asm.SymbolTable$Entry                                             : loaded 2 times (x 70B)
Class Native_plugin_loader_gradle                                                     : loaded 2 times (x 126B)
Class org.jetbrains.kotlin.gradle.plugin.mpp.KotlinTargetComponentWithCoordinatesAndPublication: loaded 2 times (x 66B)
Class org.jetbrains.kotlin.gradle.incremental.UsesIncrementalModuleInfoBuildService   : loaded 2 times (x 66B)
Class org.jetbrains.kotlin.konan.target.KonanTarget$ANDROID_X86                       : loaded 2 times (x 74B)
Class org.jetbrains.kotlin.gradle.dsl.PlatformSourceSetConventionsChecker$runChecks$3 : loaded 2 times (x 74B)
Class org.jetbrains.kotlin.gradle.plugin.RegisterKotlinPluginExtensionsKt             : loaded 2 times (x 67B)
Class org.jetbrains.kotlin.gradle.utils.CompilerOptionsKt$configureExperimentalTryNext$1$1: loaded 2 times (x 74B)
Class org.jetbrains.kotlin.gradle.utils.CompilerOptionsKt                             : loaded 2 times (x 67B)
Class org.jetbrains.kotlin.gradle.plugin.PropertiesProvider$Companion                 : loaded 2 times (x 67B)
Class org.jetbrains.kotlin.gradle.utils.SingleAction                                  : loaded 2 times (x 69B)
Class org.objectweb.asm.Edge                                                          : loaded 2 times (x 68B)
Class com.google.common.base.Suppliers$SupplierOfInstance                             : loaded 2 times (x 75B)
Class com.google.common.collect.Iterators$1                                           : loaded 2 times (x 77B)
Class org.jetbrains.kotlin.tooling.core.ExtrasPropertyKt$extrasLazyProperty$1         : loaded 2 times (x 90B)
Class org.jetbrains.kotlin.gradle.dsl.PlatformSourceSetConventionsChecker$runChecks$4 : loaded 2 times (x 74B)
Class org.jetbrains.kotlin.gradle.plugin.diagnostics.checkers.JsLikeEnvironmentChecker$runChecks$1: loaded 2 times (x 84B)
Class org.jetbrains.kotlin.gradle.plugin.diagnostics.KotlinToolingDiagnostics$WasmJsEnvironmentNotChosenExplicitly: loaded 2 times (x 69B)
Class org.jetbrains.kotlin.gradle.plugin.diagnostics.UsesKotlinToolingDiagnostics     : loaded 2 times (x 66B)
Class org.jetbrains.kotlin.statistics.metrics.BooleanAnonymizationPolicy$SAFE         : loaded 2 times (x 81B)
Class com.google.common.cache.LocalCache$ComputingValueReference                      : loaded 2 times (x 92B)
Class com.google.common.collect.SingletonImmutableSet                                 : loaded 2 times (x 142B)
Class com.google.common.collect.ImmutableMap$IteratorBasedImmutableMap                : loaded 2 times (x 122B)
Class org.jetbrains.kotlin.gradle.plugin.mpp.compilationImpl.DefaultKotlinCompilationSourceSetsContainer$allKotlinSourceSetsImpl$1$1: loaded 2 times (x 76B)
Class org.jetbrains.kotlin.gradle.plugin.mpp.compilationImpl.DefaultKotlinCompilationSourceSetsContainer: loaded 2 times (x 74B)
Class org.jetbrains.kotlin.konan.target.KonanTarget$TVOS_SIMULATOR_ARM64              : loaded 2 times (x 74B)
Class org.jetbrains.kotlin.konan.target.KonanTarget$Companion                         : loaded 2 times (x 67B)
Class org.jetbrains.kotlin.gradle.plugin.KotlinPluginLifecycle$Stage$Companion        : loaded 2 times (x 67B)
Class org.jetbrains.kotlin.gradle.plugin.diagnostics.checkers.DeprecatedKotlinNativeTargetsChecker: loaded 2 times (x 70B)
Class org.jetbrains.kotlin.gradle.targets.native.ConfigureFrameworkExportSideEffectKt$special$$inlined$KotlinTargetSideEffect$1: loaded 2 times (x 70B)
Class org.jetbrains.kotlin.tooling.core.AbstractExtras                                : loaded 2 times (x 137B)
Class com.google.common.cache.LocalCache$Segment                                      : loaded 2 times (x 150B)
Class Native_plugin_loader_gradle$NativePluginLoader$Companion                        : loaded 2 times (x 67B)
Class org.jetbrains.kotlin.gradle.internal.StdlibDependencyManagementKt$addStdlibDependency$1$1: loaded 2 times (x 75B)
Class org.jetbrains.kotlin.gradle.tasks.configuration.BaseKotlinCompileConfig$2$1     : loaded 2 times (x 71B)
Class org.jetbrains.kotlin.gradle.plugin.diagnostics.TransformActionUsingKotlinToolingDiagnostics: loaded 2 times (x 66B)
Class com.google.common.collect.SortedIterable                                        : loaded 2 times (x 66B)
Class org.jetbrains.kotlin.gradle.dsl.PlatformSourceSetConventionsChecker$runChecks$6 : loaded 2 times (x 84B)
Class org.jetbrains.kotlin.gradle.plugin.sources.DefaultKotlinSourceSet_Decorated     : loaded 2 times (x 188B)
Class org.jetbrains.kotlin.gradle.plugin.mpp.KotlinCompilationsKt                     : loaded 2 times (x 67B)
Class org.jetbrains.kotlin.statistics.metrics.StringOverridePolicy                    : loaded 2 times (x 81B)
Class org.jetbrains.kotlin.gradle.plugin.statistics.DefaultKotlinBuildStatsBeanService: loaded 2 times (x 88B)
Class org.jetbrains.kotlin.gradle.utils.GradleUtilsKt$registerClassLoaderScopedBuildService$1: loaded 2 times (x 70B)
Class com.google.common.collect.AbstractListMultimap                                  : loaded 2 times (x 168B)
Class [Lorg.objectweb.asm.SymbolTable$Entry;                                          : loaded 2 times (x 65B)
Class com.google.common.cache.CacheLoader                                             : loaded 2 times (x 70B)
Class com.google.common.collect.Iterators$4                                           : loaded 2 times (x 78B)
Class com.google.common.collect.ImmutableBiMap                                        : loaded 2 times (x 139B)
Class org.gradle.internal.installation.GradleInstallation$1                           : loaded 2 times (x 71B)
Class org.gradle.api.internal.classpath.ModuleRegistry                                : loaded 2 times (x 66B)
Class org.jetbrains.kotlin.gradle.plugin.KotlinPluginLifecycle$ProjectConfigurationResult: loaded 2 times (x 67B)
Class org.jetbrains.kotlin.gradle.internal.KotlinDependenciesManagementKt$configureDefaultVersionsResolutionStrategy$1: loaded 2 times (x 71B)
Class org.jetbrains.kotlin.gradle.internal.StdlibDependencyManagementKt$configureStdlibDefaultDependency$1: loaded 2 times (x 75B)
Class org.jetbrains.kotlin.gradle.model.builder.KotlinModelBuilder$Companion          : loaded 2 times (x 67B)
Class org.jetbrains.kotlin.gradle.plugin.mpp.compilationImpl.KotlinCreateResourcesTaskSideEffectKt: loaded 2 times (x 67B)
Class org.jetbrains.kotlin.gradle.targets.native.internal.SetupKotlinNativePlatformDependenciesAndStdlibKt: loaded 2 times (x 67B)
Class org.jetbrains.kotlin.gradle.plugin.mpp.KotlinUsages                             : loaded 2 times (x 67B)
Class org.jetbrains.kotlin.gradle.internal.properties.NativePropertiesLoader$Companion: loaded 2 times (x 67B)
Class [Lorg.jetbrains.kotlin.build.report.metrics.GradleBuildPerformanceMetric;       : loaded 2 times (x 65B)
Class org.jetbrains.kotlin.gradle.plugin.statistics.KotlinBuildStatsBeanService$Companion: loaded 2 times (x 67B)
Class org.jetbrains.kotlin.gradle.plugin.statistics.BuildFusService$Companion         : loaded 2 times (x 67B)
Class com.google.common.util.concurrent.internal.InternalFutureFailureAccess          : loaded 2 times (x 68B)
Class com.google.common.collect.Iterators$5                                           : loaded 2 times (x 78B)
Class com.google.common.collect.ImmutableSet$JdkBackedSetBuilderImpl                  : loaded 2 times (x 72B)
Class org.jetbrains.kotlin.gradle.plugin.HasCompilerOptions                           : loaded 2 times (x 66B)
Class org.jetbrains.kotlin.gradle.plugin.mpp.compilationImpl.DefaultKotlinCompilationFriendPathsResolver$FriendArtifactResolver: loaded 2 times (x 66B)
Class org.jetbrains.kotlin.konan.target.KonanTarget$WATCHOS_SIMULATOR_ARM64           : loaded 2 times (x 74B)
Class org.jetbrains.kotlin.gradle.targets.js.ir.KotlinJsIrTarget                      : loaded 2 times (x 250B)
Class org.jetbrains.kotlin.gradle.plugin.mpp.DefaultKotlinUsageContext                : loaded 2 times (x 104B)
Class org.jetbrains.kotlin.gradle.plugin.KotlinPluginLifecycleImpl$start$3            : loaded 2 times (x 75B)
Class org.jetbrains.kotlin.gradle.plugin.KotlinMultiplatformPluginWrapper             : loaded 2 times (x 82B)
Class [Lorg.jetbrains.kotlin.statistics.metrics.BooleanMetrics;                       : loaded 2 times (x 65B)
Class org.jetbrains.kotlin.gradle.internal.properties.PropertiesBuildService$Companion: loaded 2 times (x 67B)
Class com.google.common.base.CharMatcher$ForPredicate                                 : loaded 2 times (x 108B)
Class com.google.common.cache.LocalCache$LocalManualCache$1                           : loaded 2 times (x 71B)
Class org.jetbrains.kotlin.gradle.plugin.mpp.compilationImpl.KotlinCompilationConfigurationsContainer: loaded 2 times (x 66B)
Class org.jetbrains.kotlin.gradle.internal.StdlibDependencyManagementKt$addStdlibDependency$1: loaded 2 times (x 71B)
Class [Lorg.jetbrains.kotlin.gradle.plugin.KotlinPluginLifecycle$CoroutineStart;      : loaded 2 times (x 65B)
Class org.jetbrains.kotlin.gradle.dsl.IosSourceSetConventionChecker                   : loaded 2 times (x 70B)
Class org.jetbrains.kotlin.gradle.plugin.diagnostics.KotlinGradleProjectChecker       : loaded 2 times (x 66B)
Class org.jetbrains.kotlin.gradle.plugin.sources.KotlinSourceSetFactory$Companion     : loaded 2 times (x 67B)
Class org.jetbrains.kotlin.gradle.dsl.KotlinMultiplatformSourceSetConventions         : loaded 2 times (x 66B)
Class org.jetbrains.kotlin.statistics.metrics.NumberOverridePolicy$SUM                : loaded 2 times (x 81B)
Class com.google.common.base.CharMatcher$AnyOf                                        : loaded 2 times (x 108B)
Class com.google.common.collect.ImmutableCollection                                   : loaded 2 times (x 121B)
Class org.gradle.api.internal.classpath.DefaultModuleRegistry                         : loaded 2 times (x 82B)
Class org.jetbrains.kotlin.gradle.plugin.mpp.compilationImpl.factory.CompositePostConfigure: loaded 2 times (x 71B)
Class org.jetbrains.kotlin.gradle.targets.native.internal.CInteropConfigurationsKt    : loaded 2 times (x 67B)
Class org.jetbrains.kotlin.gradle.plugin.statistics.BuildFusService$Parameters$Inject : loaded 2 times (x 108B)
Class org.jetbrains.kotlin.build.report.metrics.GradleBuildTime$Companion             : loaded 2 times (x 67B)
Class org.jetbrains.kotlin.statistics.metrics.StatisticsValuesConsumer                : loaded 2 times (x 66B)
Class com.google.common.collect.Lists                                                 : loaded 2 times (x 67B)
Class com.google.common.util.concurrent.ListenableFuture                              : loaded 2 times (x 66B)
Class com.google.common.cache.ReferenceEntry                                          : loaded 2 times (x 66B)
Class com.google.common.base.Converter                                                : loaded 2 times (x 86B)
Class com.google.common.collect.ImmutableSet$CachingAsList                            : loaded 2 times (x 144B)
Class org.jetbrains.kotlin.gradle.model.builder.KotlinModelBuilder                    : loaded 2 times (x 72B)
Class [Lorg.jetbrains.kotlin.tooling.core.HasMutableExtras;                           : loaded 2 times (x 65B)
Class org.jetbrains.kotlin.gradle.plugin.diagnostics.checkers.GradleDeprecatedPropertyChecker: loaded 2 times (x 70B)
Class org.jetbrains.kotlin.gradle.artifacts.KotlinJsKlibArtifactKt$KotlinJsKlibArtifact$1: loaded 2 times (x 70B)
Class org.jetbrains.kotlin.gradle.targets.CreateTargetConfigurationsSideEffectKt      : loaded 2 times (x 67B)
Class org.jetbrains.kotlin.gradle.plugin.mpp.ApplyUserDefinedAttributesKt$UserDefinedAttributesSetupAction$1: loaded 2 times (x 91B)
Class org.jetbrains.kotlin.gradle.plugin.mpp.KotlinAndroidTarget                      : loaded 2 times (x 155B)
Class org.jetbrains.kotlin.gradle.plugin.DefaultKotlinBasePlugin$addKotlinCompilerConfiguration$1: loaded 2 times (x 71B)
Class org.jetbrains.kotlin.gradle.plugin.statistics.NonSynchronizedMetricsContainer   : loaded 2 times (x 78B)
Class org.jetbrains.kotlin.gradle.plugin.internal.DefaultCompatibilityConventionRegistrar: loaded 2 times (x 70B)
Class org.jetbrains.kotlin.gradle.plugin.PropertiesProvider                           : loaded 2 times (x 69B)
Class com.google.common.collect.AbstractMapBasedMultimap                              : loaded 2 times (x 135B)
Class com.google.common.util.concurrent.AbstractFuture                                : loaded 2 times (x 102B)
Class com.google.common.base.FunctionalEquivalence                                    : loaded 2 times (x 79B)
Class com.google.common.collect.Iterators$9                                           : loaded 2 times (x 77B)
Class com.google.common.collect.ImmutableAsList                                       : loaded 2 times (x 205B)
Class org.jetbrains.kotlin.gradle.plugin.mpp.MppSourcesJarKt$sourcesJarTask$1         : loaded 2 times (x 91B)
Class org.jetbrains.kotlin.gradle.plugin.mpp.compilationImpl.factory.KotlinCompilationImplFactory$KotlinCompilationOutputFactory: loaded 2 times (x 66B)
Class org.jetbrains.kotlin.konan.target.TargetSupportException                        : loaded 2 times (x 78B)
Class org.jetbrains.kotlin.gradle.plugin.KotlinCompilationToRunnableFiles             : loaded 2 times (x 66B)
Class org.jetbrains.kotlin.gradle.tooling.BuildKotlinToolingMetadataTaskKt            : loaded 2 times (x 67B)
Class org.jetbrains.kotlin.gradle.plugin.ProjectLocalConfigurations$setupAttributesMatchingStrategy$1$1: loaded 2 times (x 70B)
Class org.jetbrains.kotlin.gradle.targets.native.toolchain.KotlinNativeBundleBuildService$Companion$registerIfAbsent$2$1$1: loaded 2 times (x 71B)
Class org.jetbrains.kotlin.statistics.BuildSessionLogger$Companion                    : loaded 2 times (x 67B)
Class org.objectweb.asm.RecordComponentVisitor                                        : loaded 2 times (x 73B)
Class com.google.common.cache.CacheLoader$SupplierToCacheLoader                       : loaded 2 times (x 71B)
Class org.jetbrains.kotlin.gradle.plugin.mpp.MppSourcesJarKt                          : loaded 2 times (x 67B)
Class org.jetbrains.kotlin.compilerRunner.CompilerSystemPropertiesService$Companion$registerIfAbsent$2$1$1: loaded 2 times (x 71B)
Class org.jetbrains.kotlin.gradle.plugin.KotlinCompilationInfo                        : loaded 2 times (x 84B)
Class org.jetbrains.kotlin.tooling.core.ExtrasPropertyKt                              : loaded 2 times (x 67B)
Class org.jetbrains.kotlin.gradle.tasks.BaseKotlinCompile                             : loaded 2 times (x 66B)
Class org.jetbrains.kotlin.gradle.plugin.internal.UsesBuildIdProviderService          : loaded 2 times (x 66B)
Class org.jetbrains.kotlin.gradle.plugin.mpp.compilationImpl.KotlinCompilationSourceSetInclusion$include$1: loaded 2 times (x 75B)
Class org.jetbrains.kotlin.gradle.plugin.mpp.compilationImpl.factory.KotlinCompilationImplFactory$KotlinCompilationDependencyConfigurationsFactory: loaded 2 times (x 66B)
Class org.jetbrains.kotlin.gradle.plugin.KotlinPluginLifecycleCoroutineContextElement$Key: loaded 2 times (x 67B)
Class org.jetbrains.kotlin.gradle.plugin.diagnostics.KotlinToolingDiagnosticsSetupActionKt$KotlinToolingDiagnosticsSetupAction$1: loaded 2 times (x 70B)
Class org.jetbrains.kotlin.gradle.dsl.KotlinProjectExtensionKt                        : loaded 2 times (x 67B)
Class org.jetbrains.kotlin.gradle.plugin.KotlinGradleBuildServices$Parameters_Decorated: loaded 2 times (x 130B)
Class org.jetbrains.kotlin.gradle.plugin.DefaultKotlinBasePlugin$addKotlinCompilerConfiguration$3: loaded 2 times (x 71B)
Class [Lorg.jetbrains.kotlin.statistics.metrics.IMetricContainerFactory;              : loaded 2 times (x 65B)
Class org.jetbrains.kotlin.gradle.internal.IdeaKt                                     : loaded 2 times (x 67B)
Class org.gradle.internal.service.ServiceLookupException                              : loaded 2 times (x 78B)
Class org.jetbrains.kotlin.gradle.plugin.hierarchy.KotlinSourceSetTreeClassifierKt$sourceSetTreeClassifier$2: loaded 2 times (x 74B)
Class com.google.common.collect.ImmutableSortedSet                                    : loaded 2 times (x 296B)
Class org.jetbrains.kotlin.konan.target.HostManager                                   : loaded 2 times (x 68B)
Class org.jetbrains.kotlin.gradle.targets.js.npm.NpmDirectoryDependencyExtension      : loaded 2 times (x 66B)
Class org.jetbrains.kotlin.gradle.plugin.mpp.KotlinUsageContext$MavenScope            : loaded 2 times (x 75B)
Class org.jetbrains.kotlin.gradle.targets.native.KotilnNativeConfigureBinariesSideEffectKt$special$$inlined$KotlinTargetSideEffect$1: loaded 2 times (x 70B)
Class org.jetbrains.kotlin.gradle.plugin.KotlinProjectSetupAction$Companion           : loaded 2 times (x 67B)
Class [Lcom.google.common.cache.LocalCache$EntryFactory;                              : loaded 2 times (x 65B)
Class org.gradle.internal.classloader.ClassLoaderFactory                              : loaded 2 times (x 66B)
Class org.jetbrains.kotlin.gradle.plugin.SubpluginEnvironment                         : loaded 2 times (x 68B)
Class org.jetbrains.kotlin.gradle.internal.StdlibDependencyManagementKt$addStdlibDependency$1$1$1: loaded 2 times (x 71B)
Class com.google.common.base.CommonPattern                                            : loaded 2 times (x 70B)
Class org.jetbrains.kotlin.gradle.plugin.sources.AbstractKotlinSourceSet              : loaded 2 times (x 137B)
Class org.jetbrains.kotlin.gradle.tooling.BuildKotlinToolingMetadataTaskKt$RegisterBuildKotlinToolingMetadataTask$1: loaded 2 times (x 70B)
Class org.jetbrains.kotlin.compilerRunner.GradleCliCommonizerKt$maybeCreateCommonizerClasspathConfiguration$1$1: loaded 2 times (x 71B)
Class [Lorg.jetbrains.kotlin.build.report.metrics.ValueType;                          : loaded 2 times (x 65B)
Class com.google.common.base.CharMatcher$IsNot                                        : loaded 2 times (x 107B)
Class com.google.common.cache.LocalCache$LocalManualCache                             : loaded 2 times (x 95B)
Class org.gradle.internal.service.CachingServiceLocator                               : loaded 2 times (x 78B)
Class org.jetbrains.kotlin.gradle.plugin.KotlinTargetConfiguratorKt$WhenMappings      : loaded 2 times (x 67B)
Class com.google.common.collect.AbstractMapBasedMultimap$KeySet                       : loaded 2 times (x 133B)
Class com.google.common.collect.RegularImmutableSortedSet                             : loaded 2 times (x 296B)
Class org.jetbrains.kotlin.gradle.internal.KotlinTestDependencyManagementKt$configureKotlinTestDependency$1: loaded 2 times (x 75B)
Class org.jetbrains.kotlin.gradle.plugin.diagnostics.checkers.OverriddenKotlinNativeHomeChecker$StdlibExistenceCheckerValueSource$Params_Decorated: loaded 2 times (x 130B)
Class org.jetbrains.kotlin.project.model.LanguageSettings                             : loaded 2 times (x 66B)
Class org.jetbrains.kotlin.gradle.plugin.KotlinPluginLifecycleKt$kotlinPluginLifecycle$2: loaded 2 times (x 74B)
Class org.jetbrains.kotlin.gradle.plugin.statistics.BuildFusService$Companion$registerIfAbsent$1$1: loaded 2 times (x 75B)
Class org.jetbrains.kotlin.gradle.plugin.internal.CompatibilityConventionRegistrar$Factory: loaded 2 times (x 66B)
Class com.google.common.math.IntMath                                                  : loaded 2 times (x 67B)
Class build_84g3hqh2g9imbpcolbudtfkn6$_run_closure1                                   : loaded 2 times (x 135B)
Class build_7a0t8eh8ch6d1fpddf5v8a6bu                                                 : loaded 2 times (x 177B)
Class org.jetbrains.kotlin.gradle.plugin.mpp.InternalKotlinCompilation$DefaultImpls   : loaded 2 times (x 67B)
Class org.jetbrains.kotlin.gradle.plugin.mpp.compilationImpl.KotlinCompilationSourceSetInclusion$DefaultAddSourcesToCompileTask: loaded 2 times (x 70B)
Class org.jetbrains.kotlin.gradle.internal.KotlinTestDependencyManagementKt$configureKotlinTestDependency$2: loaded 2 times (x 71B)
Class org.jetbrains.kotlin.gradle.dsl.PlatformSourceSetConventionsChecker$runChecks$$inlined$CheckedPlatformInfo$default$1: loaded 2 times (x 74B)
Class [Lorg.jetbrains.kotlin.gradle.plugin.KotlinPluginLifecycle$Stage;               : loaded 2 times (x 65B)
Class org.jetbrains.kotlin.gradle.artifacts.KotlinTargetArtifact$Companion            : loaded 2 times (x 67B)
Class org.jetbrains.kotlin.gradle.plugin.mpp.compilationImpl.KotlinCreateLifecycleTasksSideEffectKt$KotlinCreateLifecycleTasksSideEffect$1: loaded 2 times (x 70B)
Class org.jetbrains.kotlin.gradle.dsl.KotlinGradlePluginDsl                           : loaded 2 times (x 66B)
Class org.jetbrains.kotlin.tooling.core.MutableExtras                                 : loaded 2 times (x 66B)
Class org.jetbrains.kotlin.gradle.plugin.KotlinGradleBuildServices$detectKotlinPluginLoadedInMultipleProjects$onRegister$1: loaded 2 times (x 75B)
Class org.jetbrains.kotlin.build.report.metrics.BuildTime                             : loaded 2 times (x 66B)
Class com.google.common.collect.ImmutableMapEntry                                     : loaded 2 times (x 81B)
Class org.jetbrains.kotlin.gradle.tasks.CompileUsingKotlinDaemon                      : loaded 2 times (x 66B)
Class org.jetbrains.kotlin.gradle.plugin.mpp.KotlinWithJavaTarget                     : loaded 2 times (x 156B)
Class org.jetbrains.kotlin.gradle.utils.StoredPropertyKt$extrasStoredProperty$1       : loaded 2 times (x 74B)
Class org.jetbrains.kotlin.gradle.plugin.mpp.compilationImpl.KotlinCreateNativeCompileTasksSideEffectKt$special$$inlined$KotlinCompilationSideEffect$1: loaded 2 times (x 70B)
Class org.jetbrains.kotlin.gradle.targets.KotlinTargetSideEffect$Companion            : loaded 2 times (x 67B)
Class org.jetbrains.kotlin.gradle.dsl.KotlinSingleJavaTargetExtension                 : loaded 2 times (x 120B)
Class org.jetbrains.kotlin.gradle.plugin.KotlinPluginLifecycle$IllegalLifecycleException: loaded 2 times (x 78B)
Class org.jetbrains.kotlin.gradle.internal.properties.NativePropertiesLoader$userProvidedNativeHome$1: loaded 2 times (x 71B)
Class org.jetbrains.kotlin.gradle.plugin.KotlinGradleFinishBuildHandler               : loaded 2 times (x 68B)
Class [Lorg.jetbrains.kotlin.build.report.metrics.BuildPerformanceMetric;             : loaded 2 times (x 65B)
Class org.jetbrains.kotlin.statistics.metrics.StringOverridePolicy$CONCAT             : loaded 2 times (x 81B)
Class org.jetbrains.kotlin.gradle.dsl.KotlinTopLevelExtension                         : loaded 2 times (x 66B)
Class com.google.common.base.Equivalence                                              : loaded 2 times (x 78B)
Class com.google.common.base.Function                                                 : loaded 2 times (x 66B)
Class com.google.common.collect.ImmutableMapEntry$NonTerminalImmutableMapEntry        : loaded 2 times (x 81B)
Class build_an3weohrvo1yh68dfex3s8pg$_run_closure1$_closure3                          : loaded 2 times (x 135B)
Class org.jetbrains.kotlin.gradle.plugin.ProjectLocalConfigurationsKt                 : loaded 2 times (x 67B)
Class org.jetbrains.kotlin.gradle.plugin.mpp.compilationImpl.factory.KotlinCompilationImplFactory: loaded 2 times (x 68B)
Class org.jetbrains.kotlin.gradle.internal.KotlinDomApiDependencyManagementKt$addKotlinDomApiDependency$1: loaded 2 times (x 71B)
Class org.jetbrains.kotlin.gradle.plugin.diagnostics.checkers.KotlinTargetAlreadyDeclaredChecker$runChecks$1: loaded 2 times (x 84B)
Class org.jetbrains.kotlin.gradle.plugin.mpp.KotlinTargetWithBinaries                 : loaded 2 times (x 153B)
Class [Lorg.jetbrains.kotlin.gradle.plugin.KotlinSourceSet;                           : loaded 2 times (x 65B)
Class org.jetbrains.kotlin.gradle.plugin.diagnostics.checkers.JsEnvironmentChecker$1  : loaded 2 times (x 74B)
Class org.jetbrains.kotlin.gradle.plugin.diagnostics.KotlinToolingDiagnostics$JsLikeEnvironmentNotChosenExplicitly: loaded 2 times (x 69B)
Class org.jetbrains.kotlin.gradle.utils.StoredLazyProperty$getValue$1                 : loaded 2 times (x 75B)
Class org.jetbrains.kotlin.statistics.metrics.IMetricContainerFactory                 : loaded 2 times (x 66B)
Class org.jetbrains.kotlin.statistics.MetricValueValidationFailed                     : loaded 2 times (x 78B)
Class org.jetbrains.kotlin.gradle.plugin.PropertiesProvider$localProperties$2         : loaded 2 times (x 75B)
Class com.google.common.collect.IndexedImmutableSet$1                                 : loaded 2 times (x 209B)
Class com.google.common.cache.CacheBuilder$OneWeigher                                 : loaded 2 times (x 78B)
Class com.google.common.collect.RegularImmutableList                                  : loaded 2 times (x 209B)
Class org.jetbrains.kotlin.gradle.tasks.configuration.KaptGenerateStubsConfig         : loaded 2 times (x 68B)
Class org.jetbrains.kotlin.gradle.targets.js.npm.SemVer                               : loaded 2 times (x 71B)
Class org.jetbrains.kotlin.gradle.plugin.diagnostics.checkers.JsEnvironmentChecker$2  : loaded 2 times (x 74B)
Class org.jetbrains.kotlin.gradle.utils.WhenPluginEnabledKt$whenPluginsEnabled$1      : loaded 2 times (x 71B)
Class org.jetbrains.kotlin.gradle.tasks.AbstractKotlinCompileTool                     : loaded 2 times (x 362B)
Class [Lorg.jetbrains.kotlin.gradle.report.BuildReportType;                           : loaded 2 times (x 65B)
Class org.jetbrains.kotlin.gradle.plugin.statistics.KotlinBuildStatsConfiguration     : loaded 2 times (x 68B)
Class org.jetbrains.kotlin.gradle.internal.properties.PropertiesBuildService$localProperties$2: loaded 2 times (x 75B)
Class org.gradle.internal.classloader.ClasspathUtil                                   : loaded 2 times (x 67B)
Class org.jetbrains.kotlin.gradle.dsl.KotlinCompile                                   : loaded 2 times (x 66B)
Class org.jetbrains.kotlin.gradle.plugin.mpp.compilationImpl.DefaultKotlinCompilationFriendPathsResolver$DefaultFriendArtifactResolver: loaded 2 times (x 70B)
Class org.jetbrains.kotlin.gradle.plugin.diagnostics.checkers.InternalGradlePropertiesUsageChecker$runChecks$1: loaded 2 times (x 84B)
Class org.jetbrains.kotlin.gradle.utils.StringUtilsKt$lowerCamelCaseName$1            : loaded 2 times (x 121B)
Class org.jetbrains.kotlin.gradle.plugin.diagnostics.checkers.JsEnvironmentChecker$3  : loaded 2 times (x 74B)
Class org.jetbrains.kotlin.gradle.dsl.JvmTarget$Companion                             : loaded 2 times (x 67B)
Class org.jetbrains.kotlin.gradle.internal.properties.NativePropertiesLoader$downloadFromMaven$1: loaded 2 times (x 71B)
Class org.jetbrains.kotlin.gradle.plugin.internal.DefaultConfigurationCacheStartParameterAccessor_Decorated: loaded 2 times (x 121B)
Class org.jetbrains.kotlin.gradle.plugin.internal.DefaultConfigurationCacheStartParameterAccessor: loaded 2 times (x 73B)
Class org.jetbrains.kotlin.tooling.core.HasExtras                                     : loaded 2 times (x 66B)
Class com.google.common.util.concurrent.Uninterruptibles                              : loaded 2 times (x 67B)
Class org.jetbrains.kotlin.gradle.plugin.sources.DefaultLanguageSettingsBuilder$freeCompilerArgsProvider$1: loaded 2 times (x 91B)
Class org.jetbrains.kotlin.konan.target.HostManager$Companion                         : loaded 2 times (x 67B)
Class org.jetbrains.kotlin.gradle.targets.js.npm.DevNpmDependencyExtension            : loaded 2 times (x 66B)
Class org.jetbrains.kotlin.gradle.plugin.diagnostics.checkers.PreHmppDependenciesUsageChecker: loaded 2 times (x 70B)
Class org.jetbrains.kotlin.gradle.targets.CreateArtifactsSideEffectKt                 : loaded 2 times (x 67B)
Class org.jetbrains.kotlin.gradle.plugin.AbstractKotlinMultiplatformPluginWrapper     : loaded 2 times (x 82B)
Class org.jetbrains.kotlin.gradle.utils.GradleConfigurationUtilsKt$addGradlePluginMetadataAttributes$1: loaded 2 times (x 71B)
Class org.jetbrains.kotlin.gradle.plugin.internal.DefaultProjectIsolationStartParameterAccessor: loaded 2 times (x 73B)
Class com.google.common.util.concurrent.LazyLogger                                    : loaded 2 times (x 68B)
Class com.google.common.collect.Maps                                                  : loaded 2 times (x 67B)
Class org.gradle.api.specs.Spec                                                       : loaded 2 times (x 66B)
Class build_84g3hqh2g9imbpcolbudtfkn6$_run_closure1$_closure2                         : loaded 2 times (x 135B)
Class org.jetbrains.kotlin.gradle.plugin.SubpluginEnvironment$Companion               : loaded 2 times (x 67B)
Class org.jetbrains.kotlin.gradle.plugin.mpp.ApplyUserDefinedAttributesKt$UserDefinedAttributesSetupAction$1$1$3: loaded 2 times (x 71B)
Class org.jetbrains.kotlin.gradle.tasks.configuration.BaseKotlinCompileConfig$Companion: loaded 2 times (x 67B)
Class org.jetbrains.kotlin.gradle.plugin.mpp.compilationImpl.KotlinCompilationImpl$Params: loaded 2 times (x 68B)
Class org.jetbrains.kotlin.konan.target.UtilsKt                                       : loaded 2 times (x 67B)
Class org.jetbrains.kotlin.gradle.tooling.BuildKotlinToolingMetadataTask              : loaded 2 times (x 313B)
Class org.jetbrains.kotlin.gradle.plugin.internal.CompatibilityConventionRegistrarKt  : loaded 2 times (x 67B)
Class org.jetbrains.kotlin.gradle.artifacts.KotlinJvmJarArtifactKt                    : loaded 2 times (x 67B)
Class org.jetbrains.kotlin.gradle.plugin.mpp.compilationImpl.CreateCInteropTasksSideEffectKt$special$$inlined$KotlinCompilationSideEffect$1: loaded 2 times (x 70B)
Class org.jetbrains.kotlin.gradle.plugin.statistics.FinalizeConfigurationFusMetricActionKt: loaded 2 times (x 67B)
Class org.jetbrains.kotlin.gradle.targets.native.toolchain.KotlinNativeBundleBuildService$Companion$registerIfAbsent$2$1: loaded 2 times (x 75B)
Class org.jetbrains.kotlin.build.report.metrics.GradleBuildPerformanceMetric$Companion: loaded 2 times (x 67B)
Class org.jetbrains.kotlin.gradle.plugin.statistics.KotlinBuildStatsBeanService       : loaded 2 times (x 83B)
Class [Lcom.google.common.collect.ImmutableEntry;                                     : loaded 2 times (x 65B)
Class org.jetbrains.kotlin.tooling.core.ExtrasLazyProperty                            : loaded 2 times (x 66B)
Class org.jetbrains.kotlin.gradle.internal.properties.NativeProperties$Companion      : loaded 2 times (x 67B)
Class org.jetbrains.kotlin.gradle.utils.StringUtilsKt                                 : loaded 2 times (x 67B)
Class org.jetbrains.kotlin.gradle.targets.ConfigureBuildSideEffectKt$ConfigureBuildSideEffect$1: loaded 2 times (x 70B)
Class org.jetbrains.kotlin.gradle.utils.CompletableFuture                             : loaded 2 times (x 66B)
Class org.jetbrains.kotlin.build.report.metrics.BuildPerformanceMetric                : loaded 2 times (x 66B)
Class [Lorg.jetbrains.kotlin.statistics.metrics.StringOverridePolicy;                 : loaded 2 times (x 65B)
Class com.google.common.cache.LocalCache$LoadingValueReference                        : loaded 2 times (x 92B)
Class com.google.common.base.Platform                                                 : loaded 2 times (x 67B)
Class org.jetbrains.kotlin.gradle.plugin.diagnostics.checkers.OverriddenKotlinNativeHomeChecker$StdlibExistenceCheckerValueSource$Params$Inject: loaded 2 times (x 102B)
Class org.jetbrains.kotlin.gradle.plugin.diagnostics.checkers.CommonMainOrTestWithDependsOnChecker: loaded 2 times (x 70B)
Class org.jetbrains.kotlin.gradle.artifacts.KotlinNativeHostSpecificMetadataArtifactKt: loaded 2 times (x 67B)
Class org.jetbrains.kotlin.gradle.plugin.mpp.compilationImpl.KotlinCreateLifecycleTasksSideEffectKt: loaded 2 times (x 67B)
Class org.jetbrains.kotlin.gradle.plugin.KotlinTarget                                 : loaded 2 times (x 66B)
Class org.jetbrains.kotlin.gradle.utils.ConfigurationsKt$createResolvable$1           : loaded 2 times (x 74B)
Class [Lorg.jetbrains.kotlin.statistics.metrics.BooleanAnonymizationPolicy;           : loaded 2 times (x 65B)
Class Build_gradle$1                                                                  : loaded 2 times (x 74B)
Class org.jetbrains.kotlin.compilerRunner.CompilerSystemPropertiesService$Parameters  : loaded 2 times (x 66B)
Class org.jetbrains.kotlin.gradle.plugin.mpp.compilationImpl.KotlinCompilationSourceSetsContainer: loaded 2 times (x 66B)
Class org.jetbrains.kotlin.gradle.artifacts.KotlinNativeKlibArtifactKt                : loaded 2 times (x 67B)
Class org.jetbrains.kotlin.gradle.plugin.ProjectLocalConfigurations                   : loaded 2 times (x 67B)
Class org.jetbrains.kotlin.gradle.plugin.mpp.KotlinUsages$KotlinUsagesDisambiguation  : loaded 2 times (x 72B)
Class org.jetbrains.kotlin.tooling.core.Extras$Key$Companion                          : loaded 2 times (x 67B)
Class org.jetbrains.kotlin.tooling.core.Extras$Key                                    : loaded 2 times (x 68B)
Class [Lorg.objectweb.asm.AnnotationWriter;                                           : loaded 2 times (x 65B)
Class com.google.common.collect.Maps$8                                                : loaded 2 times (x 78B)
Class build_an3weohrvo1yh68dfex3s8pg                                                  : loaded 2 times (x 177B)
Class com.google.common.collect.ImmutableRangeSet$Builder                             : loaded 2 times (x 73B)
Class [Lcom.google.common.collect.Iterators$EmptyModifiableIterator;                  : loaded 2 times (x 65B)
Class org.jetbrains.kotlin.gradle.plugin.diagnostics.CheckKotlinGradlePluginConfigurationErrors: loaded 2 times (x 315B)
Class org.jetbrains.kotlin.gradle.plugin.sources.DefaultKotlinSourceSetKt             : loaded 2 times (x 67B)
Class org.jetbrains.kotlin.gradle.dsl.KotlinJvmOptions                                : loaded 2 times (x 66B)
Class org.jetbrains.kotlin.gradle.plugin.mpp.HierarchyAttributeContainer$1            : loaded 2 times (x 74B)
Class org.jetbrains.kotlin.gradle.plugin.KotlinPluginLifecycle                        : loaded 2 times (x 66B)
Class org.jetbrains.kotlin.gradle.plugin.KotlinJsPluginWrapper                        : loaded 2 times (x 82B)
Class org.jetbrains.kotlin.gradle.dsl.ToolchainSupport                                : loaded 2 times (x 66B)
Class org.jetbrains.kotlin.tooling.core.Extras                                        : loaded 2 times (x 66B)
Class org.jetbrains.kotlin.gradle.plugin.mpp.InternalKotlinTarget                     : loaded 2 times (x 66B)
Class org.jetbrains.kotlin.statistics.metrics.NumberAnonymizationPolicy$RANDOM_10_PERCENT: loaded 2 times (x 81B)
Class org.jetbrains.kotlin.statistics.metrics.StringMetrics                           : loaded 2 times (x 76B)
Class com.google.common.collect.Sets$SetView                                          : loaded 2 times (x 134B)
Class com.google.common.cache.LocalCache$StrongValueReference                         : loaded 2 times (x 86B)
Class org.jetbrains.kotlin.gradle.plugin.mpp.KotlinTargetSoftwareComponentImpl        : loaded 2 times (x 86B)
Class org.jetbrains.kotlin.gradle.plugin.mpp.DefaultKotlinUsageContext$PublishOnlyIf  : loaded 2 times (x 66B)
Class org.jetbrains.kotlin.gradle.dsl.KotlinCommonCompilerOptionsHelper               : loaded 2 times (x 67B)
Class org.jetbrains.kotlin.gradle.plugin.KotlinJvmPlugin$Companion                    : loaded 2 times (x 67B)
Class org.jetbrains.kotlin.gradle.plugin.diagnostics.KotlinToolingDiagnostics         : loaded 2 times (x 67B)
Class org.jetbrains.kotlin.gradle.artifacts.KotlinMetadataArtifactKt                  : loaded 2 times (x 67B)
Class org.jetbrains.kotlin.gradle.targets.CreateArtifactsSideEffectKt$CreateArtifactsSideEffect$1: loaded 2 times (x 70B)
Class org.jetbrains.kotlin.gradle.internal.properties.PropertiesBuildService$property$1$valueFromGradleAndLocalProperties$1: loaded 2 times (x 71B)
Class org.jetbrains.kotlin.gradle.plugin.KotlinPluginWrapperKt$kotlinToolingVersion$2 : loaded 2 times (x 74B)
Class org.objectweb.asm.Type                                                          : loaded 2 times (x 68B)
Class org.gradle.internal.classloader.VisitableURLClassLoader$InstrumentingVisitableURLClassLoader: loaded 2 times (x 119B)
Class build_45r6e4dayx7duntkmz18qbny2$_run_closure1                                   : loaded 2 times (x 135B)
Class org.jetbrains.kotlin.gradle.plugin.mpp.DefaultKotlinUsageContext$1              : loaded 2 times (x 70B)
Class org.jetbrains.kotlin.gradle.plugin.mpp.compilationImpl.KotlinCompilationImpl$associateWith$2: loaded 2 times (x 75B)
Class org.jetbrains.kotlin.gradle.plugin.hierarchy.KotlinSourceSetTreeClassifier      : loaded 2 times (x 66B)
Class org.jetbrains.kotlin.gradle.plugin.mpp.compilationImpl.KotlinCompilationAssociator: loaded 2 times (x 66B)
Class org.jetbrains.kotlin.konan.target.UtilsKt$evaluatePresetName$1                  : loaded 2 times (x 74B)
Class org.jetbrains.kotlin.gradle.plugin.mpp.KotlinNativeTarget                       : loaded 2 times (x 163B)
Class org.jetbrains.kotlin.gradle.plugin.diagnostics.checkers.KotlinSourceSetTreeDependsOnMismatchChecker$runChecks$1: loaded 2 times (x 84B)
Class org.jetbrains.kotlin.gradle.plugin.diagnostics.checkers.PreHmppDependenciesUsageChecker$runChecks$1: loaded 2 times (x 84B)
Class org.jetbrains.kotlin.gradle.utils.ProjectExtensionsKt                           : loaded 2 times (x 67B)
Class org.jetbrains.kotlin.gradle.plugin.KotlinSourceSetTree$Companion                : loaded 2 times (x 67B)
Class org.jetbrains.kotlin.gradle.plugin.diagnostics.KotlinGradleProjectChecker$Companion: loaded 2 times (x 67B)
Class org.jetbrains.kotlin.gradle.plugin.KotlinGradleBuildServices$Parameters         : loaded 2 times (x 66B)
Class org.jetbrains.kotlin.gradle.plugin.statistics.BuildFusService$Companion$registerIfAbsent$1$1$1: loaded 2 times (x 71B)
Class org.jetbrains.kotlin.statistics.fileloggers.MetricsContainer$Companion          : loaded 2 times (x 67B)
Class org.objectweb.asm.ByteVector                                                    : loaded 2 times (x 75B)
Class [Lcom.google.common.cache.CacheBuilder$NullListener;                            : loaded 2 times (x 65B)
Class com.google.common.math.IntMath$1                                                : loaded 2 times (x 67B)
Class org.gradle.internal.classloader.VisitableURLClassLoader$Spec                    : loaded 2 times (x 70B)
Class org.gradle.internal.classpath.DefaultClassPath                                  : loaded 2 times (x 86B)
Class org.jetbrains.kotlin.gradle.plugin.mpp.KotlinSoftwareComponentKt                : loaded 2 times (x 67B)
Class org.jetbrains.kotlin.gradle.plugin.mpp.compilationImpl.KotlinCompilationSourceSetInclusion$AddSourcesToCompileTask: loaded 2 times (x 66B)
Class org.jetbrains.kotlin.konan.target.Architecture                                  : loaded 2 times (x 75B)
Class [Lorg.jetbrains.kotlin.gradle.plugin.HasProject;                                : loaded 2 times (x 65B)
Class org.jetbrains.kotlin.gradle.utils.MutableObservableSetImpl                      : loaded 2 times (x 159B)
Class org.jetbrains.kotlin.gradle.tasks.KotlinTasksProvider                           : loaded 2 times (x 68B)
Class org.jetbrains.kotlin.gradle.dsl.DefaultToolchainSupport$wireToolchainToTasks$1  : loaded 2 times (x 71B)
Class org.jetbrains.kotlin.gradle.dsl.KotlinCommonCompilerOptions                     : loaded 2 times (x 66B)
Class org.jetbrains.kotlin.gradle.plugin.KotlinJsCompilerTypeHolder                   : loaded 2 times (x 66B)
Class [Lorg.jetbrains.kotlin.build.report.metrics.GradleBuildTime;                    : loaded 2 times (x 65B)
Class org.jetbrains.kotlin.gradle.internal.properties.PropertiesBuildService$MemoizedCallable: loaded 2 times (x 71B)
Class org.objectweb.asm.Symbol                                                        : loaded 2 times (x 69B)
Class org.jetbrains.kotlin.gradle.plugin.cocoapods.KotlinCocoapodsPlugin$Companion    : loaded 2 times (x 67B)
Class org.jetbrains.kotlin.gradle.plugin.mpp.compilationImpl.KotlinCompilationImpl    : loaded 2 times (x 136B)
Class [Lorg.jetbrains.kotlin.gradle.plugin.mpp.compilationImpl.factory.KotlinCompilationImplFactory$PostConfigure;: loaded 2 times (x 65B)
Class org.jetbrains.kotlin.konan.target.KonanTarget$MACOS_X64                         : loaded 2 times (x 74B)
Class org.jetbrains.kotlin.gradle.plugin.KotlinSourceSet$Companion                    : loaded 2 times (x 67B)
Class org.jetbrains.kotlin.konan.util.Named                                           : loaded 2 times (x 66B)
Class [Lorg.jetbrains.kotlin.gradle.report.BuildReportMode;                           : loaded 2 times (x 65B)
Class org.jetbrains.kotlin.statistics.metrics.BooleanOverridePolicy                   : loaded 2 times (x 81B)
Class com.google.common.base.CharMatcher$BitSetMatcher                                : loaded 2 times (x 108B)
Class com.google.common.collect.RegularImmutableMap$Values                            : loaded 2 times (x 203B)
Class com.google.common.collect.ImmutableSet                                          : loaded 2 times (x 141B)
Class org.jetbrains.kotlin.gradle.plugin.AbstractKotlinAndroidPluginWrapper           : loaded 2 times (x 82B)
Class org.gradle.internal.classloader.ClassLoaderSpec                                 : loaded 2 times (x 67B)
Class org.jetbrains.kotlin.gradle.plugin.mpp.KotlinCompilationsKt$moduleNameForCompilation$1: loaded 2 times (x 71B)
Class org.jetbrains.kotlin.gradle.plugin.sources.KotlinDependencyScopeKt              : loaded 2 times (x 67B)
Class org.jetbrains.kotlin.gradle.plugin.diagnostics.TransformActionUsingKotlinToolingDiagnostics$Parameters: loaded 2 times (x 66B)
Class org.jetbrains.kotlin.compilerRunner.CompilerSystemPropertiesService$Companion$registerIfAbsent$2$1: loaded 2 times (x 75B)
Class org.jetbrains.kotlin.gradle.plugin.mpp.KotlinCompilationsKt$addSourcesToKotlinCompileTask$1: loaded 2 times (x 71B)
Class org.jetbrains.kotlin.gradle.internal.KotlinDependenciesManagementKt$configureDefaultVersionsResolutionStrategy$1$1: loaded 2 times (x 71B)
Class org.jetbrains.kotlin.gradle.utils.KotlinExtensionUtilsKt$forAllTargets$1        : loaded 2 times (x 91B)
Class org.jetbrains.kotlin.gradle.plugin.diagnostics.CheckKotlinGradlePluginConfigurationErrorsKt$locateOrRegisterCheckKotlinGradlePluginErrorsTask$taskProvider$1: loaded 2 times (x 71B)
Class org.jetbrains.kotlin.gradle.plugin.diagnostics.checkers.OverriddenKotlinNativeHomeChecker$StdlibExistenceCheckerValueSource$Params: loaded 2 times (x 66B)
Class org.jetbrains.kotlin.gradle.dsl.PlatformSourceSetConventionsChecker$nativeTargetPresets$1$1: loaded 2 times (x 75B)
Class org.jetbrains.kotlin.gradle.tooling.BuildKotlinToolingMetadataTaskKt$buildKotlinToolingMetadataTask$1: loaded 2 times (x 74B)
Class org.jetbrains.kotlin.gradle.internal.Kapt3GradleSubplugin$Companion             : loaded 2 times (x 67B)
Class org.jetbrains.kotlin.gradle.plugin.mpp.compilationImpl.KotlinCreateCompilationArchiveTaskKt$KotlinRegisterCompilationArchiveTasksExtension$1: loaded 2 times (x 70B)
Class [Lorg.jetbrains.kotlin.statistics.metrics.NumberOverridePolicy;                 : loaded 2 times (x 65B)
Class org.jetbrains.kotlin.gradle.internal.properties.PropertiesBuildService$GradleProperty: loaded 2 times (x 66B)
Class org.jetbrains.kotlin.gradle.utils.StoredPropertyKt$projectStoredProperty$1      : loaded 2 times (x 74B)
Class org.objectweb.asm.AnnotationWriter                                              : loaded 2 times (x 75B)
Class com.google.common.cache.CacheStats                                              : loaded 2 times (x 67B)
Class org.jetbrains.kotlin.gradle.plugin.mpp.SyncLanguageSettingsWithKotlinExtensionSetupActionKt$SyncLanguageSettingsWithKotlinExtensionSetupAction$1$1: loaded 2 times (x 71B)
Class org.jetbrains.kotlin.gradle.tasks.configuration.TaskConfigAction$configureTask$1: loaded 2 times (x 75B)
Class org.jetbrains.kotlin.gradle.plugin.diagnostics.checkers.DuplicateSourceSetChecker$runChecks$1: loaded 2 times (x 84B)
Class org.jetbrains.kotlin.gradle.plugin.diagnostics.ToolingDiagnostic$Severity       : loaded 2 times (x 75B)
Class org.jetbrains.kotlin.gradle.dsl.JvmTarget                                       : loaded 2 times (x 75B)
Class org.jetbrains.kotlin.gradle.internal.ClassLoadersCachingBuildService            : loaded 2 times (x 72B)
Class org.jetbrains.kotlin.gradle.plugin.VariantImplementationFactories$Inject        : loaded 2 times (x 102B)
Class org.jetbrains.kotlin.gradle.plugin.VariantImplementationFactoriesConfigurator$Companion: loaded 2 times (x 67B)
Class org.objectweb.asm.RecordComponentWriter                                         : loaded 2 times (x 74B)
Class com.google.common.util.concurrent.AbstractFuture$Listener                       : loaded 2 times (x 68B)
Class com.google.common.base.CharMatcher$Or                                           : loaded 2 times (x 108B)
Class Settings_gradle$1$1                                                             : loaded 2 times (x 70B)
Class org.jetbrains.kotlin.gradle.plugin.mpp.SyncLanguageSettingsWithKotlinExtensionSetupActionKt$SyncLanguageSettingsWithKotlinExtensionSetupAction$1$2: loaded 2 times (x 71B)
Class org.jetbrains.kotlin.gradle.plugin.internal.BuildIdService$Companion            : loaded 2 times (x 67B)
Class org.jetbrains.kotlin.gradle.plugin.diagnostics.checkers.OverriddenKotlinNativeHomeChecker$StdlibExistenceCheckerValueSource$Companion: loaded 2 times (x 67B)
Class org.jetbrains.kotlin.gradle.targets.js.dsl.KotlinWasmSubTargetContainerDsl      : loaded 2 times (x 66B)
Class org.jetbrains.kotlin.gradle.plugin.diagnostics.checkers.WasmWasiEnvironmentChecker$1: loaded 2 times (x 74B)
Class org.jetbrains.kotlin.gradle.plugin.diagnostics.checkers.DisabledCinteropCommonizationInHmppProjectChecker: loaded 2 times (x 70B)
Class org.jetbrains.kotlin.gradle.plugin.diagnostics.checkers.NoKotlinTargetsDeclaredChecker: loaded 2 times (x 70B)
Class org.jetbrains.kotlin.gradle.utils.StoredPropertyStorage                         : loaded 2 times (x 68B)
Class org.jetbrains.kotlin.gradle.plugin.KotlinSourceSetContainer                     : loaded 2 times (x 66B)
Class org.objectweb.asm.Attribute                                                     : loaded 2 times (x 73B)
Class com.google.common.base.Supplier                                                 : loaded 2 times (x 66B)
Class org.gradle.internal.classloader.VisitableURLClassLoader                         : loaded 2 times (x 113B)
Class org.jetbrains.kotlin.compilerRunner.CompilerSystemPropertiesService$Companion   : loaded 2 times (x 67B)
Class org.jetbrains.kotlin.gradle.plugin.statistics.plugins.ObservablePlugins         : loaded 2 times (x 75B)
Class org.jetbrains.kotlin.gradle.plugin.sources.InternalKotlinSourceSetKt$awaitPlatformCompilations$1: loaded 2 times (x 84B)
Class [Lorg.jetbrains.kotlin.gradle.plugin.sources.KotlinDependencyScope;             : loaded 2 times (x 65B)
Class org.jetbrains.kotlin.gradle.tasks.configuration.BaseKotlinCompileConfig$configureCommonParameters$1: loaded 2 times (x 70B)
Class org.jetbrains.kotlin.gradle.plugin.mpp.compilationImpl.factory.ConfigurationNaming: loaded 2 times (x 66B)
Class org.jetbrains.kotlin.gradle.plugin.mpp.compilationImpl.DefaultKotlinCompilationPostConfigureKt: loaded 2 times (x 67B)
Class org.jetbrains.kotlin.konan.target.KonanTarget$WATCHOS_X64                       : loaded 2 times (x 74B)
Class org.jetbrains.kotlin.gradle.plugin.diagnostics.KotlinGradleProjectCheckersRunnerKt: loaded 2 times (x 67B)
Class [Lorg.jetbrains.kotlin.tooling.core.HasExtras;                                  : loaded 2 times (x 65B)
Class org.jetbrains.kotlin.gradle.plugin.diagnostics.checkers.IncorrectCompileOnlyDependenciesChecker: loaded 2 times (x 70B)
Class org.jetbrains.kotlin.gradle.plugin.diagnostics.checkers.WasmWasiEnvironmentChecker$2: loaded 2 times (x 74B)
Class org.jetbrains.kotlin.gradle.dsl.DefaultToolchainSupport$wireToolchainToTasks$1$1: loaded 2 times (x 71B)
Class org.jetbrains.kotlin.gradle.utils.SingleActionPerProject                        : loaded 2 times (x 69B)
Class org.jetbrains.kotlin.gradle.plugin.DefaultKotlinBasePlugin                      : loaded 2 times (x 78B)
Class org.gradle.internal.Cast                                                        : loaded 2 times (x 67B)
Class org.gradle.api.Action                                                           : loaded 2 times (x 66B)
Class [Lorg.jetbrains.kotlin.gradle.plugin.mpp.KotlinUsageContext$MavenScope;         : loaded 2 times (x 65B)
Class org.jetbrains.kotlin.gradle.tasks.configuration.BaseKotlinCompileConfig$configureCommonParameters$2: loaded 2 times (x 71B)
Class org.jetbrains.kotlin.gradle.plugin.mpp.compilationImpl.KotlinCompilationCompilerOptionsFromTargetConfigurator: loaded 2 times (x 70B)
Class com.google.common.base.Strings                                                  : loaded 2 times (x 67B)
Class org.jetbrains.kotlin.gradle.utils.FailuresKt$ideaSyncClasspathModeUtil$1        : loaded 2 times (x 68B)
Class org.jetbrains.kotlin.gradle.plugin.diagnostics.KotlinToolingDiagnosticsCollector$Inject: loaded 2 times (x 92B)
Class org.jetbrains.kotlin.gradle.artifacts.KotlinJsKlibArtifactKt                    : loaded 2 times (x 67B)
Class org.jetbrains.kotlin.gradle.dsl.KotlinTargetContainerWithWasmPresetFunctions    : loaded 2 times (x 66B)
Class org.jetbrains.kotlin.gradle.plugin.GradleUtilsKt                                : loaded 2 times (x 67B)
Class org.jetbrains.kotlin.gradle.internal.properties.PropertiesBuildService          : loaded 2 times (x 72B)
Class com.google.common.collect.Sets                                                  : loaded 2 times (x 67B)
Class org.objectweb.asm.Handler                                                       : loaded 2 times (x 68B)
Class com.google.common.base.CharMatcher$FastMatcher                                  : loaded 2 times (x 107B)
Class com.google.common.base.Ticker                                                   : loaded 2 times (x 68B)
Class build_72k6u85wo8cr293wmtb5nc8dk                                                 : loaded 2 times (x 176B)
Class org.jetbrains.kotlin.gradle.plugin.KotlinTarget$DefaultImpls                    : loaded 2 times (x 67B)
Class org.jetbrains.kotlin.gradle.plugin.diagnostics.KotlinToolingDiagnosticsCollector: loaded 2 times (x 72B)
Class org.jetbrains.kotlin.gradle.plugin.mpp.compilationImpl.KotlinCreateCompilationArchiveTaskKt: loaded 2 times (x 67B)
Class org.jetbrains.kotlin.tooling.core.MutableExtrasImpl                             : loaded 2 times (x 161B)
Class org.jetbrains.kotlin.gradle.plugin.statistics.KotlinBuildStatsMXBean            : loaded 2 times (x 66B)
Class org.jetbrains.kotlin.gradle.utils.FileUtilsKt                                   : loaded 2 times (x 67B)
Class [Lcom.google.common.cache.LocalCache$Segment;                                   : loaded 2 times (x 65B)
Class com.google.common.base.Predicate                                                : loaded 2 times (x 66B)
Class [Lcom.google.common.cache.LocalCache$Strength;                                  : loaded 2 times (x 65B)
Class com.google.common.cache.CacheBuilder$1                                          : loaded 2 times (x 81B)
Class com.google.common.collect.ImmutableMap                                          : loaded 2 times (x 116B)
Class org.gradle.internal.classpath.DefaultClassPath$ImmutableUniqueList$Builder      : loaded 2 times (x 71B)
Class org.jetbrains.kotlin.gradle.plugin.mpp.KotlinCompilationFactory$DefaultImpls    : loaded 2 times (x 67B)
Class com.google.common.collect.AbstractRangeSet                                      : loaded 2 times (x 110B)
Class org.jetbrains.kotlin.gradle.plugin.diagnostics.checkers.InternalGradlePropertiesUsageChecker: loaded 2 times (x 70B)
Class org.jetbrains.kotlin.gradle.plugin.mpp.compilationImpl.CreateCInteropTasksSideEffectKt: loaded 2 times (x 67B)
Class org.jetbrains.kotlin.gradle.testing.internal.KotlinTestsRegistry$Companion      : loaded 2 times (x 67B)
Class org.jetbrains.kotlin.gradle.dsl.KotlinCommonCompilerToolOptions                 : loaded 2 times (x 66B)
Class org.jetbrains.kotlin.gradle.internal.properties.PropertiesBuildService$Companion$registerIfAbsent$1: loaded 2 times (x 71B)
Class org.jetbrains.kotlin.gradle.plugin.internal.DefaultConfigurationCacheStartParameterAccessorVariantFactory: loaded 2 times (x 72B)
Class com.google.common.base.CharMatcher$NegatedFastMatcher                           : loaded 2 times (x 109B)
Class com.google.common.cache.LocalCache                                              : loaded 2 times (x 183B)
Class com.google.common.cache.CacheBuilder$2                                          : loaded 2 times (x 75B)
Class org.jetbrains.kotlin.gradle.plugin.mpp.compilationImpl.DefaultKotlinCompilationSourceSetsContainer$source$1: loaded 2 times (x 75B)
Class org.jetbrains.kotlin.gradle.internal.KotlinTestDependencyManagementKt           : loaded 2 times (x 67B)
Class org.jetbrains.kotlin.konan.target.KonanTarget$ANDROID_X64                       : loaded 2 times (x 74B)
Class [Lorg.jetbrains.kotlin.gradle.plugin.sources.ConsistencyCheck;                  : loaded 2 times (x 65B)
Class org.jetbrains.kotlin.gradle.report.ReportingSettings                            : loaded 2 times (x 68B)
Class org.jetbrains.kotlin.statistics.metrics.StringAnonymizationPolicy$ComponentVersionAnonymizer: loaded 2 times (x 74B)
Class com.google.common.collect.ArrayListMultimap                                     : loaded 2 times (x 168B)
Class com.google.common.cache.CacheBuilder$3                                          : loaded 2 times (x 68B)
Class [Lcom.google.common.collect.AbstractMapEntry;                                   : loaded 2 times (x 65B)
Class com.google.common.collect.ImmutableEntry                                        : loaded 2 times (x 78B)
Class org.jetbrains.kotlin.gradle.plugin.KotlinBasePluginWrapper                      : loaded 2 times (x 82B)
Class org.gradle.api.GradleException                                                  : loaded 2 times (x 78B)
Class org.jetbrains.kotlin.gradle.plugin.diagnostics.KotlinToolingDiagnostics$JsEnvironmentNotChosenExplicitly: loaded 2 times (x 69B)
Class org.jetbrains.kotlin.gradle.plugin.ProjectLocalConfigurations$ProjectLocalCompatibility: loaded 2 times (x 72B)
Class org.jetbrains.kotlin.gradle.dsl.KotlinJvmCompilerOptions                        : loaded 2 times (x 66B)
Class org.jetbrains.kotlin.gradle.plugin.internal.DefaultProjectIsolationStartParameterAccessor$Factory: loaded 2 times (x 72B)
Class com.google.common.collect.CollectPreconditions                                  : loaded 2 times (x 67B)
Class build_72k6u85wo8cr293wmtb5nc8dk$_run_closure1$_closure3                         : loaded 2 times (x 135B)
Class org.jetbrains.kotlin.gradle.plugin.KotlinPluginLifecycleImpl$launch$1           : loaded 2 times (x 75B)
Class org.jetbrains.kotlin.konan.target.HostManager$Companion$targetAliases$2         : loaded 2 times (x 74B)
Class org.jetbrains.kotlin.gradle.utils.Completable                                   : loaded 2 times (x 68B)
Class org.jetbrains.kotlin.gradle.plugin.DefaultKotlinBasePlugin$addKotlinCompilerConfiguration$2$1: loaded 2 times (x 71B)
Class org.jetbrains.kotlin.gradle.plugin.statistics.KotlinBuildStatsServicesRegistry$Companion: loaded 2 times (x 67B)
Class org.jetbrains.kotlin.gradle.plugin.internal.DefaultCompatibilityConventionRegistrar$Factory: loaded 2 times (x 72B)
Class com.google.common.collect.SortedMapDifference                                   : loaded 2 times (x 66B)
Class build_1kkqbkqek3kzr0gsec0eu4zss$_run_closure1                                   : loaded 2 times (x 135B)
Class org.jetbrains.kotlin.gradle.plugin.diagnostics.checkers.IncorrectCompileOnlyDependenciesChecker$runChecks$1: loaded 2 times (x 84B)
Class org.jetbrains.kotlin.gradle.plugin.mpp.KotlinOnlyTarget                         : loaded 2 times (x 149B)
Class org.jetbrains.kotlin.gradle.targets.js.npm.BaseNpmDependencyExtension           : loaded 2 times (x 66B)
Class org.jetbrains.kotlin.gradle.dsl.KotlinVersion$Companion                         : loaded 2 times (x 67B)
Class org.jetbrains.kotlin.gradle.InternalKotlinGradlePluginApi                       : loaded 2 times (x 66B)
Class org.jetbrains.kotlin.gradle.dsl.DefaultToolchainSupport                         : loaded 2 times (x 72B)
Class org.jetbrains.kotlin.gradle.plugin.internal.CustomPropertiesFileValueSource     : loaded 2 times (x 78B)
Class com.google.common.cache.LocalCache$EntryFactory                                 : loaded 2 times (x 79B)
Class org.jetbrains.kotlin.gradle.plugin.cocoapods.KotlinCocoapodsPlugin              : loaded 2 times (x 72B)
Class org.jetbrains.kotlin.gradle.internal.CompilerOptionsDslHelpersKt                : loaded 2 times (x 67B)
Class org.jetbrains.kotlin.gradle.internal.StdlibDependencyManagementKt$configureStdlibVersionAlignment$1$1: loaded 2 times (x 71B)
Class org.jetbrains.kotlin.gradle.dsl.KotlinProjectExtension$awaitSourceSets$1        : loaded 2 times (x 84B)
Class org.jetbrains.kotlin.gradle.plugin.KotlinPluginLifecycle$CoroutineStart         : loaded 2 times (x 75B)
Class org.jetbrains.kotlin.konan.target.Family                                        : loaded 2 times (x 75B)
Class org.jetbrains.kotlin.gradle.tasks.TasksProviderKt$sam$org_gradle_api_Action$0   : loaded 2 times (x 71B)
Class org.jetbrains.kotlin.gradle.tooling.BuildKotlinToolingMetadataTask$FromKotlinExtension: loaded 2 times (x 313B)
Class org.jetbrains.kotlin.gradle.utils.FailuresKt                                    : loaded 2 times (x 67B)
Class org.jetbrains.kotlin.gradle.targets.native.internal.CInteropConfigurationsKt$special$$inlined$KotlinTargetSideEffect$1: loaded 2 times (x 70B)
Class org.jetbrains.kotlin.gradle.internal.properties.NativePropertiesLoader$konanDataDirProperty$1: loaded 2 times (x 71B)
Class org.jetbrains.kotlin.gradle.plugin.statistics.BuildFusService$Parameters_Decorated: loaded 2 times (x 139B)
Class org.jetbrains.kotlin.gradle.internal.properties.PropertiesBuildService$Params$Inject: loaded 2 times (x 102B)
Class org.jetbrains.kotlin.tooling.core.HasMutableExtras                              : loaded 2 times (x 66B)
Class com.google.common.cache.LocalCache$AbstractReferenceEntry                       : loaded 2 times (x 103B)
Class org.gradle.internal.IoActions                                                   : loaded 2 times (x 67B)
Class org.jetbrains.kotlin.gradle.internal.Kapt3KotlinGradleSubpluginKt               : loaded 2 times (x 67B)
Class org.jetbrains.kotlin.gradle.dsl.KotlinJvmCompile                                : loaded 2 times (x 66B)
Class com.google.common.collect.ImmutableRangeSet$ComplementRanges                    : loaded 2 times (x 203B)
Class org.jetbrains.kotlin.konan.target.KonanTarget$LINUX_ARM32_HFP                   : loaded 2 times (x 74B)
Class org.jetbrains.kotlin.gradle.internal.Kapt3GradleSubplugin                       : loaded 2 times (x 79B)
Class org.jetbrains.kotlin.gradle.plugin.diagnostics.checkers.CInteropInputChecker    : loaded 2 times (x 70B)
Class org.jetbrains.kotlin.gradle.plugin.statistics.FinalizeConfigurationFusMetricActionKt$FinalizeConfigurationFusMetricAction$1: loaded 2 times (x 91B)
Class org.jetbrains.kotlin.gradle.internal.KotlinDependenciesManagementKt$CustomizeKotlinDependenciesSetupAction$1: loaded 2 times (x 70B)
Class org.jetbrains.kotlin.gradle.plugin.KotlinGradlePluginExtensionPointInternal$registeredExtensions$2: loaded 2 times (x 74B)
Class org.jetbrains.kotlin.statistics.metrics.BooleanOverridePolicy$OR                : loaded 2 times (x 81B)
Class org.jetbrains.kotlin.gradle.plugin.UsesVariantImplementationFactories           : loaded 2 times (x 66B)
Class org.objectweb.asm.SymbolTable                                                   : loaded 2 times (x 68B)
Class com.google.common.cache.CacheLoader$InvalidCacheLoadException                   : loaded 2 times (x 78B)
Class com.google.common.collect.ImmutableSet$RegularSetBuilderImpl                    : loaded 2 times (x 73B)
Class org.gradle.internal.classloader.SystemClassLoaderSpec                           : loaded 2 times (x 67B)
Class org.jetbrains.kotlin.gradle.tasks.configuration.BaseKotlinCompileConfig$1$1     : loaded 2 times (x 71B)
Class org.jetbrains.kotlin.gradle.plugin.mpp.compilationImpl.factory.KotlinCompilationImplFactory$PostConfigure: loaded 2 times (x 66B)
Class org.jetbrains.kotlin.gradle.utils.KotlinExtensionUtilsKt                        : loaded 2 times (x 67B)
Class [Lorg.jetbrains.kotlin.konan.util.Named;                                        : loaded 2 times (x 65B)
Class org.jetbrains.kotlin.gradle.plugin.diagnostics.checkers.NoKotlinTargetsDeclaredChecker$runChecks$1: loaded 2 times (x 84B)
Class org.jetbrains.kotlin.gradle.plugin.mpp.AbstractKotlinTarget$kotlinComponents$2  : loaded 2 times (x 75B)
Class org.jetbrains.kotlin.gradle.plugin.KotlinPlatformType$CompatibilityRule         : loaded 2 times (x 72B)
Class org.jetbrains.kotlin.gradle.internal.properties.NativePropertiesLoader$actualNativeHomeDirectory$1: loaded 2 times (x 71B)
Class org.jetbrains.kotlin.gradle.internal.properties.NativePropertiesKt              : loaded 2 times (x 67B)
Class org.jetbrains.kotlin.gradle.plugin.BuildEventsListenerRegistryHolder            : loaded 2 times (x 68B)
Class [Lorg.jetbrains.kotlin.statistics.metrics.BooleanOverridePolicy;                : loaded 2 times (x 65B)
Class org.jetbrains.kotlin.gradle.plugin.internal.CustomPropertiesFileValueSource$Parameters$Inject: loaded 2 times (x 102B)
Class com.google.common.cache.LocalCache$StrongEntry                                  : loaded 2 times (x 104B)
Class com.google.common.util.concurrent.AbstractFuture$TrustedFuture                  : loaded 2 times (x 110B)
Class com.google.common.cache.LoadingCache                                            : loaded 2 times (x 66B)
Class org.jetbrains.kotlin.gradle.plugin.mpp.KotlinTargetSoftwareComponentImplKt$KotlinTargetSoftwareComponent$1: loaded 2 times (x 91B)
Class org.jetbrains.kotlin.gradle.tasks.configuration.BaseKotlinCompileConfig$registerBuildToolsApiTransformations$1: loaded 2 times (x 71B)
Class org.jetbrains.kotlin.gradle.plugin.internal.BuildIdService                      : loaded 2 times (x 72B)
Class org.jetbrains.kotlin.gradle.plugin.mpp.compilationImpl.factory.KotlinCompilationDependencyConfigurationsFactoriesKt: loaded 2 times (x 67B)
Class org.jetbrains.kotlin.gradle.plugin.mpp.compilationImpl.DefaultKotlinCompilationFriendPathsResolver: loaded 2 times (x 71B)
Class org.jetbrains.kotlin.gradle.plugin.diagnostics.checkers.WasmSourceSetsNotFoundChecker$runChecks$1: loaded 2 times (x 84B)
Class org.jetbrains.kotlin.konan.target.KonanTarget$IOS_SIMULATOR_ARM64               : loaded 2 times (x 74B)
Class org.jetbrains.kotlin.gradle.plugin.mpp.compilationImpl.KotlinCreateCompilationArchiveTaskKt$KotlinCreateCompilationArchivesTask$1: loaded 2 times (x 70B)
Class org.jetbrains.kotlin.gradle.dsl.KotlinVersion                                   : loaded 2 times (x 75B)
Class org.jetbrains.kotlin.gradle.internal.properties.NativePropertiesLoader$actualNativeHomeDirectory$2: loaded 2 times (x 70B)
Class org.jetbrains.kotlin.gradle.utils.StoredPropertyKt                              : loaded 2 times (x 67B)
Class org.objectweb.asm.MethodWriter                                                  : loaded 2 times (x 102B)
Class [Lcom.google.common.cache.Weigher;                                              : loaded 2 times (x 65B)
Class com.google.common.collect.RegularImmutableMap$BucketOverflowException           : loaded 2 times (x 78B)
Class build_9ikfdbhr5g6kwtfckd5y5wxqh                                                 : loaded 2 times (x 176B)
Class org.jetbrains.kotlin.gradle.plugin.sources.KotlinDependencyScope$Companion      : loaded 2 times (x 67B)
Class org.jetbrains.kotlin.gradle.tasks.configuration.BaseKotlinCompileConfig$registerBuildToolsApiTransformations$2: loaded 2 times (x 71B)
Class org.jetbrains.kotlin.gradle.tasks.KotlinJvmCompile                              : loaded 2 times (x 66B)
Class org.jetbrains.kotlin.gradle.plugin.mpp.compilationImpl.KotlinCompilationSourceSetsContainerKt: loaded 2 times (x 67B)
Class org.jetbrains.kotlin.gradle.plugin.KotlinPluginLifecycleKt$launchInStage$1      : loaded 2 times (x 91B)
Class org.jetbrains.kotlin.gradle.targets.NativeForwardImplementationToApiElementsSideEffectKt: loaded 2 times (x 67B)
Class org.jetbrains.kotlin.gradle.internal.properties.NativePropertiesLoader$actualNativeHomeDirectory$3: loaded 2 times (x 71B)
Class org.jetbrains.kotlin.gradle.report.BuildReportMode                              : loaded 2 times (x 75B)
Class org.jetbrains.kotlin.statistics.metrics.StringAnonymizationPolicy$RegexControlled: loaded 2 times (x 75B)
Class org.jetbrains.kotlin.statistics.ValueAnonymizer                                 : loaded 2 times (x 66B)
Class org.jetbrains.kotlin.gradle.plugin.VariantImplementationFactories$Companion$getProvider$2$1$1: loaded 2 times (x 71B)
Class org.jetbrains.kotlin.gradle.plugin.internal.ProjectIsolationStartParameterAccessor$Factory: loaded 2 times (x 66B)
Class build_6or57ctjvlyto6p9yqjlkp1vo$_run_closure1                                   : loaded 2 times (x 135B)
Class org.jetbrains.kotlin.gradle.internal.transforms.BuildToolsApiClasspathEntrySnapshotTransform$Inject1: loaded 2 times (x 109B)
Class org.jetbrains.kotlin.gradle.plugin.mpp.compilationImpl.KotlinCompilationRegisterInSourceSetsConfigurator: loaded 2 times (x 70B)
Class org.jetbrains.kotlin.gradle.plugin.mpp.compilationImpl.factory.DefaultKotlinCompilationTaskNamesContainerFactory: loaded 2 times (x 70B)
Class org.jetbrains.kotlin.gradle.targets.native.internal.CommonizerTasksKt           : loaded 2 times (x 67B)
Class [Lorg.jetbrains.kotlin.gradle.targets.js.npm.NpmDependency$Scope;               : loaded 2 times (x 65B)
Class org.jetbrains.kotlin.gradle.plugin.KotlinCompilerPluginSupportPlugin            : loaded 2 times (x 66B)
Class org.jetbrains.kotlin.gradle.plugin.mpp.AbstractKotlinTarget$components$2        : loaded 2 times (x 75B)
Class org.jetbrains.kotlin.gradle.plugin.mpp.KotlinUsages$setupAttributesMatchingStrategy$1: loaded 2 times (x 70B)
Class org.jetbrains.kotlin.gradle.utils.AndroidPluginIdsKt                            : loaded 2 times (x 67B)
Class com.google.common.collect.RegularImmutableBiMap                                 : loaded 2 times (x 145B)
Class com.google.common.base.CharMatcher$Negated                                      : loaded 2 times (x 109B)
Class com.google.common.base.CharMatcher$Is                                           : loaded 2 times (x 107B)
Class com.google.common.cache.LocalCache$ValueReference                               : loaded 2 times (x 66B)
Class org.jetbrains.kotlin.gradle.plugin.KotlinBasePlugin                             : loaded 2 times (x 66B)
Class com.google.common.base.PatternCompiler                                          : loaded 2 times (x 66B)
Class org.jetbrains.kotlin.gradle.utils.FutureKt                                      : loaded 2 times (x 67B)
Class org.jetbrains.kotlin.gradle.logging.GradleLoggingUtilsKt                        : loaded 2 times (x 67B)
Class com.google.common.util.concurrent.AbstractFuture$Failure                        : loaded 2 times (x 68B)
Class com.google.common.base.Equivalence$Equals                                       : loaded 2 times (x 78B)
Class com.google.common.collect.Hashing                                               : loaded 2 times (x 67B)
Class com.google.common.base.Preconditions                                            : loaded 2 times (x 67B)
Class org.jetbrains.kotlin.gradle.plugin.KotlinAndroidPluginWrapper                   : loaded 2 times (x 82B)
Class [Lorg.jetbrains.kotlin.gradle.dsl.PlatformSourceSetConventionsChecker$CheckedPlatformInfo;: loaded 2 times (x 65B)
Class org.jetbrains.kotlin.gradle.plugin.diagnostics.KotlinGradleProjectCheckerContext: loaded 2 times (x 68B)
Class org.jetbrains.kotlin.gradle.plugin.diagnostics.checkers.DuplicateSourceSetChecker: loaded 2 times (x 70B)
Class org.jetbrains.kotlin.gradle.plugin.diagnostics.ToolingDiagnosticFactory         : loaded 2 times (x 69B)
Class org.jetbrains.kotlin.gradle.targets.KotlinTargetSideEffect                      : loaded 2 times (x 66B)
Class org.jetbrains.kotlin.gradle.plugin.DefaultKotlinBasePlugin$setupAttributeMatchingStrategy$1$1: loaded 2 times (x 75B)
Class org.jetbrains.kotlin.statistics.metrics.NumericalMetrics$Companion              : loaded 2 times (x 67B)
Class [Lorg.jetbrains.kotlin.statistics.metrics.NumberAnonymizationPolicy;            : loaded 2 times (x 65B)
Class org.jetbrains.kotlin.statistics.metrics.NumberOverridePolicy$OVERRIDE           : loaded 2 times (x 81B)
Class org.jetbrains.kotlin.gradle.internal.properties.PropertiesBuildService$property$1: loaded 2 times (x 75B)
Class com.google.common.base.Joiner$1                                                 : loaded 2 times (x 76B)
Class org.objectweb.asm.Label                                                         : loaded 2 times (x 69B)
Class org.objectweb.asm.CurrentFrame                                                  : loaded 2 times (x 69B)
Class org.objectweb.asm.ClassTooLargeException                                        : loaded 2 times (x 79B)
Class com.google.common.base.CharMatcher                                              : loaded 2 times (x 107B)
Class com.google.common.collect.PeekingIterator                                       : loaded 2 times (x 66B)
Class org.jetbrains.kotlin.gradle.tasks.KotlinCompilationTask                         : loaded 2 times (x 66B)
Class org.jetbrains.kotlin.gradle.plugin.mpp.compilationImpl.factory.KotlinCompilationImplFactory$ProcessResourcesTaskNameFactory: loaded 2 times (x 66B)
Class com.google.common.collect.RangeGwtSerializationDependencies                     : loaded 2 times (x 67B)
Class org.jetbrains.kotlin.gradle.internal.properties.PropertiesBuildService$property$2: loaded 2 times (x 75B)
Class org.jetbrains.kotlin.gradle.internal.KotlinDependenciesManagementKt             : loaded 2 times (x 67B)
Class org.jetbrains.kotlin.gradle.plugin.DefaultKotlinBasePlugin$setupAttributeMatchingStrategy$1$2: loaded 2 times (x 75B)
Class org.jetbrains.kotlin.gradle.plugin.statistics.KotlinBuildStatsLoggerService     : loaded 2 times (x 68B)
Class org.jetbrains.kotlin.gradle.plugin.internal.CustomPropertiesFileValueSource$Inject: loaded 2 times (x 109B)
Class com.google.common.base.Joiner$2                                                 : loaded 2 times (x 75B)
Class org.objectweb.asm.Frame                                                         : loaded 2 times (x 69B)
Class org.objectweb.asm.MethodVisitor                                                 : loaded 2 times (x 101B)
Class com.google.common.base.CharMatcher$1                                            : loaded 2 times (x 109B)
Class com.google.common.base.CharMatcher$NamedFastMatcher                             : loaded 2 times (x 108B)
Class com.google.common.cache.LocalCache$EntryFactory$1                               : loaded 2 times (x 79B)
Class [Lcom.google.common.cache.RemovalListener;                                      : loaded 2 times (x 65B)
Class org.jetbrains.kotlin.gradle.plugin.mpp.InternalKotlinTargetKt$special$$inlined$extrasStoredFuture$1: loaded 2 times (x 75B)
Class org.jetbrains.kotlin.tooling.core.ExtrasProperty                                : loaded 2 times (x 66B)
Class org.jetbrains.kotlin.compilerRunner.UsesCompilerSystemPropertiesService         : loaded 2 times (x 66B)
Class org.jetbrains.kotlin.gradle.plugin.mpp.compilationImpl.KotlinCompilationSourceSetInclusion$Companion: loaded 2 times (x 67B)
Class com.google.common.collect.RangeSet                                              : loaded 2 times (x 66B)
Class org.jetbrains.kotlin.konan.target.KonanTarget$WATCHOS_DEVICE_ARM64              : loaded 2 times (x 74B)
Class org.jetbrains.kotlin.gradle.plugin.diagnostics.checkers.MissingNativeStdlibChecker$runChecks$1: loaded 2 times (x 84B)
Class [Lorg.jetbrains.kotlin.gradle.plugin.sources.android.AndroidVariantType;        : loaded 2 times (x 65B)
Class org.jetbrains.kotlin.gradle.plugin.sources.android.AndroidVariantType           : loaded 2 times (x 75B)
Class org.jetbrains.kotlin.gradle.plugin.mpp.KotlinTargetSoftwareComponent            : loaded 2 times (x 85B)
Class org.jetbrains.kotlin.gradle.plugin.mpp.KotlinVariant                            : loaded 2 times (x 97B)
Class org.jetbrains.kotlin.gradle.targets.native.ConfigureFrameworkExportSideEffectKt : loaded 2 times (x 67B)
Class org.jetbrains.kotlin.gradle.utils.WhenPluginEnabledKt                           : loaded 2 times (x 67B)
Class org.jetbrains.kotlin.gradle.plugin.VariantImplementationFactories               : loaded 2 times (x 71B)
Class com.google.common.cache.LocalCache$EntryFactory$2                               : loaded 2 times (x 79B)
Class org.gradle.api.internal.classpath.GlobalCacheRootsProvider                      : loaded 2 times (x 66B)
Class org.jetbrains.kotlin.tooling.core.Extras$Entry$Companion                        : loaded 2 times (x 67B)
Class com.google.common.collect.CollectCollectors                                     : loaded 2 times (x 67B)
Class org.jetbrains.kotlin.gradle.targets.js.dsl.KotlinWasmWasiTargetDsl              : loaded 2 times (x 66B)
Class org.jetbrains.kotlin.gradle.plugin.diagnostics.checkers.DisabledNativeTargetsChecker: loaded 2 times (x 70B)
Class org.jetbrains.kotlin.gradle.plugin.mpp.compilationImpl.KotlinCreateSourcesJarTaskSideEffectKt$KotlinCreateSourcesJarTaskSideEffect$1: loaded 2 times (x 70B)
Class org.jetbrains.kotlin.gradle.internal.CompilerArgumentAware                      : loaded 2 times (x 66B)
Class org.jetbrains.kotlin.gradle.utils.ReportUtilsKt                                 : loaded 2 times (x 67B)
Class org.jetbrains.kotlin.gradle.utils.StoredLazyProperty                            : loaded 2 times (x 71B)
Class org.objectweb.asm.ModuleWriter                                                  : loaded 2 times (x 78B)
Class com.google.common.cache.LocalCache$EntryFactory$3                               : loaded 2 times (x 79B)
Class com.google.common.base.Ticker$1                                                 : loaded 2 times (x 68B)
Class com.google.common.collect.Maps$BiMapConverter                                   : loaded 2 times (x 86B)
Class com.google.common.collect.ImmutableMapEntrySet$RegularEntrySet                  : loaded 2 times (x 148B)
Class Native_plugin_loader_gradle$NativePluginLoader                                  : loaded 2 times (x 68B)
Class com.google.common.collect.SetMultimap                                           : loaded 2 times (x 66B)
Class org.jetbrains.kotlin.gradle.dsl.AndroidMainSourceSetConventionsChecker$runChecks$1: loaded 2 times (x 84B)
Class org.jetbrains.kotlin.gradle.plugin.sources.FragmentConsistencyChecks            : loaded 2 times (x 68B)
Class org.jetbrains.kotlin.gradle.plugin.mpp.InternalKotlinTargetComponent            : loaded 2 times (x 89B)
Class org.jetbrains.kotlin.gradle.targets.CreateDefaultTestRunSideEffectKt$special$$inlined$KotlinTargetSideEffect$1: loaded 2 times (x 70B)
Class org.jetbrains.kotlin.gradle.utils.ProviderApiUtilsKt                            : loaded 2 times (x 67B)
Class org.jetbrains.kotlin.gradle.internal.properties.NativePropertiesLoader$forceDisableRunningInProcess$1: loaded 2 times (x 71B)
Class org.jetbrains.kotlin.gradle.utils.PersistentCachesKt                            : loaded 2 times (x 67B)
Class org.jetbrains.kotlin.gradle.internal.tasks.TaskWithLocalState                   : loaded 2 times (x 66B)
Class org.jetbrains.kotlin.gradle.plugin.statistics.KotlinBuildStatisticsUtilsKt      : loaded 2 times (x 67B)
Class org.jetbrains.kotlin.statistics.metrics.BooleanMetrics                          : loaded 2 times (x 76B)
Class org.jetbrains.kotlin.gradle.internal.properties.PropertiesBuildService$Params   : loaded 2 times (x 66B)
Class com.google.common.base.CharMatcher$InRange                                      : loaded 2 times (x 107B)
Class com.google.common.cache.LocalCache$EntryFactory$4                               : loaded 2 times (x 79B)
Class com.google.common.collect.ImmutableSet$Builder                                  : loaded 2 times (x 81B)
Class org.jetbrains.kotlin.gradle.plugin.sources.KotlinDependencyScopeKt$WhenMappings : loaded 2 times (x 67B)
Class org.jetbrains.kotlin.gradle.tasks.K2MultiplatformCompilationTask                : loaded 2 times (x 66B)
Class org.jetbrains.kotlin.gradle.plugin.diagnostics.checkers.OverriddenKotlinNativeHomeChecker$StdlibExistenceCheckerValueSource$Inject: loaded 2 times (x 105B)
Class org.jetbrains.kotlin.gradle.utils.ConfigurationsKt$maybeCreateDependencyScope$1 : loaded 2 times (x 74B)
Class org.jetbrains.kotlin.gradle.plugin.sources.FragmentConsistencyChecks$languageVersionCheck$1: loaded 2 times (x 75B)
Class org.jetbrains.kotlin.gradle.plugin.mpp.DecoratedKotlinCompilation               : loaded 2 times (x 187B)
Class org.jetbrains.kotlin.gradle.plugin.diagnostics.checkers.ExperimentalTryNextUsageChecker: loaded 2 times (x 70B)
Class [Lorg.jetbrains.kotlin.gradle.plugin.diagnostics.ToolingDiagnostic$Severity;    : loaded 2 times (x 65B)
Class [Lorg.jetbrains.kotlin.gradle.plugin.KotlinPlatformType;                        : loaded 2 times (x 65B)
Class org.jetbrains.kotlin.gradle.plugin.statistics.UsesBuildFusService               : loaded 2 times (x 66B)
Class org.jetbrains.kotlin.gradle.plugin.statistics.old.Pre232IdeaKotlinBuildStatsBeanService: loaded 2 times (x 91B)
Class org.jetbrains.kotlin.statistics.metrics.NumberOverridePolicy$AVERAGE            : loaded 2 times (x 81B)
Class org.jetbrains.kotlin.gradle.plugin.VariantImplementationFactories$Parameters$Inject: loaded 2 times (x 102B)
Class com.google.common.cache.LocalCache$EntryFactory$5                               : loaded 2 times (x 79B)
Class build_84g3hqh2g9imbpcolbudtfkn6                                                 : loaded 2 times (x 177B)
Class org.jetbrains.kotlin.gradle.plugin.mpp.MppSourcesJarKt$sourcesJarTaskNamed$result$1: loaded 2 times (x 75B)
Class org.jetbrains.kotlin.gradle.tasks.configuration.BaseKotlinCompileConfig$1       : loaded 2 times (x 75B)
Class org.jetbrains.kotlin.gradle.plugin.mpp.compilationImpl.factory.ConfigurationNaming$Default: loaded 2 times (x 71B)
Class org.jetbrains.kotlin.gradle.plugin.mpp.compilationImpl.KotlinCompilationSourceSetInclusion: loaded 2 times (x 68B)
Class org.jetbrains.kotlin.gradle.plugin.KotlinBaseApiPlugin                          : loaded 2 times (x 114B)
Class org.jetbrains.kotlin.gradle.targets.jvm.KotlinJvmTarget                         : loaded 2 times (x 162B)
Class org.jetbrains.kotlin.gradle.targets.js.dsl.KotlinWasmJsTargetDsl                : loaded 2 times (x 66B)
Class org.jetbrains.kotlin.gradle.plugin.diagnostics.checkers.DisabledNativeTargetsChecker$runChecks$1: loaded 2 times (x 84B)
Class org.jetbrains.kotlin.gradle.plugin.KotlinPluginLifecycleImpl$await$2$1          : loaded 2 times (x 75B)
Class org.jetbrains.kotlin.gradle.plugin.sources.DefaultLanguageSettingsBuilder       : loaded 2 times (x 96B)
Class org.jetbrains.kotlin.gradle.plugin.sources.FragmentConsistencyChecks$languageVersionCheck$2: loaded 2 times (x 74B)
Class org.jetbrains.kotlin.gradle.targets.CreateTargetConfigurationsSideEffectKt$CreateTargetConfigurationsSideEffect$1: loaded 2 times (x 70B)
Class org.jetbrains.kotlin.gradle.dsl.KotlinTargetContainerWithPresetFunctions        : loaded 2 times (x 66B)
Class org.jetbrains.kotlin.gradle.utils.GradleConfigurationUtilsKt                    : loaded 2 times (x 67B)
Class org.jetbrains.kotlin.gradle.plugin.internal.CustomPropertiesFileValueSource$Parameters: loaded 2 times (x 66B)
Class org.jetbrains.kotlin.gradle.plugin.UsesBuildFinishedListenerService             : loaded 2 times (x 66B)
Class com.google.common.cache.LocalCache$EntryFactory$6                               : loaded 2 times (x 79B)
Class Build_gradle                                                                    : loaded 2 times (x 126B)
Class org.gradle.internal.installation.CurrentGradleInstallationLocator               : loaded 2 times (x 67B)
Class org.jetbrains.kotlin.gradle.plugin.diagnostics.UsesKotlinToolingDiagnosticsKt   : loaded 2 times (x 67B)
Class org.jetbrains.kotlin.gradle.tasks.configuration.BaseKotlinCompileConfig$2       : loaded 2 times (x 75B)
Class com.google.common.collect.Maps$KeySet                                           : loaded 2 times (x 133B)
Class org.jetbrains.kotlin.gradle.plugin.KotlinJvmFactory                             : loaded 2 times (x 66B)
Class org.jetbrains.kotlin.konan.target.KonanTarget$IOS_X64                           : loaded 2 times (x 74B)
Class org.jetbrains.kotlin.gradle.plugin.mpp.InternalKotlinCompilation                : loaded 2 times (x 66B)
Class org.jetbrains.kotlin.gradle.utils.WhenEvaluatedKt                               : loaded 2 times (x 67B)
Class org.jetbrains.kotlin.gradle.targets.native.internal.AddKotlinPlatformIntegersSupportLibraryKt: loaded 2 times (x 67B)
Class org.jetbrains.kotlin.gradle.plugin.AbstractKotlinJsPluginWrapper                : loaded 2 times (x 82B)
Class org.jetbrains.kotlin.gradle.plugin.KotlinPluginWrapperKt                        : loaded 2 times (x 67B)
Class com.google.common.cache.LocalCache$EntryFactory$7                               : loaded 2 times (x 79B)
Class com.google.common.collect.ImmutableSet$EmptySetBuilderImpl                      : loaded 2 times (x 72B)
Class com.google.common.collect.ImmutableList                                         : loaded 2 times (x 202B)
Class org.gradle.internal.service.DefaultServiceLocator                               : loaded 2 times (x 79B)
Class org.jetbrains.kotlin.compilerRunner.CompilerSystemPropertiesService$Companion$registerIfAbsent$1: loaded 2 times (x 71B)
Class org.jetbrains.kotlin.util.capitalizeDecapitalize.CapitalizeDecapitalizeKt       : loaded 2 times (x 67B)
Class org.jetbrains.kotlin.gradle.plugin.diagnostics.checkers.WasmJsEnvironmentChecker: loaded 2 times (x 72B)
Class org.jetbrains.kotlin.gradle.plugin.diagnostics.checkers.AndroidPluginWithoutAndroidTargetChecker: loaded 2 times (x 70B)
Class org.jetbrains.kotlin.statistics.metrics.NumberOverridePolicy                    : loaded 2 times (x 81B)
Class org.jetbrains.kotlin.statistics.metrics.StringAnonymizationPolicy$AllowedListAnonymizer$Companion: loaded 2 times (x 67B)
Class org.jetbrains.kotlin.gradle.plugin.internal.DefaultProjectIsolationStartParameterAccessor_Decorated: loaded 2 times (x 121B)
Class org.jetbrains.kotlin.gradle.plugin.internal.ProjectIsolationStartParameterAccessorKt: loaded 2 times (x 67B)
Class org.jetbrains.kotlin.gradle.testing.internal.KotlinTestsRegistry                : loaded 2 times (x 68B)
Class com.google.common.cache.LocalCache$EntryFactory$8                               : loaded 2 times (x 79B)
Class com.google.common.collect.ImmutableSet$SetBuilderImpl                           : loaded 2 times (x 72B)
Class org.gradle.internal.installation.CurrentGradleInstallation                      : loaded 2 times (x 69B)
Class org.jetbrains.kotlin.gradle.plugin.mpp.InternalKotlinCompilationKt$awaitAllKotlinSourceSets$1: loaded 2 times (x 84B)
Class org.jetbrains.kotlin.gradle.plugin.statistics.FusMetrics                        : loaded 2 times (x 66B)
Class org.jetbrains.kotlin.gradle.plugin.sources.DefaultKotlinSourceSet$special$$inlined$Iterable$1: loaded 2 times (x 75B)
Class org.jetbrains.kotlin.gradle.plugin.mpp.compilationImpl.factory.KotlinCompilationImplFactory$KotlinCompilerOptionsFactory$Options: loaded 2 times (x 68B)
Class org.jetbrains.kotlin.gradle.plugin.KotlinCompilation                            : loaded 2 times (x 66B)
Class org.jetbrains.kotlin.gradle.plugin.KotlinTargetConfiguratorKt                   : loaded 2 times (x 67B)
Class org.jetbrains.kotlin.tooling.core.Extras$Type$Companion                         : loaded 2 times (x 67B)
Class com.google.common.cache.CacheLoader$1                                           : loaded 2 times (x 71B)
Class com.google.common.collect.ImmutableList$SubList                                 : loaded 2 times (x 205B)
Class org.gradle.util.internal.GUtil                                                  : loaded 2 times (x 67B)
Class org.jetbrains.kotlin.gradle.plugin.mpp.InternalKotlinTargetKt$isSourcesPublishableFuture$2: loaded 2 times (x 91B)
Class org.jetbrains.kotlin.gradle.plugin.mpp.KotlinCompilationFactory                 : loaded 2 times (x 66B)
Class org.jetbrains.kotlin.gradle.dsl.IosSourceSetConventionChecker$runChecks$1       : loaded 2 times (x 84B)
Class org.jetbrains.kotlin.gradle.plugin.mpp.AbstractKotlinCompilation                : loaded 2 times (x 187B)
Class org.jetbrains.kotlin.gradle.plugin.diagnostics.checkers.UnusedSourceSetsChecker : loaded 2 times (x 70B)
Class org.jetbrains.kotlin.gradle.utils.Future                                        : loaded 2 times (x 66B)
Class org.jetbrains.kotlin.gradle.plugin.statistics.KotlinBuildStatsConfiguration$Companion: loaded 2 times (x 67B)
Class com.google.common.cache.AbstractCache$StatsCounter                              : loaded 2 times (x 66B)
Class build_1kkqbkqek3kzr0gsec0eu4zss                                                 : loaded 2 times (x 176B)
Class build_cea53nf7900pva0gt5w0rwapg                                                 : loaded 2 times (x 177B)
Class org.jetbrains.kotlin.gradle.plugin.mpp.KotlinTargetSoftwareComponentImplKt      : loaded 2 times (x 67B)
Class org.jetbrains.kotlin.gradle.targets.js.dsl.KotlinJsSubTargetContainerDsl        : loaded 2 times (x 66B)
Class org.jetbrains.kotlin.tooling.core.MutableExtrasImpl$Companion                   : loaded 2 times (x 67B)
Class org.jetbrains.kotlin.gradle.plugin.KotlinGradleBuildServices$Companion$registerIfAbsent$1: loaded 2 times (x 71B)
Class org.jetbrains.kotlin.statistics.fileloggers.MetricsContainer                    : loaded 2 times (x 73B)
Class org.jetbrains.kotlin.gradle.plugin.internal.ProjectIsolationStartParameterAccessor: loaded 2 times (x 66B)
Class org.jetbrains.kotlin.gradle.utils.StoredProperty                                : loaded 2 times (x 66B)
Class com.google.common.collect.Iterators$MergingIterator                             : loaded 2 times (x 77B)
Class com.google.common.collect.RegularImmutableSet                                   : loaded 2 times (x 145B)
Class org.gradle.internal.installation.GradleInstallation                             : loaded 2 times (x 71B)
Class build_72k6u85wo8cr293wmtb5nc8dk$_run_closure1                                   : loaded 2 times (x 135B)
Class org.jetbrains.kotlin.gradle.plugin.mpp.compilationImpl.factory.KotlinCompilationImplFactory$create$1: loaded 2 times (x 71B)
Class org.jetbrains.kotlin.gradle.tasks.KotlinJavaToolchain                           : loaded 2 times (x 66B)
Class org.jetbrains.kotlin.statistics.metrics.BooleanMetrics$Companion                : loaded 2 times (x 67B)
Class org.jetbrains.kotlin.gradle.plugin.internal.CompatibilityConventionRegistrar    : loaded 2 times (x 66B)
Class com.google.common.collect.Iterables                                             : loaded 2 times (x 67B)
Class build_63xdntbx9kfpcid0995hlgqfy$_run_closure1                                   : loaded 2 times (x 135B)
Class org.jetbrains.kotlin.gradle.plugin.mpp.KotlinJvmCompilation                     : loaded 2 times (x 196B)
Class org.jetbrains.kotlin.gradle.plugin.KotlinCompilation$Companion                  : loaded 2 times (x 67B)
Class org.jetbrains.kotlin.konan.target.KonanTarget$WATCHOS_ARM64                     : loaded 2 times (x 74B)
Class org.jetbrains.kotlin.konan.target.KonanTarget$MACOS_ARM64                       : loaded 2 times (x 74B)
Class org.jetbrains.kotlin.gradle.plugin.diagnostics.checkers.OverriddenKotlinNativeHomeChecker: loaded 2 times (x 70B)
Class org.jetbrains.kotlin.gradle.artifacts.KotlinJvmJarArtifactKt$KotlinJvmJarArtifact$1: loaded 2 times (x 70B)
Class org.jetbrains.kotlin.gradle.targets.native.SetupEmbedAndSignAppleFrameworkTaskSideEffectKt: loaded 2 times (x 67B)
Class org.jetbrains.kotlin.gradle.plugin.KotlinProjectSetupActionKt$KotlinProjectSetupCoroutine$1: loaded 2 times (x 71B)
Class org.jetbrains.kotlin.gradle.dsl.ToolchainSupport$Companion                      : loaded 2 times (x 67B)
Class org.jetbrains.kotlin.gradle.plugin.KotlinSourceSet                              : loaded 2 times (x 66B)

---------------  S Y S T E M  ---------------

OS:
 Windows 10 , 64 bit Build 19041 (10.0.19041.5915)
OS uptime: 3 days 0:12 hours

CPU: total 4 (initial active 4) (2 cores per cpu, 2 threads per core) family 6 model 142 stepping 9 microcode 0xb4, cx8, cmov, fxsr, ht, mmx, 3dnowpref, sse, sse2, sse3, ssse3, sse4.1, sse4.2, popcnt, lzcnt, tsc, tscinvbit, avx, avx2, aes, erms, clmul, bmi1, bmi2, rtm, adx, fma, vzeroupper, clflush, clflushopt, rdtscp, f16c
Processor Information for the first 4 processors :
  Max Mhz: 2712, Current Mhz: 2611, Mhz Limit: 2603

Memory: 4k page, system-wide physical 8071M (554M free)
TotalPageFile size 11115M (AvailPageFile size 12M)
current process WorkingSet (physical memory assigned to process): 753M, peak: 753M
current process commit charge ("private bytes"): 856M, peak: 859M

vm_info: OpenJDK 64-Bit Server VM (21.0.6+-13391695-b895.109) for windows-amd64 JRE (21.0.6+-13391695-b895.109), built on 2025-04-22T21:19:17Z by "builder" with MS VC++ 16.10 / 16.11 (VS2019)

END.
