#
# There is insufficient memory for the Java Runtime Environment to continue.
# Native memory allocation (mmap) failed to map 2826960896 bytes. Error detail: G1 virtual space
# Possible reasons:
#   The system is out of physical RAM or swap space
#   This process is running with CompressedOops enabled, and the Java Heap may be blocking the growth of the native heap
# Possible solutions:
#   Reduce memory load on the system
#   Increase physical memory or swap space
#   Check if swap backing store is full
#   Decrease Java heap size (-Xmx/-Xms)
#   Decrease number of Java threads
#   Decrease Java thread stack sizes (-Xss)
#   Set larger code cache with -XX:ReservedCodeCacheSize=
#   JVM is running with Zero Based Compressed Oops mode in which the Java heap is
#     placed in the first 32GB address space. The Java Heap base address is the
#     maximum limit for the native heap growth. Please use -XX:HeapBaseMinAddress
#     to set the Java Heap base and to place the Java Heap above 32GB virtual address.
# This output file may be truncated or incomplete.
#
#  Out of Memory Error (os_windows.cpp:3898), pid=6596, tid=12380
#
# JRE version: OpenJDK Runtime Environment (21.0.6) (build 21.0.6+-13391695-b895.109)
# Java VM: OpenJDK 64-Bit Server VM (21.0.6+-13391695-b895.109, mixed mode, tiered, compressed oops, compressed class ptrs, g1 gc, windows-amd64)
# No core dump will be written. Minidumps are not enabled by default on client versions of Windows
#

---------------  S U M M A R Y ------------

Command Line: --add-opens=java.base/java.lang=ALL-UNNAMED --add-opens=java.base/java.lang.invoke=ALL-UNNAMED --add-opens=java.base/java.util=ALL-UNNAMED --add-opens=java.prefs/java.util.prefs=ALL-UNNAMED --add-exports=jdk.compiler/com.sun.tools.javac.api=ALL-UNNAMED --add-exports=jdk.compiler/com.sun.tools.javac.util=ALL-UNNAMED --add-opens=java.base/java.util=ALL-UNNAMED --add-opens=java.prefs/java.util.prefs=ALL-UNNAMED --add-opens=java.base/java.nio.charset=ALL-UNNAMED --add-opens=java.base/java.net=ALL-UNNAMED --add-opens=java.base/java.util.concurrent.atomic=ALL-UNNAMED --add-opens=java.xml/javax.xml.namespace=ALL-UNNAMED -XX:MaxMetaspaceSize=4G -XX:ReservedCodeCacheSize=512m -XX:+HeapDumpOnOutOfMemoryError -Xmx8G -Dfile.encoding=UTF-8 -Duser.country=US -Duser.language=en -Duser.variant -javaagent:C:\Users\Laiba\.gradle\wrapper\dists\gradle-8.14-all\c2qonpi39x1mddn7hk5gh9iqj\gradle-8.14\lib\agents\gradle-instrumentation-agent-8.14.jar org.gradle.launcher.daemon.bootstrap.GradleDaemon 8.14

Host: Intel(R) Core(TM) i5-7300U CPU @ 2.60GHz, 4 cores, 7G,  Windows 10 , 64 bit Build 19041 (10.0.19041.5915)
Time: Fri Jan  2 16:18:20 2026 Pakistan Standard Time elapsed time: 847.437404 seconds (0d 0h 14m 7s)

---------------  T H R E A D  ---------------

Current thread (0x0000013b72ec5f10):  VMThread "VM Thread"          [id=12380, stack(0x00000037dc200000,0x00000037dc300000) (1024K)]

Stack: [0x00000037dc200000,0x00000037dc300000]
Native frames: (J=compiled Java code, j=interpreted, Vv=VM code, C=native code)
V  [jvm.dll+0x6d0639]
V  [jvm.dll+0x85eb03]
V  [jvm.dll+0x86105e]
V  [jvm.dll+0x861743]
V  [jvm.dll+0x27e6e6]
V  [jvm.dll+0x6ccfd5]
V  [jvm.dll+0x6c0a8a]
V  [jvm.dll+0x35537b]
V  [jvm.dll+0x35cfd6]
V  [jvm.dll+0x3aef86]
V  [jvm.dll+0x3af258]
V  [jvm.dll+0x327a2c]
V  [jvm.dll+0x327ab7]
V  [jvm.dll+0x36d93c]
V  [jvm.dll+0x36c0ee]
V  [jvm.dll+0x327181]
V  [jvm.dll+0x36b7f0]
V  [jvm.dll+0x8674c8]
V  [jvm.dll+0x868844]
V  [jvm.dll+0x868d80]
V  [jvm.dll+0x869013]
V  [jvm.dll+0x806ed8]
V  [jvm.dll+0x6cef0d]
C  [ucrtbase.dll+0x21bb2]
C  [KERNEL32.DLL+0x17374]
C  [ntdll.dll+0x4cc91]

VM_Operation (0x00000037e2efe7b0): G1CollectForAllocation, mode: safepoint, requested by thread 0x0000013b254641a0


---------------  P R O C E S S  ---------------

Threads class SMR info:
_java_thread_list=0x0000013b2bff9940, length=112, elements={
0x0000013b614f6b50, 0x0000013b73146c40, 0x0000013b7314b970, 0x0000013b7315dd00,
0x0000013b7315e360, 0x0000013b73160dc0, 0x0000013b73161c10, 0x0000013b7316dea0,
0x0000013b73170940, 0x0000013b731c66b0, 0x0000013b73464500, 0x0000013b79177c20,
0x0000013b7920ff20, 0x0000013b793bd340, 0x0000013b79370690, 0x0000013b793713b0,
0x0000013b79371a40, 0x0000013b7936f2e0, 0x0000013b7936f970, 0x0000013b7a9bcf70,
0x0000013b7a9c2b50, 0x0000013b7a8be620, 0x0000013b7de3d360, 0x0000013b7de3a570,
0x0000013b7de36a60, 0x0000013b26577000, 0x0000013b265748a0, 0x0000013b26574f30,
0x0000013b26577690, 0x0000013b265727d0, 0x0000013b26576970, 0x0000013b26570700,
0x0000013b26571ab0, 0x0000013b26572e60, 0x0000013b26573b80, 0x0000013b26574210,
0x0000013b265755c0, 0x0000013b26575c50, 0x0000013b738b2dd0, 0x0000013b738b4ea0,
0x0000013b738b5530, 0x0000013b738b6250, 0x0000013b738b68e0, 0x0000013b738b3460,
0x0000013b738b20b0, 0x0000013b738b4810, 0x0000013b738b2740, 0x0000013b738affe0,
0x0000013b738b0670, 0x0000013b738b3af0, 0x0000013b738b4180, 0x0000013b738b6f70,
0x0000013b738b0d00, 0x0000013b738b1390, 0x0000013b7a9c0a80, 0x0000013b7a9bf040,
0x0000013b7a9c1e30, 0x0000013b7a9bfd60, 0x0000013b7a9bf6d0, 0x0000013b7a9c03f0,
0x0000013b7a9bd600, 0x0000013b7a9bdc90, 0x0000013b7a9c1110, 0x0000013b7a9be320,
0x0000013b7a9bc8e0, 0x0000013b7a9bbbc0, 0x0000013b7a9c24c0, 0x0000013b7a8bc550,
0x0000013b7a8b90d0, 0x0000013b7a8bf340, 0x0000013b7a8b9df0, 0x0000013b7a8b83b0,
0x0000013b7a8ba480, 0x0000013b7a8bcbe0, 0x0000013b7a8bab10, 0x0000013b7a8bd270,
0x0000013b7a8bb1a0, 0x0000013b7a8bd900, 0x0000013b7a8bf9d0, 0x0000013b7a8bdf90,
0x0000013b7a8bb830, 0x0000013b7de38b30, 0x0000013b7de39850, 0x0000013b7de391c0,
0x0000013b7de370f0, 0x0000013b7de39ee0, 0x0000013b79370d20, 0x0000013b79370000,
0x0000013b7e875e70, 0x0000013b7e877220, 0x0000013b79b46470, 0x0000013b79b4da90,
0x0000013b79b498f0, 0x0000013b79b4e7b0, 0x0000013b79b4ee40, 0x0000013b79b4f4d0,
0x0000013b79b51c30, 0x0000013b79b52950, 0x0000013b79b52fe0, 0x0000013b79b53670,
0x0000013b25fa7170, 0x0000013b25fa4380, 0x0000013b25fa8520, 0x0000013b25fa50a0,
0x0000013b25fa5730, 0x0000013b2546d200, 0x0000013b25469d80, 0x0000013b25984880,
0x0000013b254696f0, 0x0000013b2546aaa0, 0x0000013b254641a0, 0x0000013b2546b7c0
}

Java Threads: ( => current thread )
  0x0000013b614f6b50 JavaThread "main"                              [_thread_blocked, id=12456, stack(0x00000037dbb00000,0x00000037dbc00000) (1024K)]
  0x0000013b73146c40 JavaThread "Reference Handler"          daemon [_thread_blocked, id=3132, stack(0x00000037dc300000,0x00000037dc400000) (1024K)]
  0x0000013b7314b970 JavaThread "Finalizer"                  daemon [_thread_blocked, id=10568, stack(0x00000037dc400000,0x00000037dc500000) (1024K)]
  0x0000013b7315dd00 JavaThread "Signal Dispatcher"          daemon [_thread_blocked, id=5652, stack(0x00000037dc500000,0x00000037dc600000) (1024K)]
  0x0000013b7315e360 JavaThread "Attach Listener"            daemon [_thread_blocked, id=8268, stack(0x00000037dc600000,0x00000037dc700000) (1024K)]
  0x0000013b73160dc0 JavaThread "Service Thread"             daemon [_thread_blocked, id=3988, stack(0x00000037dc700000,0x00000037dc800000) (1024K)]
  0x0000013b73161c10 JavaThread "Monitor Deflation Thread"   daemon [_thread_blocked, id=13808, stack(0x00000037dc800000,0x00000037dc900000) (1024K)]
  0x0000013b7316dea0 JavaThread "C2 CompilerThread0"         daemon [_thread_in_native, id=8920, stack(0x00000037dc900000,0x00000037dca00000) (1024K)]
  0x0000013b73170940 JavaThread "C1 CompilerThread0"         daemon [_thread_blocked, id=15172, stack(0x00000037dca00000,0x00000037dcb00000) (1024K)]
  0x0000013b731c66b0 JavaThread "Common-Cleaner"             daemon [_thread_blocked, id=14800, stack(0x00000037dcb00000,0x00000037dcc00000) (1024K)]
  0x0000013b73464500 JavaThread "Notification Thread"        daemon [_thread_blocked, id=8496, stack(0x00000037dcc00000,0x00000037dcd00000) (1024K)]
  0x0000013b79177c20 JavaThread "Daemon health stats"               [_thread_blocked, id=9660, stack(0x00000037dd100000,0x00000037dd200000) (1024K)]
  0x0000013b7920ff20 JavaThread "Incoming local TCP Connector on port 56112"        [_thread_in_native, id=11752, stack(0x00000037dd200000,0x00000037dd300000) (1024K)]
  0x0000013b793bd340 JavaThread "Daemon periodic checks"            [_thread_blocked, id=11772, stack(0x00000037dd300000,0x00000037dd400000) (1024K)]
  0x0000013b79370690 JavaThread "Cache worker for journal cache (C:\Users\Laiba\.gradle\caches\journal-1)"        [_thread_blocked, id=16108, stack(0x00000037dcf00000,0x00000037dd000000) (1024K)]
  0x0000013b793713b0 JavaThread "File lock request listener"        [_thread_in_native, id=11452, stack(0x00000037ddb00000,0x00000037ddc00000) (1024K)]
  0x0000013b79371a40 JavaThread "Cache worker for file hash cache (C:\Users\Laiba\.gradle\caches\8.14\fileHashes)"        [_thread_blocked, id=12776, stack(0x00000037ddc00000,0x00000037ddd00000) (1024K)]
  0x0000013b7936f2e0 JavaThread "File watcher server"        daemon [_thread_blocked, id=912, stack(0x00000037de000000,0x00000037de100000) (1024K)]
  0x0000013b7936f970 JavaThread "File watcher consumer"      daemon [_thread_blocked, id=11508, stack(0x00000037de100000,0x00000037de200000) (1024K)]
  0x0000013b7a9bcf70 JavaThread "Cache worker for file content cache (C:\Users\Laiba\.gradle\caches\8.14\fileContent)"        [_thread_blocked, id=1632, stack(0x00000037de300000,0x00000037de400000) (1024K)]
  0x0000013b7a9c2b50 JavaThread "Memory manager"                    [_thread_blocked, id=12684, stack(0x00000037df000000,0x00000037df100000) (1024K)]
  0x0000013b7a8be620 JavaThread "jar transforms"                    [_thread_blocked, id=10176, stack(0x00000037e0a00000,0x00000037e0b00000) (1024K)]
  0x0000013b7de3d360 JavaThread "jar transforms Thread 2"           [_thread_blocked, id=8048, stack(0x00000037e1400000,0x00000037e1500000) (1024K)]
  0x0000013b7de3a570 JavaThread "jar transforms Thread 3"           [_thread_blocked, id=10716, stack(0x00000037e1600000,0x00000037e1700000) (1024K)]
  0x0000013b7de36a60 JavaThread "jar transforms Thread 4"           [_thread_blocked, id=15608, stack(0x00000037e1800000,0x00000037e1900000) (1024K)]
  0x0000013b26577000 JavaThread "pool-3-thread-1"                   [_thread_blocked, id=3012, stack(0x00000037db800000,0x00000037db900000) (1024K)]
  0x0000013b265748a0 JavaThread "Daemon Thread 2"                   [_thread_blocked, id=4592, stack(0x00000037dba00000,0x00000037dbb00000) (1024K)]
  0x0000013b26574f30 JavaThread "Handler for socket connection from /127.0.0.1:56112 to /127.0.0.1:56764"        [_thread_in_native, id=14720, stack(0x00000037dd400000,0x00000037dd500000) (1024K)]
  0x0000013b26577690 JavaThread "Cancel handler"                    [_thread_blocked, id=14220, stack(0x00000037dd500000,0x00000037dd600000) (1024K)]
  0x0000013b265727d0 JavaThread "Daemon worker Thread 2"            [_thread_blocked, id=9984, stack(0x00000037dd600000,0x00000037dd700000) (1024K)]
  0x0000013b26576970 JavaThread "Asynchronous log dispatcher for DefaultDaemonConnection: socket connection from /127.0.0.1:56112 to /127.0.0.1:56764"        [_thread_blocked, id=15424, stack(0x00000037dd700000,0x00000037dd800000) (1024K)]
  0x0000013b26570700 JavaThread "Stdin handler"                     [_thread_blocked, id=14252, stack(0x00000037dd800000,0x00000037dd900000) (1024K)]
  0x0000013b26571ab0 JavaThread "Daemon client event forwarder"        [_thread_blocked, id=3268, stack(0x00000037dd900000,0x00000037dda00000) (1024K)]
  0x0000013b26572e60 JavaThread "Cache worker for file hash cache (C:\Users\Laiba\Desktop\flutter projects\lost_firebase (1)\lost_firebase\lost_firebase\android\.gradle\8.14\fileHashes)"        [_thread_blocked, id=16144, stack(0x00000037dda00000,0x00000037ddb00000) (1024K)]
  0x0000013b26573b80 JavaThread "Cache worker for Build Output Cleanup Cache (C:\Users\Laiba\Desktop\flutter projects\lost_firebase (1)\lost_firebase\lost_firebase\android\.gradle\buildOutputCleanup)"        [_thread_blocked, id=1744, stack(0x00000037ddd00000,0x00000037dde00000) (1024K)]
  0x0000013b26574210 JavaThread "Cache worker for checksums cache (C:\Users\Laiba\Desktop\flutter projects\lost_firebase (1)\lost_firebase\lost_firebase\android\.gradle\8.14\checksums)"        [_thread_blocked, id=9144, stack(0x00000037ddf00000,0x00000037de000000) (1024K)]
  0x0000013b265755c0 JavaThread "Cache worker for cache directory md-supplier (C:\Users\Laiba\.gradle\caches\8.14\md-supplier)"        [_thread_blocked, id=11448, stack(0x00000037de200000,0x00000037de300000) (1024K)]
  0x0000013b26575c50 JavaThread "Cache worker for cache directory md-rule (C:\Users\Laiba\.gradle\caches\8.14\md-rule)"        [_thread_blocked, id=6236, stack(0x00000037de400000,0x00000037de500000) (1024K)]
  0x0000013b738b2dd0 JavaThread "Cache worker for Build Output Cleanup Cache (C:\Users\Laiba\Downloads\flutter\packages\flutter_tools\gradle\.gradle\buildOutputCleanup)"        [_thread_blocked, id=8912, stack(0x00000037de500000,0x00000037de600000) (1024K)]
  0x0000013b738b4ea0 JavaThread "Unconstrained build operations"        [_thread_blocked, id=14272, stack(0x00000037de600000,0x00000037de700000) (1024K)]
  0x0000013b738b5530 JavaThread "Unconstrained build operations Thread 2"        [_thread_blocked, id=4008, stack(0x00000037de700000,0x00000037de800000) (1024K)]
  0x0000013b738b6250 JavaThread "Unconstrained build operations Thread 3"        [_thread_blocked, id=13708, stack(0x00000037de800000,0x00000037de900000) (1024K)]
  0x0000013b738b68e0 JavaThread "Unconstrained build operations Thread 4"        [_thread_blocked, id=11832, stack(0x00000037de900000,0x00000037dea00000) (1024K)]
  0x0000013b738b3460 JavaThread "Unconstrained build operations Thread 5"        [_thread_blocked, id=7244, stack(0x00000037dea00000,0x00000037deb00000) (1024K)]
  0x0000013b738b20b0 JavaThread "Unconstrained build operations Thread 6"        [_thread_blocked, id=3616, stack(0x00000037deb00000,0x00000037dec00000) (1024K)]
  0x0000013b738b4810 JavaThread "build event listener"              [_thread_blocked, id=2100, stack(0x00000037dec00000,0x00000037ded00000) (1024K)]
  0x0000013b738b2740 JavaThread "included builds"                   [_thread_blocked, id=11360, stack(0x00000037ded00000,0x00000037dee00000) (1024K)]
  0x0000013b738affe0 JavaThread "Execution worker"                  [_thread_blocked, id=11180, stack(0x00000037dee00000,0x00000037def00000) (1024K)]
  0x0000013b738b0670 JavaThread "Execution worker Thread 2"         [_thread_blocked, id=9500, stack(0x00000037def00000,0x00000037df000000) (1024K)]
  0x0000013b738b3af0 JavaThread "Execution worker Thread 3"         [_thread_blocked, id=10824, stack(0x00000037df100000,0x00000037df200000) (1024K)]
  0x0000013b738b4180 JavaThread "Cache worker for execution history cache (C:\Users\Laiba\Downloads\flutter\packages\flutter_tools\gradle\.gradle\8.14\executionHistory)"        [_thread_blocked, id=9376, stack(0x00000037df200000,0x00000037df300000) (1024K)]
  0x0000013b738b6f70 JavaThread "Unconstrained build operations Thread 7"        [_thread_blocked, id=14920, stack(0x00000037df300000,0x00000037df400000) (1024K)]
  0x0000013b738b0d00 JavaThread "Unconstrained build operations Thread 8"        [_thread_blocked, id=8512, stack(0x00000037df400000,0x00000037df500000) (1024K)]
  0x0000013b738b1390 JavaThread "Unconstrained build operations Thread 9"        [_thread_blocked, id=5920, stack(0x00000037df500000,0x00000037df600000) (1024K)]
  0x0000013b7a9c0a80 JavaThread "Unconstrained build operations Thread 10"        [_thread_blocked, id=16168, stack(0x00000037df600000,0x00000037df700000) (1024K)]
  0x0000013b7a9bf040 JavaThread "Unconstrained build operations Thread 11"        [_thread_blocked, id=7456, stack(0x00000037df700000,0x00000037df800000) (1024K)]
  0x0000013b7a9c1e30 JavaThread "Unconstrained build operations Thread 12"        [_thread_blocked, id=15540, stack(0x00000037df800000,0x00000037df900000) (1024K)]
  0x0000013b7a9bfd60 JavaThread "Unconstrained build operations Thread 13"        [_thread_blocked, id=6972, stack(0x00000037df900000,0x00000037dfa00000) (1024K)]
  0x0000013b7a9bf6d0 JavaThread "Unconstrained build operations Thread 14"        [_thread_blocked, id=13276, stack(0x00000037dfa00000,0x00000037dfb00000) (1024K)]
  0x0000013b7a9c03f0 JavaThread "Unconstrained build operations Thread 15"        [_thread_blocked, id=6844, stack(0x00000037dfb00000,0x00000037dfc00000) (1024K)]
  0x0000013b7a9bd600 JavaThread "Unconstrained build operations Thread 16"        [_thread_blocked, id=5460, stack(0x00000037dfc00000,0x00000037dfd00000) (1024K)]
  0x0000013b7a9bdc90 JavaThread "Unconstrained build operations Thread 17"        [_thread_blocked, id=11036, stack(0x00000037dfd00000,0x00000037dfe00000) (1024K)]
  0x0000013b7a9c1110 JavaThread "Unconstrained build operations Thread 18"        [_thread_blocked, id=4132, stack(0x00000037dfe00000,0x00000037dff00000) (1024K)]
  0x0000013b7a9be320 JavaThread "Unconstrained build operations Thread 19"        [_thread_blocked, id=13440, stack(0x00000037dff00000,0x00000037e0000000) (1024K)]
  0x0000013b7a9bc8e0 JavaThread "Unconstrained build operations Thread 20"        [_thread_blocked, id=14748, stack(0x00000037e0000000,0x00000037e0100000) (1024K)]
  0x0000013b7a9bbbc0 JavaThread "Unconstrained build operations Thread 21"        [_thread_blocked, id=2000, stack(0x00000037e0100000,0x00000037e0200000) (1024K)]
  0x0000013b7a9c24c0 JavaThread "Unconstrained build operations Thread 22"        [_thread_blocked, id=10964, stack(0x00000037e0200000,0x00000037e0300000) (1024K)]
  0x0000013b7a8bc550 JavaThread "Unconstrained build operations Thread 23"        [_thread_blocked, id=10452, stack(0x00000037e0300000,0x00000037e0400000) (1024K)]
  0x0000013b7a8b90d0 JavaThread "Unconstrained build operations Thread 24"        [_thread_blocked, id=11044, stack(0x00000037e0400000,0x00000037e0500000) (1024K)]
  0x0000013b7a8bf340 JavaThread "Unconstrained build operations Thread 25"        [_thread_blocked, id=15444, stack(0x00000037e0500000,0x00000037e0600000) (1024K)]
  0x0000013b7a8b9df0 JavaThread "Unconstrained build operations Thread 26"        [_thread_blocked, id=352, stack(0x00000037e0600000,0x00000037e0700000) (1024K)]
  0x0000013b7a8b83b0 JavaThread "Problems report writer"            [_thread_blocked, id=12008, stack(0x00000037e0700000,0x00000037e0800000) (1024K)]
  0x0000013b7a8ba480 JavaThread "build event listener"              [_thread_blocked, id=2428, stack(0x00000037e0800000,0x00000037e0900000) (1024K)]
  0x0000013b7a8bcbe0 JavaThread "Unconstrained build operations Thread 27"        [_thread_blocked, id=11144, stack(0x00000037e0900000,0x00000037e0a00000) (1024K)]
  0x0000013b7a8bab10 JavaThread "Unconstrained build operations Thread 28"        [_thread_blocked, id=15092, stack(0x00000037e0b00000,0x00000037e0c00000) (1024K)]
  0x0000013b7a8bd270 JavaThread "Unconstrained build operations Thread 29"        [_thread_blocked, id=11532, stack(0x00000037e0c00000,0x00000037e0d00000) (1024K)]
  0x0000013b7a8bb1a0 JavaThread "Unconstrained build operations Thread 30"        [_thread_blocked, id=5152, stack(0x00000037e0d00000,0x00000037e0e00000) (1024K)]
  0x0000013b7a8bd900 JavaThread "Unconstrained build operations Thread 31"        [_thread_blocked, id=12744, stack(0x00000037e0e00000,0x00000037e0f00000) (1024K)]
  0x0000013b7a8bf9d0 JavaThread "Unconstrained build operations Thread 32"        [_thread_blocked, id=9320, stack(0x00000037e0f00000,0x00000037e1000000) (1024K)]
  0x0000013b7a8bdf90 JavaThread "Unconstrained build operations Thread 33"        [_thread_blocked, id=13128, stack(0x00000037e1000000,0x00000037e1100000) (1024K)]
  0x0000013b7a8bb830 JavaThread "Unconstrained build operations Thread 34"        [_thread_blocked, id=9364, stack(0x00000037e1100000,0x00000037e1200000) (1024K)]
  0x0000013b7de38b30 JavaThread "Unconstrained build operations Thread 35"        [_thread_blocked, id=14848, stack(0x00000037e1200000,0x00000037e1300000) (1024K)]
  0x0000013b7de39850 JavaThread "Unconstrained build operations Thread 36"        [_thread_blocked, id=5596, stack(0x00000037e1300000,0x00000037e1400000) (1024K)]
  0x0000013b7de391c0 JavaThread "Unconstrained build operations Thread 37"        [_thread_blocked, id=11520, stack(0x00000037e1500000,0x00000037e1600000) (1024K)]
  0x0000013b7de370f0 JavaThread "Unconstrained build operations Thread 38"        [_thread_blocked, id=13944, stack(0x00000037e1700000,0x00000037e1800000) (1024K)]
  0x0000013b7de39ee0 JavaThread "Unconstrained build operations Thread 39"        [_thread_blocked, id=13156, stack(0x00000037e1900000,0x00000037e1a00000) (1024K)]
  0x0000013b79370d20 JavaThread "Unconstrained build operations Thread 40"        [_thread_blocked, id=7968, stack(0x00000037e1a00000,0x00000037e1b00000) (1024K)]
  0x0000013b79370000 JavaThread "pool-6-thread-1"                   [_thread_blocked, id=15924, stack(0x00000037e1b00000,0x00000037e1c00000) (1024K)]
  0x0000013b7e875e70 JavaThread "build event listener"              [_thread_blocked, id=6472, stack(0x00000037e1c00000,0x00000037e1d00000) (1024K)]
  0x0000013b7e877220 JavaThread "Cache worker for execution history cache (C:\Users\Laiba\Desktop\flutter projects\lost_firebase (1)\lost_firebase\lost_firebase\android\.gradle\8.14\executionHistory)"        [_thread_blocked, id=1312, stack(0x00000037e1d00000,0x00000037e1e00000) (1024K)]
  0x0000013b79b46470 JavaThread "WorkerExecutor Queue"              [_thread_blocked, id=3684, stack(0x00000037e2100000,0x00000037e2200000) (1024K)]
  0x0000013b79b4da90 JavaThread "WorkerExecutor Queue Thread 6"        [_thread_blocked, id=11692, stack(0x00000037e2400000,0x00000037e2500000) (1024K)]
  0x0000013b79b498f0 JavaThread "pool-7-thread-1"                   [_thread_blocked, id=10804, stack(0x00000037e2700000,0x00000037e2800000) (1024K)]
  0x0000013b79b4e7b0 JavaThread "stderr"                            [_thread_in_native, id=14152, stack(0x00000037e2800000,0x00000037e2900000) (1024K)]
  0x0000013b79b4ee40 JavaThread "stdout"                            [_thread_in_native, id=4624, stack(0x00000037e2900000,0x00000037e2a00000) (1024K)]
  0x0000013b79b4f4d0 JavaThread "Cache worker for Java compile cache (C:\Users\Laiba\.gradle\caches\8.14\javaCompile)"        [_thread_blocked, id=4884, stack(0x00000037e2a00000,0x00000037e2b00000) (1024K)]
  0x0000013b79b51c30 JavaThread "Build operations"                  [_thread_blocked, id=10044, stack(0x00000037e2300000,0x00000037e2400000) (1024K)]
  0x0000013b79b52950 JavaThread "Build operations Thread 2"         [_thread_blocked, id=12652, stack(0x00000037e2b00000,0x00000037e2c00000) (1024K)]
  0x0000013b79b52fe0 JavaThread "Build operations Thread 3"         [_thread_blocked, id=9768, stack(0x00000037e2c00000,0x00000037e2d00000) (1024K)]
  0x0000013b79b53670 JavaThread "Build operations Thread 4"         [_thread_blocked, id=9904, stack(0x00000037e1f00000,0x00000037e2000000) (1024K)]
  0x0000013b25fa7170 JavaThread "RMI Scheduler(0)"           daemon [_thread_blocked, id=8188, stack(0x00000037e2d00000,0x00000037e2e00000) (1024K)]
  0x0000013b25fa4380 JavaThread "RMI GC Daemon"              daemon [_thread_blocked, id=528, stack(0x00000037e3000000,0x00000037e3100000) (1024K)]
  0x0000013b25fa8520 JavaThread "RMI TCP Accept-0"           daemon [_thread_in_native, id=10948, stack(0x00000037e3100000,0x00000037e3200000) (1024K)]
  0x0000013b25fa50a0 JavaThread "RMI Reaper"                        [_thread_blocked, id=9872, stack(0x00000037e3200000,0x00000037e3300000) (1024K)]
  0x0000013b25fa5730 JavaThread "RMI TCP Connection(idle)"   daemon [_thread_blocked, id=9776, stack(0x00000037e3300000,0x00000037e3400000) (1024K)]
  0x0000013b2546d200 JavaThread "WorkerExecutor Queue Thread 7"        [_thread_blocked, id=3804, stack(0x00000037db900000,0x00000037dba00000) (1024K)]
  0x0000013b25469d80 JavaThread "WorkerExecutor Queue Thread 8"        [_thread_blocked, id=9836, stack(0x00000037e2600000,0x00000037e2700000) (1024K)]
  0x0000013b25984880 JavaThread "C2 CompilerThread1"         daemon [_thread_blocked, id=16232, stack(0x00000037e1e00000,0x00000037e1f00000) (1024K)]
  0x0000013b254696f0 JavaThread "ForkJoinPool-1-worker-1"    daemon [_thread_blocked, id=14036, stack(0x00000037e2200000,0x00000037e2300000) (1024K)]
  0x0000013b2546aaa0 JavaThread "ForkJoinPool-1-worker-2"    daemon [_thread_blocked, id=14852, stack(0x00000037e2500000,0x00000037e2600000) (1024K)]
  0x0000013b254641a0 JavaThread "ForkJoinPool-1-worker-3"    daemon [_thread_blocked, id=12976, stack(0x00000037e2e00000,0x00000037e2f00000) (1024K)]
  0x0000013b2546b7c0 JavaThread "ForkJoinPool-1-worker-4"    daemon [_thread_blocked, id=14096, stack(0x00000037e2f00000,0x00000037e3000000) (1024K)]
Total: 112

Other Threads:
=>0x0000013b72ec5f10 VMThread "VM Thread"                           [id=12380, stack(0x00000037dc200000,0x00000037dc300000) (1024K)]
  0x0000013b72e33ab0 WatcherThread "VM Periodic Task Thread"        [id=15128, stack(0x00000037dc100000,0x00000037dc200000) (1024K)]
  0x0000013b637d0a40 WorkerThread "GC Thread#0"                     [id=13588, stack(0x00000037dbc00000,0x00000037dbd00000) (1024K)]
  0x0000013b734d4df0 WorkerThread "GC Thread#1"                     [id=13796, stack(0x00000037dcd00000,0x00000037dce00000) (1024K)]
  0x0000013b7356a370 WorkerThread "GC Thread#2"                     [id=9476, stack(0x00000037dce00000,0x00000037dcf00000) (1024K)]
  0x0000013b73a184f0 WorkerThread "GC Thread#3"                     [id=11912, stack(0x00000037dd000000,0x00000037dd100000) (1024K)]
  0x0000013b615bdf50 ConcurrentGCThread "G1 Main Marker"            [id=7096, stack(0x00000037dbd00000,0x00000037dbe00000) (1024K)]
  0x0000013b615be960 WorkerThread "G1 Conc#0"                       [id=9684, stack(0x00000037dbe00000,0x00000037dbf00000) (1024K)]
  0x0000013b637eeb90 ConcurrentGCThread "G1 Refine#0"               [id=7656, stack(0x00000037dbf00000,0x00000037dc000000) (1024K)]
  0x0000013b72d05740 ConcurrentGCThread "G1 Service"                [id=11540, stack(0x00000037dc000000,0x00000037dc100000) (1024K)]
Total: 10

Threads with active compile tasks:
C2 CompilerThread0  847509 53315       4       com.android.tools.r8.internal.En::a (3327 bytes)
C2 CompilerThread1  847509 53398       4       com.android.tools.r8.dex.C::a (1016 bytes)
Total: 2

VM state: at safepoint (normal execution)

VM Mutex/Monitor currently owned by a thread:  ([mutex/lock_event])
[0x00007ff83f2ee3a0] Threads_lock - owner thread: 0x0000013b72ec5f10
[0x00007ff83f2ee4a0] Heap_lock - owner thread: 0x0000013b254641a0

Heap address: 0x0000000600000000, size: 8192 MB, Compressed Oops mode: Zero based, Oop shift amount: 3

CDS archive(s) not mapped
Compressed class space mapped at: 0x0000000800000000-0x0000000840000000, reserved size: 1073741824
Narrow klass base: 0x0000000800000000, Narrow klass shift: 0, Narrow klass range: 0x40000000

GC Precious Log:
 CardTable entry size: 512
 Card Set container configuration: InlinePtr #cards 4 size 8 Array Of Cards #cards 32 size 80 Howl #buckets 8 coarsen threshold 7372 Howl Bitmap #cards 1024 size 144 coarsen threshold 921 Card regions per heap region 1 cards per card region 8192
 CPUs: 4 total, 4 available
 Memory: 8071M
 Large Page Support: Disabled
 NUMA Support: Disabled
 Compressed Oops: Enabled (Zero based)
 Heap Region Size: 4M
 Heap Min Capacity: 8M
 Heap Initial Capacity: 128M
 Heap Max Capacity: 8G
 Pre-touch: Disabled
 Parallel Workers: 4
 Concurrent Workers: 1
 Concurrent Refinement Workers: 4
 Periodic GC: Disabled

Heap:
 garbage-first heap   total 1490944K, used 683883K [0x0000000600000000, 0x0000000800000000)
  region size 4096K, 9 young (36864K), 9 survivors (36864K)
 Metaspace       used 223392K, committed 226624K, reserved 1310720K
  class space    used 28097K, committed 29632K, reserved 1048576K

Heap Regions: E=young(eden), S=young(survivor), O=old, HS=humongous(starts), HC=humongous(continues), CS=collection set, F=free, TAMS=top-at-mark-start, PB=parsable bottom
|   0|0x0000000600000000, 0x0000000600400000, 0x0000000600400000|100%|HS|  |TAMS 0x0000000600400000| PB 0x0000000600000000| Complete 
|   1|0x0000000600400000, 0x0000000600800000, 0x0000000600800000|100%| O|  |TAMS 0x0000000600800000| PB 0x0000000600400000| Untracked 
|   2|0x0000000600800000, 0x0000000600c00000, 0x0000000600c00000|100%| O|  |TAMS 0x0000000600c00000| PB 0x0000000600800000| Untracked 
|   3|0x0000000600c00000, 0x0000000600fdae50, 0x0000000601000000| 96%| O|  |TAMS 0x0000000600fdae50| PB 0x0000000600c00000| Untracked 
|   4|0x0000000601000000, 0x0000000601400000, 0x0000000601400000|100%| O|  |TAMS 0x0000000601400000| PB 0x0000000601000000| Untracked 
|   5|0x0000000601400000, 0x0000000601800000, 0x0000000601800000|100%| O|  |TAMS 0x0000000601800000| PB 0x0000000601400000| Untracked 
|   6|0x0000000601800000, 0x0000000601c00000, 0x0000000601c00000|100%| O|  |TAMS 0x0000000601c00000| PB 0x0000000601800000| Untracked 
|   7|0x0000000601c00000, 0x0000000602000000, 0x0000000602000000|100%| O|  |TAMS 0x0000000602000000| PB 0x0000000601c00000| Untracked 
|   8|0x0000000602000000, 0x0000000602400000, 0x0000000602400000|100%| O|  |TAMS 0x0000000602400000| PB 0x0000000602000000| Untracked 
|   9|0x0000000602400000, 0x0000000602800000, 0x0000000602800000|100%| O|  |TAMS 0x0000000602800000| PB 0x0000000602400000| Untracked 
|  10|0x0000000602800000, 0x0000000602c00000, 0x0000000602c00000|100%| O|  |TAMS 0x0000000602c00000| PB 0x0000000602800000| Untracked 
|  11|0x0000000602c00000, 0x0000000603000000, 0x0000000603000000|100%| O|  |TAMS 0x0000000603000000| PB 0x0000000602c00000| Untracked 
|  12|0x0000000603000000, 0x0000000603400000, 0x0000000603400000|100%|HS|  |TAMS 0x0000000603400000| PB 0x0000000603000000| Complete 
|  13|0x0000000603400000, 0x0000000603800000, 0x0000000603800000|100%| O|  |TAMS 0x0000000603800000| PB 0x0000000603400000| Untracked 
|  14|0x0000000603800000, 0x0000000603c00000, 0x0000000603c00000|100%|HS|  |TAMS 0x0000000603c00000| PB 0x0000000603800000| Complete 
|  15|0x0000000603c00000, 0x0000000604000000, 0x0000000604000000|100%| O|  |TAMS 0x0000000604000000| PB 0x0000000603c00000| Untracked 
|  16|0x0000000604000000, 0x0000000604400000, 0x0000000604400000|100%| O|  |TAMS 0x0000000604400000| PB 0x0000000604000000| Untracked 
|  17|0x0000000604400000, 0x0000000604800000, 0x0000000604800000|100%| O|  |TAMS 0x0000000604800000| PB 0x0000000604400000| Untracked 
|  18|0x0000000604800000, 0x0000000604c00000, 0x0000000604c00000|100%| O|  |TAMS 0x0000000604c00000| PB 0x0000000604800000| Untracked 
|  19|0x0000000604c00000, 0x0000000605000000, 0x0000000605000000|100%| O|  |TAMS 0x0000000605000000| PB 0x0000000604c00000| Untracked 
|  20|0x0000000605000000, 0x0000000605400000, 0x0000000605400000|100%| O|  |TAMS 0x0000000605400000| PB 0x0000000605000000| Untracked 
|  21|0x0000000605400000, 0x0000000605800000, 0x0000000605800000|100%|HS|  |TAMS 0x0000000605800000| PB 0x0000000605400000| Complete 
|  22|0x0000000605800000, 0x0000000605c00000, 0x0000000605c00000|100%| O|  |TAMS 0x0000000605c00000| PB 0x0000000605800000| Untracked 
|  23|0x0000000605c00000, 0x0000000606000000, 0x0000000606000000|100%| O|  |TAMS 0x0000000606000000| PB 0x0000000605c00000| Untracked 
|  24|0x0000000606000000, 0x0000000606400000, 0x0000000606400000|100%| O|  |TAMS 0x0000000606400000| PB 0x0000000606000000| Untracked 
|  25|0x0000000606400000, 0x0000000606800000, 0x0000000606800000|100%| O|  |TAMS 0x0000000606800000| PB 0x0000000606400000| Untracked 
|  26|0x0000000606800000, 0x0000000606c00000, 0x0000000606c00000|100%| O|  |TAMS 0x0000000606c00000| PB 0x0000000606800000| Untracked 
|  27|0x0000000606c00000, 0x0000000607000000, 0x0000000607000000|100%| O|  |TAMS 0x0000000607000000| PB 0x0000000606c00000| Untracked 
|  28|0x0000000607000000, 0x0000000607400000, 0x0000000607400000|100%| O|  |TAMS 0x0000000607400000| PB 0x0000000607000000| Untracked 
|  29|0x0000000607400000, 0x0000000607800000, 0x0000000607800000|100%| O|  |TAMS 0x0000000607800000| PB 0x0000000607400000| Untracked 
|  30|0x0000000607800000, 0x0000000607c00000, 0x0000000607c00000|100%| O|  |TAMS 0x0000000607c00000| PB 0x0000000607800000| Untracked 
|  31|0x0000000607c00000, 0x0000000608000000, 0x0000000608000000|100%| O|  |TAMS 0x0000000608000000| PB 0x0000000607c00000| Untracked 
|  32|0x0000000608000000, 0x0000000608400000, 0x0000000608400000|100%| O|  |TAMS 0x0000000608400000| PB 0x0000000608000000| Untracked 
|  33|0x0000000608400000, 0x0000000608800000, 0x0000000608800000|100%| O|  |TAMS 0x0000000608800000| PB 0x0000000608400000| Untracked 
|  34|0x0000000608800000, 0x0000000608c00000, 0x0000000608c00000|100%| O|  |TAMS 0x0000000608c00000| PB 0x0000000608800000| Untracked 
|  35|0x0000000608c00000, 0x0000000609000000, 0x0000000609000000|100%| O|  |TAMS 0x0000000609000000| PB 0x0000000608c00000| Untracked 
|  36|0x0000000609000000, 0x0000000609400000, 0x0000000609400000|100%| O|  |TAMS 0x0000000609400000| PB 0x0000000609000000| Untracked 
|  37|0x0000000609400000, 0x0000000609800000, 0x0000000609800000|100%| O|  |TAMS 0x0000000609800000| PB 0x0000000609400000| Untracked 
|  38|0x0000000609800000, 0x0000000609c00000, 0x0000000609c00000|100%| O|  |TAMS 0x0000000609c00000| PB 0x0000000609800000| Untracked 
|  39|0x0000000609c00000, 0x000000060a000000, 0x000000060a000000|100%| O|  |TAMS 0x000000060a000000| PB 0x0000000609c00000| Untracked 
|  40|0x000000060a000000, 0x000000060a400000, 0x000000060a400000|100%| O|  |TAMS 0x000000060a400000| PB 0x000000060a000000| Untracked 
|  41|0x000000060a400000, 0x000000060a800000, 0x000000060a800000|100%| O|  |TAMS 0x000000060a800000| PB 0x000000060a400000| Untracked 
|  42|0x000000060a800000, 0x000000060ac00000, 0x000000060ac00000|100%| O|  |TAMS 0x000000060ac00000| PB 0x000000060a800000| Untracked 
|  43|0x000000060ac00000, 0x000000060b000000, 0x000000060b000000|100%| O|  |TAMS 0x000000060b000000| PB 0x000000060ac00000| Untracked 
|  44|0x000000060b000000, 0x000000060b400000, 0x000000060b400000|100%| O|  |TAMS 0x000000060b400000| PB 0x000000060b000000| Untracked 
|  45|0x000000060b400000, 0x000000060b800000, 0x000000060b800000|100%|HS|  |TAMS 0x000000060b800000| PB 0x000000060b400000| Complete 
|  46|0x000000060b800000, 0x000000060bc00000, 0x000000060bc00000|100%| O|  |TAMS 0x000000060bc00000| PB 0x000000060b800000| Untracked 
|  47|0x000000060bc00000, 0x000000060c000000, 0x000000060c000000|100%| O|  |TAMS 0x000000060c000000| PB 0x000000060bc00000| Untracked 
|  48|0x000000060c000000, 0x000000060c400000, 0x000000060c400000|100%| O|  |TAMS 0x000000060c400000| PB 0x000000060c000000| Untracked 
|  49|0x000000060c400000, 0x000000060c800000, 0x000000060c800000|100%| O|  |TAMS 0x000000060c800000| PB 0x000000060c400000| Untracked 
|  50|0x000000060c800000, 0x000000060cc00000, 0x000000060cc00000|100%| O|  |TAMS 0x000000060cc00000| PB 0x000000060c800000| Untracked 
|  51|0x000000060cc00000, 0x000000060d000000, 0x000000060d000000|100%| O|  |TAMS 0x000000060d000000| PB 0x000000060cc00000| Untracked 
|  52|0x000000060d000000, 0x000000060d400000, 0x000000060d400000|100%| O|  |TAMS 0x000000060d400000| PB 0x000000060d000000| Untracked 
|  53|0x000000060d400000, 0x000000060d800000, 0x000000060d800000|100%|HS|  |TAMS 0x000000060d800000| PB 0x000000060d400000| Complete 
|  54|0x000000060d800000, 0x000000060dc00000, 0x000000060dc00000|100%| O|  |TAMS 0x000000060dc00000| PB 0x000000060d800000| Untracked 
|  55|0x000000060dc00000, 0x000000060e000000, 0x000000060e000000|100%| O|  |TAMS 0x000000060e000000| PB 0x000000060dc00000| Untracked 
|  56|0x000000060e000000, 0x000000060e400000, 0x000000060e400000|100%| O|  |TAMS 0x000000060e400000| PB 0x000000060e000000| Untracked 
|  57|0x000000060e400000, 0x000000060e800000, 0x000000060e800000|100%| O|  |TAMS 0x000000060e800000| PB 0x000000060e400000| Untracked 
|  58|0x000000060e800000, 0x000000060ec00000, 0x000000060ec00000|100%| O|  |TAMS 0x000000060ec00000| PB 0x000000060e800000| Untracked 
|  59|0x000000060ec00000, 0x000000060f000000, 0x000000060f000000|100%| O|  |TAMS 0x000000060f000000| PB 0x000000060ec00000| Untracked 
|  60|0x000000060f000000, 0x000000060f400000, 0x000000060f400000|100%| O|  |TAMS 0x000000060f400000| PB 0x000000060f000000| Untracked 
|  61|0x000000060f400000, 0x000000060f800000, 0x000000060f800000|100%| O|  |TAMS 0x000000060f800000| PB 0x000000060f400000| Untracked 
|  62|0x000000060f800000, 0x000000060fc00000, 0x000000060fc00000|100%| O|  |TAMS 0x000000060fc00000| PB 0x000000060f800000| Untracked 
|  63|0x000000060fc00000, 0x0000000610000000, 0x0000000610000000|100%| O|  |TAMS 0x0000000610000000| PB 0x000000060fc00000| Untracked 
|  64|0x0000000610000000, 0x0000000610400000, 0x0000000610400000|100%| O|  |TAMS 0x0000000610400000| PB 0x0000000610000000| Untracked 
|  65|0x0000000610400000, 0x0000000610800000, 0x0000000610800000|100%| O|  |TAMS 0x0000000610800000| PB 0x0000000610400000| Untracked 
|  66|0x0000000610800000, 0x0000000610c00000, 0x0000000610c00000|100%| O|  |TAMS 0x0000000610c00000| PB 0x0000000610800000| Untracked 
|  67|0x0000000610c00000, 0x0000000611000000, 0x0000000611000000|100%| O|  |TAMS 0x0000000611000000| PB 0x0000000610c00000| Untracked 
|  68|0x0000000611000000, 0x0000000611400000, 0x0000000611400000|100%| O|  |TAMS 0x0000000611400000| PB 0x0000000611000000| Untracked 
|  69|0x0000000611400000, 0x0000000611800000, 0x0000000611800000|100%| O|  |TAMS 0x0000000611800000| PB 0x0000000611400000| Untracked 
|  70|0x0000000611800000, 0x0000000611c00000, 0x0000000611c00000|100%| O|  |TAMS 0x0000000611c00000| PB 0x0000000611800000| Untracked 
|  71|0x0000000611c00000, 0x0000000612000000, 0x0000000612000000|100%| O|  |TAMS 0x0000000612000000| PB 0x0000000611c00000| Untracked 
|  72|0x0000000612000000, 0x0000000612400000, 0x0000000612400000|100%| O|  |TAMS 0x0000000612400000| PB 0x0000000612000000| Untracked 
|  73|0x0000000612400000, 0x0000000612800000, 0x0000000612800000|100%| O|  |TAMS 0x0000000612800000| PB 0x0000000612400000| Untracked 
|  74|0x0000000612800000, 0x0000000612c00000, 0x0000000612c00000|100%| O|  |TAMS 0x0000000612c00000| PB 0x0000000612800000| Untracked 
|  75|0x0000000612c00000, 0x0000000613000000, 0x0000000613000000|100%| O|  |TAMS 0x0000000613000000| PB 0x0000000612c00000| Untracked 
|  76|0x0000000613000000, 0x0000000613400000, 0x0000000613400000|100%| O|  |TAMS 0x0000000613400000| PB 0x0000000613000000| Untracked 
|  77|0x0000000613400000, 0x0000000613800000, 0x0000000613800000|100%|HS|  |TAMS 0x0000000613800000| PB 0x0000000613400000| Complete 
|  78|0x0000000613800000, 0x0000000613c00000, 0x0000000613c00000|100%|HC|  |TAMS 0x0000000613c00000| PB 0x0000000613800000| Complete 
|  79|0x0000000613c00000, 0x0000000614000000, 0x0000000614000000|100%| O|  |TAMS 0x0000000614000000| PB 0x0000000613c00000| Untracked 
|  80|0x0000000614000000, 0x0000000614400000, 0x0000000614400000|100%| O|  |TAMS 0x0000000614400000| PB 0x0000000614000000| Untracked 
|  81|0x0000000614400000, 0x0000000614800000, 0x0000000614800000|100%| O|  |TAMS 0x0000000614800000| PB 0x0000000614400000| Untracked 
|  82|0x0000000614800000, 0x0000000614c00000, 0x0000000614c00000|100%|HS|  |TAMS 0x0000000614c00000| PB 0x0000000614800000| Complete 
|  83|0x0000000614c00000, 0x0000000615000000, 0x0000000615000000|100%|HS|  |TAMS 0x0000000615000000| PB 0x0000000614c00000| Complete 
|  84|0x0000000615000000, 0x0000000615400000, 0x0000000615400000|100%| O|  |TAMS 0x0000000615400000| PB 0x0000000615000000| Untracked 
|  85|0x0000000615400000, 0x0000000615800000, 0x0000000615800000|100%| O|  |TAMS 0x0000000615800000| PB 0x0000000615400000| Untracked 
|  86|0x0000000615800000, 0x0000000615c00000, 0x0000000615c00000|100%| O|  |TAMS 0x0000000615c00000| PB 0x0000000615800000| Untracked 
|  87|0x0000000615c00000, 0x0000000616000000, 0x0000000616000000|100%| O|  |TAMS 0x0000000616000000| PB 0x0000000615c00000| Untracked 
|  88|0x0000000616000000, 0x0000000616400000, 0x0000000616400000|100%| O|  |TAMS 0x0000000616400000| PB 0x0000000616000000| Untracked 
|  89|0x0000000616400000, 0x0000000616800000, 0x0000000616800000|100%| O|  |TAMS 0x0000000616800000| PB 0x0000000616400000| Untracked 
|  90|0x0000000616800000, 0x0000000616c00000, 0x0000000616c00000|100%| O|  |TAMS 0x0000000616c00000| PB 0x0000000616800000| Untracked 
|  91|0x0000000616c00000, 0x0000000617000000, 0x0000000617000000|100%| O|  |TAMS 0x0000000617000000| PB 0x0000000616c00000| Untracked 
|  92|0x0000000617000000, 0x0000000617400000, 0x0000000617400000|100%| O|  |TAMS 0x0000000617400000| PB 0x0000000617000000| Untracked 
|  93|0x0000000617400000, 0x0000000617800000, 0x0000000617800000|100%| O|  |TAMS 0x0000000617800000| PB 0x0000000617400000| Untracked 
|  94|0x0000000617800000, 0x0000000617c00000, 0x0000000617c00000|100%| O|  |TAMS 0x0000000617c00000| PB 0x0000000617800000| Untracked 
|  95|0x0000000617c00000, 0x0000000618000000, 0x0000000618000000|100%| O|  |TAMS 0x0000000618000000| PB 0x0000000617c00000| Untracked 
|  96|0x0000000618000000, 0x0000000618400000, 0x0000000618400000|100%| O|  |TAMS 0x0000000618400000| PB 0x0000000618000000| Untracked 
|  97|0x0000000618400000, 0x0000000618800000, 0x0000000618800000|100%| O|  |TAMS 0x0000000618800000| PB 0x0000000618400000| Untracked 
|  98|0x0000000618800000, 0x0000000618c00000, 0x0000000618c00000|100%| O|  |TAMS 0x0000000618c00000| PB 0x0000000618800000| Untracked 
|  99|0x0000000618c00000, 0x0000000619000000, 0x0000000619000000|100%| O|  |TAMS 0x0000000619000000| PB 0x0000000618c00000| Untracked 
| 100|0x0000000619000000, 0x0000000619400000, 0x0000000619400000|100%| O|  |TAMS 0x0000000619400000| PB 0x0000000619000000| Untracked 
| 101|0x0000000619400000, 0x0000000619800000, 0x0000000619800000|100%|HS|  |TAMS 0x0000000619800000| PB 0x0000000619400000| Complete 
| 102|0x0000000619800000, 0x0000000619c00000, 0x0000000619c00000|100%| O|  |TAMS 0x0000000619c00000| PB 0x0000000619800000| Untracked 
| 103|0x0000000619c00000, 0x000000061a000000, 0x000000061a000000|100%| O|  |TAMS 0x000000061a000000| PB 0x0000000619c00000| Untracked 
| 104|0x000000061a000000, 0x000000061a400000, 0x000000061a400000|100%| O|  |TAMS 0x000000061a400000| PB 0x000000061a000000| Untracked 
| 105|0x000000061a400000, 0x000000061a800000, 0x000000061a800000|100%| O|  |TAMS 0x000000061a800000| PB 0x000000061a400000| Untracked 
| 106|0x000000061a800000, 0x000000061ac00000, 0x000000061ac00000|100%| O|  |TAMS 0x000000061ac00000| PB 0x000000061a800000| Untracked 
| 107|0x000000061ac00000, 0x000000061b000000, 0x000000061b000000|100%| O|  |TAMS 0x000000061b000000| PB 0x000000061ac00000| Untracked 
| 108|0x000000061b000000, 0x000000061b400000, 0x000000061b400000|100%| O|  |TAMS 0x000000061b000000| PB 0x000000061b000000| Untracked 
| 109|0x000000061b400000, 0x000000061b800000, 0x000000061b800000|100%| O|  |TAMS 0x000000061b800000| PB 0x000000061b400000| Untracked 
| 110|0x000000061b800000, 0x000000061bc00000, 0x000000061bc00000|100%| O|  |TAMS 0x000000061bc00000| PB 0x000000061b800000| Untracked 
| 111|0x000000061bc00000, 0x000000061c000000, 0x000000061c000000|100%| O|  |TAMS 0x000000061c000000| PB 0x000000061bc00000| Untracked 
| 112|0x000000061c000000, 0x000000061c400000, 0x000000061c400000|100%| O|  |TAMS 0x000000061c400000| PB 0x000000061c000000| Untracked 
| 113|0x000000061c400000, 0x000000061c800000, 0x000000061c800000|100%| O|  |TAMS 0x000000061c800000| PB 0x000000061c400000| Untracked 
| 114|0x000000061c800000, 0x000000061cc00000, 0x000000061cc00000|100%|HS|  |TAMS 0x000000061cc00000| PB 0x000000061c800000| Complete 
| 115|0x000000061cc00000, 0x000000061d000000, 0x000000061d000000|100%| O|  |TAMS 0x000000061d000000| PB 0x000000061cc00000| Untracked 
| 116|0x000000061d000000, 0x000000061d400000, 0x000000061d400000|100%| O|  |TAMS 0x000000061d400000| PB 0x000000061d000000| Untracked 
| 117|0x000000061d400000, 0x000000061d800000, 0x000000061d800000|100%| O|  |TAMS 0x000000061d800000| PB 0x000000061d400000| Untracked 
| 118|0x000000061d800000, 0x000000061dc00000, 0x000000061dc00000|100%| O|  |TAMS 0x000000061dc00000| PB 0x000000061d800000| Untracked 
| 119|0x000000061dc00000, 0x000000061e000000, 0x000000061e000000|100%| O|  |TAMS 0x000000061e000000| PB 0x000000061dc00000| Untracked 
| 120|0x000000061e000000, 0x000000061e400000, 0x000000061e400000|100%| O|  |TAMS 0x000000061e000000| PB 0x000000061e000000| Untracked 
| 121|0x000000061e400000, 0x000000061e800000, 0x000000061e800000|100%| O|  |TAMS 0x000000061e400000| PB 0x000000061e400000| Untracked 
| 122|0x000000061e800000, 0x000000061ec00000, 0x000000061ec00000|100%| O|  |TAMS 0x000000061e800000| PB 0x000000061e800000| Untracked 
| 123|0x000000061ec00000, 0x000000061f000000, 0x000000061f000000|100%| O|  |TAMS 0x000000061ec00000| PB 0x000000061ec00000| Untracked 
| 124|0x000000061f000000, 0x000000061f400000, 0x000000061f400000|100%| O|  |TAMS 0x000000061f000000| PB 0x000000061f000000| Untracked 
| 125|0x000000061f400000, 0x000000061f800000, 0x000000061f800000|100%| O|  |TAMS 0x000000061f400000| PB 0x000000061f400000| Untracked 
| 126|0x000000061f800000, 0x000000061fc00000, 0x000000061fc00000|100%| O|  |TAMS 0x000000061f800000| PB 0x000000061f800000| Untracked 
| 127|0x000000061fc00000, 0x0000000620000000, 0x0000000620000000|100%| O|  |TAMS 0x000000061fc00000| PB 0x000000061fc00000| Untracked 
| 128|0x0000000620000000, 0x0000000620000000, 0x0000000620400000|  0%| F|  |TAMS 0x0000000620000000| PB 0x0000000620000000| Untracked 
| 129|0x0000000620400000, 0x0000000620400000, 0x0000000620800000|  0%| F|  |TAMS 0x0000000620400000| PB 0x0000000620400000| Untracked 
| 130|0x0000000620800000, 0x0000000620800000, 0x0000000620c00000|  0%| F|  |TAMS 0x0000000620800000| PB 0x0000000620800000| Untracked 
| 131|0x0000000620c00000, 0x0000000620c00000, 0x0000000621000000|  0%| F|  |TAMS 0x0000000620c00000| PB 0x0000000620c00000| Untracked 
| 132|0x0000000621000000, 0x0000000621000000, 0x0000000621400000|  0%| F|  |TAMS 0x0000000621000000| PB 0x0000000621000000| Untracked 
| 133|0x0000000621400000, 0x0000000621400000, 0x0000000621800000|  0%| F|  |TAMS 0x0000000621400000| PB 0x0000000621400000| Untracked 
| 134|0x0000000621800000, 0x0000000621800000, 0x0000000621c00000|  0%| F|  |TAMS 0x0000000621800000| PB 0x0000000621800000| Untracked 
| 135|0x0000000621c00000, 0x0000000621c00000, 0x0000000622000000|  0%| F|  |TAMS 0x0000000621c00000| PB 0x0000000621c00000| Untracked 
| 136|0x0000000622000000, 0x0000000622000000, 0x0000000622400000|  0%| F|  |TAMS 0x0000000622000000| PB 0x0000000622000000| Untracked 
| 137|0x0000000622400000, 0x0000000622400000, 0x0000000622800000|  0%| F|  |TAMS 0x0000000622400000| PB 0x0000000622400000| Untracked 
| 138|0x0000000622800000, 0x0000000622800000, 0x0000000622c00000|  0%| F|  |TAMS 0x0000000622800000| PB 0x0000000622800000| Untracked 
| 139|0x0000000622c00000, 0x0000000623000000, 0x0000000623000000|100%| O|  |TAMS 0x0000000623000000| PB 0x0000000622c00000| Untracked 
| 140|0x0000000623000000, 0x0000000623400000, 0x0000000623400000|100%| O|  |TAMS 0x0000000623400000| PB 0x0000000623000000| Untracked 
| 141|0x0000000623400000, 0x0000000623800000, 0x0000000623800000|100%| O|  |TAMS 0x0000000623800000| PB 0x0000000623400000| Untracked 
| 142|0x0000000623800000, 0x0000000623c00000, 0x0000000623c00000|100%| O|  |TAMS 0x0000000623c00000| PB 0x0000000623800000| Untracked 
| 143|0x0000000623c00000, 0x0000000624000000, 0x0000000624000000|100%| O|  |TAMS 0x0000000624000000| PB 0x0000000623c00000| Untracked 
| 144|0x0000000624000000, 0x0000000624400000, 0x0000000624400000|100%| O|  |TAMS 0x0000000624400000| PB 0x0000000624000000| Untracked 
| 145|0x0000000624400000, 0x0000000624800000, 0x0000000624800000|100%| O|  |TAMS 0x0000000624800000| PB 0x0000000624400000| Untracked 
| 146|0x0000000624800000, 0x0000000624c00000, 0x0000000624c00000|100%| O|  |TAMS 0x0000000624c00000| PB 0x0000000624800000| Untracked 
| 147|0x0000000624c00000, 0x0000000625000000, 0x0000000625000000|100%| O|  |TAMS 0x0000000625000000| PB 0x0000000624c00000| Untracked 
| 148|0x0000000625000000, 0x0000000625400000, 0x0000000625400000|100%| O|  |TAMS 0x0000000625400000| PB 0x0000000625000000| Untracked 
| 149|0x0000000625400000, 0x0000000625800000, 0x0000000625800000|100%| O|  |TAMS 0x0000000625800000| PB 0x0000000625400000| Untracked 
| 150|0x0000000625800000, 0x0000000625c00000, 0x0000000625c00000|100%| O|  |TAMS 0x0000000625c00000| PB 0x0000000625800000| Untracked 
| 151|0x0000000625c00000, 0x0000000626000000, 0x0000000626000000|100%| O|  |TAMS 0x0000000626000000| PB 0x0000000625c00000| Untracked 
| 152|0x0000000626000000, 0x0000000626400000, 0x0000000626400000|100%| O|  |TAMS 0x0000000626400000| PB 0x0000000626000000| Untracked 
| 153|0x0000000626400000, 0x0000000626800000, 0x0000000626800000|100%| O|  |TAMS 0x0000000626800000| PB 0x0000000626400000| Untracked 
| 154|0x0000000626800000, 0x0000000626c00000, 0x0000000626c00000|100%| O|  |TAMS 0x0000000626c00000| PB 0x0000000626800000| Untracked 
| 155|0x0000000626c00000, 0x0000000627000000, 0x0000000627000000|100%| O|  |TAMS 0x0000000627000000| PB 0x0000000626c00000| Untracked 
| 156|0x0000000627000000, 0x0000000627400000, 0x0000000627400000|100%| O|  |TAMS 0x0000000627400000| PB 0x0000000627000000| Untracked 
| 157|0x0000000627400000, 0x0000000627800000, 0x0000000627800000|100%| O|  |TAMS 0x0000000627600000| PB 0x0000000627400000| Untracked 
| 158|0x0000000627800000, 0x0000000627800000, 0x0000000627c00000|  0%| F|  |TAMS 0x0000000627800000| PB 0x0000000627800000| Untracked 
| 159|0x0000000627c00000, 0x0000000627c00000, 0x0000000628000000|  0%| F|  |TAMS 0x0000000627c00000| PB 0x0000000627c00000| Untracked 
| 160|0x0000000628000000, 0x0000000628000000, 0x0000000628400000|  0%| F|  |TAMS 0x0000000628000000| PB 0x0000000628000000| Untracked 
| 161|0x0000000628400000, 0x0000000628400000, 0x0000000628800000|  0%| F|  |TAMS 0x0000000628400000| PB 0x0000000628400000| Untracked 
| 162|0x0000000628800000, 0x0000000628800000, 0x0000000628c00000|  0%| F|  |TAMS 0x0000000628800000| PB 0x0000000628800000| Untracked 
| 163|0x0000000628c00000, 0x0000000628c00000, 0x0000000629000000|  0%| F|  |TAMS 0x0000000628c00000| PB 0x0000000628c00000| Untracked 
| 164|0x0000000629000000, 0x0000000629000000, 0x0000000629400000|  0%| F|  |TAMS 0x0000000629000000| PB 0x0000000629000000| Untracked 
| 165|0x0000000629400000, 0x0000000629400000, 0x0000000629800000|  0%| F|  |TAMS 0x0000000629400000| PB 0x0000000629400000| Untracked 
| 166|0x0000000629800000, 0x0000000629800000, 0x0000000629c00000|  0%| F|  |TAMS 0x0000000629800000| PB 0x0000000629800000| Untracked 
| 167|0x0000000629c00000, 0x0000000629c00000, 0x000000062a000000|  0%| F|  |TAMS 0x0000000629c00000| PB 0x0000000629c00000| Untracked 
| 168|0x000000062a000000, 0x000000062a000000, 0x000000062a400000|  0%| F|  |TAMS 0x000000062a000000| PB 0x000000062a000000| Untracked 
| 169|0x000000062a400000, 0x000000062a400000, 0x000000062a800000|  0%| F|  |TAMS 0x000000062a400000| PB 0x000000062a400000| Untracked 
| 170|0x000000062a800000, 0x000000062a800000, 0x000000062ac00000|  0%| F|  |TAMS 0x000000062a800000| PB 0x000000062a800000| Untracked 
| 171|0x000000062ac00000, 0x000000062ac00000, 0x000000062b000000|  0%| F|  |TAMS 0x000000062ac00000| PB 0x000000062ac00000| Untracked 
| 172|0x000000062b000000, 0x000000062b000000, 0x000000062b400000|  0%| F|  |TAMS 0x000000062b000000| PB 0x000000062b000000| Untracked 
| 173|0x000000062b400000, 0x000000062b400000, 0x000000062b800000|  0%| F|  |TAMS 0x000000062b400000| PB 0x000000062b400000| Untracked 
| 174|0x000000062b800000, 0x000000062b800000, 0x000000062bc00000|  0%| F|  |TAMS 0x000000062b800000| PB 0x000000062b800000| Untracked 
| 175|0x000000062bc00000, 0x000000062bc00000, 0x000000062c000000|  0%| F|  |TAMS 0x000000062bc00000| PB 0x000000062bc00000| Untracked 
| 176|0x000000062c000000, 0x000000062c000000, 0x000000062c400000|  0%| F|  |TAMS 0x000000062c000000| PB 0x000000062c000000| Untracked 
| 177|0x000000062c400000, 0x000000062c400000, 0x000000062c800000|  0%| F|  |TAMS 0x000000062c400000| PB 0x000000062c400000| Untracked 
| 178|0x000000062c800000, 0x000000062c800000, 0x000000062cc00000|  0%| F|  |TAMS 0x000000062c800000| PB 0x000000062c800000| Untracked 
| 179|0x000000062cc00000, 0x000000062cc00000, 0x000000062d000000|  0%| F|  |TAMS 0x000000062cc00000| PB 0x000000062cc00000| Untracked 
| 180|0x000000062d000000, 0x000000062d000000, 0x000000062d400000|  0%| F|  |TAMS 0x000000062d000000| PB 0x000000062d000000| Untracked 
| 181|0x000000062d400000, 0x000000062d400000, 0x000000062d800000|  0%| F|  |TAMS 0x000000062d400000| PB 0x000000062d400000| Untracked 
| 182|0x000000062d800000, 0x000000062d800000, 0x000000062dc00000|  0%| F|  |TAMS 0x000000062d800000| PB 0x000000062d800000| Untracked 
| 183|0x000000062dc00000, 0x000000062dc00000, 0x000000062e000000|  0%| F|  |TAMS 0x000000062dc00000| PB 0x000000062dc00000| Untracked 
| 184|0x000000062e000000, 0x000000062e000000, 0x000000062e400000|  0%| F|  |TAMS 0x000000062e000000| PB 0x000000062e000000| Untracked 
| 185|0x000000062e400000, 0x000000062e400000, 0x000000062e800000|  0%| F|  |TAMS 0x000000062e400000| PB 0x000000062e400000| Untracked 
| 186|0x000000062e800000, 0x000000062e800000, 0x000000062ec00000|  0%| F|  |TAMS 0x000000062e800000| PB 0x000000062e800000| Untracked 
| 187|0x000000062ec00000, 0x000000062ec00000, 0x000000062f000000|  0%| F|  |TAMS 0x000000062ec00000| PB 0x000000062ec00000| Untracked 
| 188|0x000000062f000000, 0x000000062f000000, 0x000000062f400000|  0%| F|  |TAMS 0x000000062f000000| PB 0x000000062f000000| Untracked 
| 189|0x000000062f400000, 0x000000062f400000, 0x000000062f800000|  0%| F|  |TAMS 0x000000062f400000| PB 0x000000062f400000| Untracked 
| 190|0x000000062f800000, 0x000000062f800000, 0x000000062fc00000|  0%| F|  |TAMS 0x000000062f800000| PB 0x000000062f800000| Untracked 
| 191|0x000000062fc00000, 0x000000062fc00000, 0x0000000630000000|  0%| F|  |TAMS 0x000000062fc00000| PB 0x000000062fc00000| Untracked 
| 192|0x0000000630000000, 0x0000000630000000, 0x0000000630400000|  0%| F|  |TAMS 0x0000000630000000| PB 0x0000000630000000| Untracked 
| 193|0x0000000630400000, 0x0000000630400000, 0x0000000630800000|  0%| F|  |TAMS 0x0000000630400000| PB 0x0000000630400000| Untracked 
| 194|0x0000000630800000, 0x0000000630800000, 0x0000000630c00000|  0%| F|  |TAMS 0x0000000630800000| PB 0x0000000630800000| Untracked 
| 195|0x0000000630c00000, 0x0000000630c00000, 0x0000000631000000|  0%| F|  |TAMS 0x0000000630c00000| PB 0x0000000630c00000| Untracked 
| 196|0x0000000631000000, 0x0000000631000000, 0x0000000631400000|  0%| F|  |TAMS 0x0000000631000000| PB 0x0000000631000000| Untracked 
| 197|0x0000000631400000, 0x0000000631400000, 0x0000000631800000|  0%| F|  |TAMS 0x0000000631400000| PB 0x0000000631400000| Untracked 
| 198|0x0000000631800000, 0x0000000631800000, 0x0000000631c00000|  0%| F|  |TAMS 0x0000000631800000| PB 0x0000000631800000| Untracked 
| 199|0x0000000631c00000, 0x0000000631c00000, 0x0000000632000000|  0%| F|  |TAMS 0x0000000631c00000| PB 0x0000000631c00000| Untracked 
| 200|0x0000000632000000, 0x0000000632000000, 0x0000000632400000|  0%| F|  |TAMS 0x0000000632000000| PB 0x0000000632000000| Untracked 
| 201|0x0000000632400000, 0x0000000632400000, 0x0000000632800000|  0%| F|  |TAMS 0x0000000632400000| PB 0x0000000632400000| Untracked 
| 202|0x0000000632800000, 0x0000000632800000, 0x0000000632c00000|  0%| F|  |TAMS 0x0000000632800000| PB 0x0000000632800000| Untracked 
| 203|0x0000000632c00000, 0x0000000632c00000, 0x0000000633000000|  0%| F|  |TAMS 0x0000000632c00000| PB 0x0000000632c00000| Untracked 
| 204|0x0000000633000000, 0x0000000633000000, 0x0000000633400000|  0%| F|  |TAMS 0x0000000633000000| PB 0x0000000633000000| Untracked 
| 205|0x0000000633400000, 0x0000000633400000, 0x0000000633800000|  0%| F|  |TAMS 0x0000000633400000| PB 0x0000000633400000| Untracked 
| 206|0x0000000633800000, 0x0000000633800000, 0x0000000633c00000|  0%| F|  |TAMS 0x0000000633800000| PB 0x0000000633800000| Untracked 
| 207|0x0000000633c00000, 0x0000000633c00000, 0x0000000634000000|  0%| F|  |TAMS 0x0000000633c00000| PB 0x0000000633c00000| Untracked 
| 208|0x0000000634000000, 0x0000000634000000, 0x0000000634400000|  0%| F|  |TAMS 0x0000000634000000| PB 0x0000000634000000| Untracked 
| 209|0x0000000634400000, 0x0000000634400000, 0x0000000634800000|  0%| F|  |TAMS 0x0000000634400000| PB 0x0000000634400000| Untracked 
| 210|0x0000000634800000, 0x0000000634800000, 0x0000000634c00000|  0%| F|  |TAMS 0x0000000634800000| PB 0x0000000634800000| Untracked 
| 211|0x0000000634c00000, 0x0000000634c00000, 0x0000000635000000|  0%| F|  |TAMS 0x0000000634c00000| PB 0x0000000634c00000| Untracked 
| 212|0x0000000635000000, 0x0000000635000000, 0x0000000635400000|  0%| F|  |TAMS 0x0000000635000000| PB 0x0000000635000000| Untracked 
| 213|0x0000000635400000, 0x0000000635400000, 0x0000000635800000|  0%| F|  |TAMS 0x0000000635400000| PB 0x0000000635400000| Untracked 
| 214|0x0000000635800000, 0x0000000635800000, 0x0000000635c00000|  0%| F|  |TAMS 0x0000000635800000| PB 0x0000000635800000| Untracked 
| 215|0x0000000635c00000, 0x0000000635c00000, 0x0000000636000000|  0%| F|  |TAMS 0x0000000635c00000| PB 0x0000000635c00000| Untracked 
| 216|0x0000000636000000, 0x0000000636000000, 0x0000000636400000|  0%| F|  |TAMS 0x0000000636000000| PB 0x0000000636000000| Untracked 
| 217|0x0000000636400000, 0x0000000636400000, 0x0000000636800000|  0%| F|  |TAMS 0x0000000636400000| PB 0x0000000636400000| Untracked 
| 218|0x0000000636800000, 0x0000000636800000, 0x0000000636c00000|  0%| F|  |TAMS 0x0000000636800000| PB 0x0000000636800000| Untracked 
| 219|0x0000000636c00000, 0x0000000636c00000, 0x0000000637000000|  0%| F|  |TAMS 0x0000000636c00000| PB 0x0000000636c00000| Untracked 
| 220|0x0000000637000000, 0x0000000637000000, 0x0000000637400000|  0%| F|  |TAMS 0x0000000637000000| PB 0x0000000637000000| Untracked 
| 221|0x0000000637400000, 0x0000000637400000, 0x0000000637800000|  0%| F|  |TAMS 0x0000000637400000| PB 0x0000000637400000| Untracked 
| 222|0x0000000637800000, 0x0000000637800000, 0x0000000637c00000|  0%| F|  |TAMS 0x0000000637800000| PB 0x0000000637800000| Untracked 
| 223|0x0000000637c00000, 0x0000000637c00000, 0x0000000638000000|  0%| F|  |TAMS 0x0000000637c00000| PB 0x0000000637c00000| Untracked 
| 224|0x0000000638000000, 0x0000000638000000, 0x0000000638400000|  0%| F|  |TAMS 0x0000000638000000| PB 0x0000000638000000| Untracked 
| 225|0x0000000638400000, 0x0000000638400000, 0x0000000638800000|  0%| F|  |TAMS 0x0000000638400000| PB 0x0000000638400000| Untracked 
| 226|0x0000000638800000, 0x0000000638800000, 0x0000000638c00000|  0%| F|  |TAMS 0x0000000638800000| PB 0x0000000638800000| Untracked 
| 227|0x0000000638c00000, 0x0000000638c00000, 0x0000000639000000|  0%| F|  |TAMS 0x0000000638c00000| PB 0x0000000638c00000| Untracked 
| 228|0x0000000639000000, 0x0000000639000000, 0x0000000639400000|  0%| F|  |TAMS 0x0000000639000000| PB 0x0000000639000000| Untracked 
| 229|0x0000000639400000, 0x0000000639400000, 0x0000000639800000|  0%| F|  |TAMS 0x0000000639400000| PB 0x0000000639400000| Untracked 
| 230|0x0000000639800000, 0x0000000639800000, 0x0000000639c00000|  0%| F|  |TAMS 0x0000000639800000| PB 0x0000000639800000| Untracked 
| 231|0x0000000639c00000, 0x0000000639c00000, 0x000000063a000000|  0%| F|  |TAMS 0x0000000639c00000| PB 0x0000000639c00000| Untracked 
| 232|0x000000063a000000, 0x000000063a000000, 0x000000063a400000|  0%| F|  |TAMS 0x000000063a000000| PB 0x000000063a000000| Untracked 
| 233|0x000000063a400000, 0x000000063a400000, 0x000000063a800000|  0%| F|  |TAMS 0x000000063a400000| PB 0x000000063a400000| Untracked 
| 234|0x000000063a800000, 0x000000063a800000, 0x000000063ac00000|  0%| F|  |TAMS 0x000000063a800000| PB 0x000000063a800000| Untracked 
| 235|0x000000063ac00000, 0x000000063ac00000, 0x000000063b000000|  0%| F|  |TAMS 0x000000063ac00000| PB 0x000000063ac00000| Untracked 
| 236|0x000000063b000000, 0x000000063b000000, 0x000000063b400000|  0%| F|  |TAMS 0x000000063b000000| PB 0x000000063b000000| Untracked 
| 237|0x000000063b400000, 0x000000063b400000, 0x000000063b800000|  0%| F|  |TAMS 0x000000063b400000| PB 0x000000063b400000| Untracked 
| 238|0x000000063b800000, 0x000000063b800000, 0x000000063bc00000|  0%| F|  |TAMS 0x000000063b800000| PB 0x000000063b800000| Untracked 
| 239|0x000000063bc00000, 0x000000063bc00000, 0x000000063c000000|  0%| F|  |TAMS 0x000000063bc00000| PB 0x000000063bc00000| Untracked 
| 240|0x000000063c000000, 0x000000063c000000, 0x000000063c400000|  0%| F|  |TAMS 0x000000063c000000| PB 0x000000063c000000| Untracked 
| 241|0x000000063c400000, 0x000000063c400000, 0x000000063c800000|  0%| F|  |TAMS 0x000000063c400000| PB 0x000000063c400000| Untracked 
| 242|0x000000063c800000, 0x000000063c800000, 0x000000063cc00000|  0%| F|  |TAMS 0x000000063c800000| PB 0x000000063c800000| Untracked 
| 243|0x000000063cc00000, 0x000000063cc00000, 0x000000063d000000|  0%| F|  |TAMS 0x000000063cc00000| PB 0x000000063cc00000| Untracked 
| 244|0x000000063d000000, 0x000000063d000000, 0x000000063d400000|  0%| F|  |TAMS 0x000000063d000000| PB 0x000000063d000000| Untracked 
| 245|0x000000063d400000, 0x000000063d400000, 0x000000063d800000|  0%| F|  |TAMS 0x000000063d400000| PB 0x000000063d400000| Untracked 
| 246|0x000000063d800000, 0x000000063d800000, 0x000000063dc00000|  0%| F|  |TAMS 0x000000063d800000| PB 0x000000063d800000| Untracked 
| 247|0x000000063dc00000, 0x000000063dc00000, 0x000000063e000000|  0%| F|  |TAMS 0x000000063dc00000| PB 0x000000063dc00000| Untracked 
| 248|0x000000063e000000, 0x000000063e000000, 0x000000063e400000|  0%| F|  |TAMS 0x000000063e000000| PB 0x000000063e000000| Untracked 
| 249|0x000000063e400000, 0x000000063e400000, 0x000000063e800000|  0%| F|  |TAMS 0x000000063e400000| PB 0x000000063e400000| Untracked 
| 250|0x000000063e800000, 0x000000063e800000, 0x000000063ec00000|  0%| F|  |TAMS 0x000000063e800000| PB 0x000000063e800000| Untracked 
| 251|0x000000063ec00000, 0x000000063ec00000, 0x000000063f000000|  0%| F|  |TAMS 0x000000063ec00000| PB 0x000000063ec00000| Untracked 
| 252|0x000000063f000000, 0x000000063f000000, 0x000000063f400000|  0%| F|  |TAMS 0x000000063f000000| PB 0x000000063f000000| Untracked 
| 253|0x000000063f400000, 0x000000063f400000, 0x000000063f800000|  0%| F|  |TAMS 0x000000063f400000| PB 0x000000063f400000| Untracked 
| 254|0x000000063f800000, 0x000000063f800000, 0x000000063fc00000|  0%| F|  |TAMS 0x000000063f800000| PB 0x000000063f800000| Untracked 
| 255|0x000000063fc00000, 0x000000063fc00000, 0x0000000640000000|  0%| F|  |TAMS 0x000000063fc00000| PB 0x000000063fc00000| Untracked 
| 256|0x0000000640000000, 0x0000000640000000, 0x0000000640400000|  0%| F|  |TAMS 0x0000000640000000| PB 0x0000000640000000| Untracked 
| 257|0x0000000640400000, 0x0000000640400000, 0x0000000640800000|  0%| F|  |TAMS 0x0000000640400000| PB 0x0000000640400000| Untracked 
| 258|0x0000000640800000, 0x0000000640800000, 0x0000000640c00000|  0%| F|  |TAMS 0x0000000640800000| PB 0x0000000640800000| Untracked 
| 259|0x0000000640c00000, 0x0000000640c00000, 0x0000000641000000|  0%| F|  |TAMS 0x0000000640c00000| PB 0x0000000640c00000| Untracked 
| 260|0x0000000641000000, 0x0000000641000000, 0x0000000641400000|  0%| F|  |TAMS 0x0000000641000000| PB 0x0000000641000000| Untracked 
| 261|0x0000000641400000, 0x0000000641400000, 0x0000000641800000|  0%| F|  |TAMS 0x0000000641400000| PB 0x0000000641400000| Untracked 
| 262|0x0000000641800000, 0x0000000641800000, 0x0000000641c00000|  0%| F|  |TAMS 0x0000000641800000| PB 0x0000000641800000| Untracked 
| 263|0x0000000641c00000, 0x0000000641c00000, 0x0000000642000000|  0%| F|  |TAMS 0x0000000641c00000| PB 0x0000000641c00000| Untracked 
| 264|0x0000000642000000, 0x0000000642000000, 0x0000000642400000|  0%| F|  |TAMS 0x0000000642000000| PB 0x0000000642000000| Untracked 
| 265|0x0000000642400000, 0x0000000642400000, 0x0000000642800000|  0%| F|  |TAMS 0x0000000642400000| PB 0x0000000642400000| Untracked 
| 266|0x0000000642800000, 0x0000000642800000, 0x0000000642c00000|  0%| F|  |TAMS 0x0000000642800000| PB 0x0000000642800000| Untracked 
| 267|0x0000000642c00000, 0x0000000642c00000, 0x0000000643000000|  0%| F|  |TAMS 0x0000000642c00000| PB 0x0000000642c00000| Untracked 
| 268|0x0000000643000000, 0x0000000643000000, 0x0000000643400000|  0%| F|  |TAMS 0x0000000643000000| PB 0x0000000643000000| Untracked 
| 269|0x0000000643400000, 0x0000000643400000, 0x0000000643800000|  0%| F|  |TAMS 0x0000000643400000| PB 0x0000000643400000| Untracked 
| 270|0x0000000643800000, 0x0000000643800000, 0x0000000643c00000|  0%| F|  |TAMS 0x0000000643800000| PB 0x0000000643800000| Untracked 
| 271|0x0000000643c00000, 0x0000000643c00000, 0x0000000644000000|  0%| F|  |TAMS 0x0000000643c00000| PB 0x0000000643c00000| Untracked 
| 272|0x0000000644000000, 0x0000000644000000, 0x0000000644400000|  0%| F|  |TAMS 0x0000000644000000| PB 0x0000000644000000| Untracked 
| 273|0x0000000644400000, 0x0000000644400000, 0x0000000644800000|  0%| F|  |TAMS 0x0000000644400000| PB 0x0000000644400000| Untracked 
| 274|0x0000000644800000, 0x0000000644800000, 0x0000000644c00000|  0%| F|  |TAMS 0x0000000644800000| PB 0x0000000644800000| Untracked 
| 275|0x0000000644c00000, 0x0000000644c00000, 0x0000000645000000|  0%| F|  |TAMS 0x0000000644c00000| PB 0x0000000644c00000| Untracked 
| 276|0x0000000645000000, 0x0000000645000000, 0x0000000645400000|  0%| F|  |TAMS 0x0000000645000000| PB 0x0000000645000000| Untracked 
| 277|0x0000000645400000, 0x0000000645400000, 0x0000000645800000|  0%| F|  |TAMS 0x0000000645400000| PB 0x0000000645400000| Untracked 
| 278|0x0000000645800000, 0x0000000645c00000, 0x0000000645c00000|100%| S|CS|TAMS 0x0000000645800000| PB 0x0000000645800000| Complete 
| 279|0x0000000645c00000, 0x0000000646000000, 0x0000000646000000|100%| S|CS|TAMS 0x0000000645c00000| PB 0x0000000645c00000| Complete 
| 280|0x0000000646000000, 0x0000000646400000, 0x0000000646400000|100%| S|CS|TAMS 0x0000000646000000| PB 0x0000000646000000| Complete 
| 281|0x0000000646400000, 0x0000000646800000, 0x0000000646800000|100%| S|CS|TAMS 0x0000000646400000| PB 0x0000000646400000| Complete 
| 282|0x0000000646800000, 0x0000000646c00000, 0x0000000646c00000|100%| S|CS|TAMS 0x0000000646800000| PB 0x0000000646800000| Complete 
| 283|0x0000000646c00000, 0x0000000647000000, 0x0000000647000000|100%| S|CS|TAMS 0x0000000646c00000| PB 0x0000000646c00000| Complete 
| 284|0x0000000647000000, 0x0000000647400000, 0x0000000647400000|100%| S|CS|TAMS 0x0000000647000000| PB 0x0000000647000000| Complete 
| 285|0x0000000647400000, 0x0000000647800000, 0x0000000647800000|100%| S|CS|TAMS 0x0000000647400000| PB 0x0000000647400000| Complete 
| 286|0x0000000647800000, 0x0000000647c00000, 0x0000000647c00000|100%| S|CS|TAMS 0x0000000647800000| PB 0x0000000647800000| Complete 
| 287|0x0000000647c00000, 0x0000000647c00000, 0x0000000648000000|  0%| F|  |TAMS 0x0000000647c00000| PB 0x0000000647c00000| Untracked 
| 288|0x0000000648000000, 0x0000000648000000, 0x0000000648400000|  0%| F|  |TAMS 0x0000000648000000| PB 0x0000000648000000| Untracked 
| 289|0x0000000648400000, 0x0000000648400000, 0x0000000648800000|  0%| F|  |TAMS 0x0000000648400000| PB 0x0000000648400000| Untracked 
| 290|0x0000000648800000, 0x0000000648800000, 0x0000000648c00000|  0%| F|  |TAMS 0x0000000648800000| PB 0x0000000648800000| Untracked 
| 291|0x0000000648c00000, 0x0000000648c00000, 0x0000000649000000|  0%| F|  |TAMS 0x0000000648c00000| PB 0x0000000648c00000| Untracked 
| 292|0x0000000649000000, 0x0000000649000000, 0x0000000649400000|  0%| F|  |TAMS 0x0000000649000000| PB 0x0000000649000000| Untracked 
| 293|0x0000000649400000, 0x0000000649400000, 0x0000000649800000|  0%| F|  |TAMS 0x0000000649400000| PB 0x0000000649400000| Untracked 
| 294|0x0000000649800000, 0x0000000649800000, 0x0000000649c00000|  0%| F|  |TAMS 0x0000000649800000| PB 0x0000000649800000| Untracked 
| 295|0x0000000649c00000, 0x0000000649c00000, 0x000000064a000000|  0%| F|  |TAMS 0x0000000649c00000| PB 0x0000000649c00000| Untracked 
| 296|0x000000064a000000, 0x000000064a000000, 0x000000064a400000|  0%| F|  |TAMS 0x000000064a000000| PB 0x000000064a000000| Untracked 
| 297|0x000000064a400000, 0x000000064a400000, 0x000000064a800000|  0%| F|  |TAMS 0x000000064a400000| PB 0x000000064a400000| Untracked 
| 298|0x000000064a800000, 0x000000064a800000, 0x000000064ac00000|  0%| F|  |TAMS 0x000000064a800000| PB 0x000000064a800000| Untracked 
| 299|0x000000064ac00000, 0x000000064ac00000, 0x000000064b000000|  0%| F|  |TAMS 0x000000064ac00000| PB 0x000000064ac00000| Untracked 
| 300|0x000000064b000000, 0x000000064b000000, 0x000000064b400000|  0%| F|  |TAMS 0x000000064b000000| PB 0x000000064b000000| Untracked 
| 301|0x000000064b400000, 0x000000064b400000, 0x000000064b800000|  0%| F|  |TAMS 0x000000064b400000| PB 0x000000064b400000| Untracked 
| 302|0x000000064b800000, 0x000000064b800000, 0x000000064bc00000|  0%| F|  |TAMS 0x000000064b800000| PB 0x000000064b800000| Untracked 
| 303|0x000000064bc00000, 0x000000064bc00000, 0x000000064c000000|  0%| F|  |TAMS 0x000000064bc00000| PB 0x000000064bc00000| Untracked 
| 304|0x000000064c000000, 0x000000064c000000, 0x000000064c400000|  0%| F|  |TAMS 0x000000064c000000| PB 0x000000064c000000| Untracked 
| 305|0x000000064c400000, 0x000000064c400000, 0x000000064c800000|  0%| F|  |TAMS 0x000000064c400000| PB 0x000000064c400000| Untracked 
| 306|0x000000064c800000, 0x000000064c800000, 0x000000064cc00000|  0%| F|  |TAMS 0x000000064c800000| PB 0x000000064c800000| Untracked 
| 307|0x000000064cc00000, 0x000000064cc00000, 0x000000064d000000|  0%| F|  |TAMS 0x000000064cc00000| PB 0x000000064cc00000| Untracked 
| 308|0x000000064d000000, 0x000000064d000000, 0x000000064d400000|  0%| F|  |TAMS 0x000000064d000000| PB 0x000000064d000000| Untracked 
| 309|0x000000064d400000, 0x000000064d400000, 0x000000064d800000|  0%| F|  |TAMS 0x000000064d400000| PB 0x000000064d400000| Untracked 
| 310|0x000000064d800000, 0x000000064d800000, 0x000000064dc00000|  0%| F|  |TAMS 0x000000064d800000| PB 0x000000064d800000| Untracked 
| 311|0x000000064dc00000, 0x000000064dc00000, 0x000000064e000000|  0%| F|  |TAMS 0x000000064dc00000| PB 0x000000064dc00000| Untracked 
| 312|0x000000064e000000, 0x000000064e000000, 0x000000064e400000|  0%| F|  |TAMS 0x000000064e000000| PB 0x000000064e000000| Untracked 
| 313|0x000000064e400000, 0x000000064e400000, 0x000000064e800000|  0%| F|  |TAMS 0x000000064e400000| PB 0x000000064e400000| Untracked 
| 314|0x000000064e800000, 0x000000064e800000, 0x000000064ec00000|  0%| F|  |TAMS 0x000000064e800000| PB 0x000000064e800000| Untracked 
| 315|0x000000064ec00000, 0x000000064ec00000, 0x000000064f000000|  0%| F|  |TAMS 0x000000064ec00000| PB 0x000000064ec00000| Untracked 
| 316|0x000000064f000000, 0x000000064f000000, 0x000000064f400000|  0%| F|  |TAMS 0x000000064f000000| PB 0x000000064f000000| Untracked 
| 317|0x000000064f400000, 0x000000064f400000, 0x000000064f800000|  0%| F|  |TAMS 0x000000064f400000| PB 0x000000064f400000| Untracked 
| 318|0x000000064f800000, 0x000000064f800000, 0x000000064fc00000|  0%| F|  |TAMS 0x000000064f800000| PB 0x000000064f800000| Untracked 
| 319|0x000000064fc00000, 0x000000064fc00000, 0x0000000650000000|  0%| F|  |TAMS 0x000000064fc00000| PB 0x000000064fc00000| Untracked 
| 320|0x0000000650000000, 0x0000000650000000, 0x0000000650400000|  0%| F|  |TAMS 0x0000000650000000| PB 0x0000000650000000| Untracked 
| 321|0x0000000650400000, 0x0000000650400000, 0x0000000650800000|  0%| F|  |TAMS 0x0000000650400000| PB 0x0000000650400000| Untracked 
| 322|0x0000000650800000, 0x0000000650800000, 0x0000000650c00000|  0%| F|  |TAMS 0x0000000650800000| PB 0x0000000650800000| Untracked 
| 323|0x0000000650c00000, 0x0000000650c00000, 0x0000000651000000|  0%| F|  |TAMS 0x0000000650c00000| PB 0x0000000650c00000| Untracked 
| 324|0x0000000651000000, 0x0000000651000000, 0x0000000651400000|  0%| F|  |TAMS 0x0000000651000000| PB 0x0000000651000000| Untracked 
| 325|0x0000000651400000, 0x0000000651400000, 0x0000000651800000|  0%| F|  |TAMS 0x0000000651400000| PB 0x0000000651400000| Untracked 
| 326|0x0000000651800000, 0x0000000651800000, 0x0000000651c00000|  0%| F|  |TAMS 0x0000000651800000| PB 0x0000000651800000| Untracked 
| 327|0x0000000651c00000, 0x0000000651c00000, 0x0000000652000000|  0%| F|  |TAMS 0x0000000651c00000| PB 0x0000000651c00000| Untracked 
| 328|0x0000000652000000, 0x0000000652000000, 0x0000000652400000|  0%| F|  |TAMS 0x0000000652000000| PB 0x0000000652000000| Untracked 
| 329|0x0000000652400000, 0x0000000652400000, 0x0000000652800000|  0%| F|  |TAMS 0x0000000652400000| PB 0x0000000652400000| Untracked 
| 330|0x0000000652800000, 0x0000000652800000, 0x0000000652c00000|  0%| F|  |TAMS 0x0000000652800000| PB 0x0000000652800000| Untracked 
| 331|0x0000000652c00000, 0x0000000652c00000, 0x0000000653000000|  0%| F|  |TAMS 0x0000000652c00000| PB 0x0000000652c00000| Untracked 
| 332|0x0000000653000000, 0x0000000653000000, 0x0000000653400000|  0%| F|  |TAMS 0x0000000653000000| PB 0x0000000653000000| Untracked 
| 333|0x0000000653400000, 0x0000000653400000, 0x0000000653800000|  0%| F|  |TAMS 0x0000000653400000| PB 0x0000000653400000| Untracked 
| 334|0x0000000653800000, 0x0000000653800000, 0x0000000653c00000|  0%| F|  |TAMS 0x0000000653800000| PB 0x0000000653800000| Untracked 
| 335|0x0000000653c00000, 0x0000000653c00000, 0x0000000654000000|  0%| F|  |TAMS 0x0000000653c00000| PB 0x0000000653c00000| Untracked 
| 336|0x0000000654000000, 0x0000000654000000, 0x0000000654400000|  0%| F|  |TAMS 0x0000000654000000| PB 0x0000000654000000| Untracked 
| 337|0x0000000654400000, 0x0000000654400000, 0x0000000654800000|  0%| F|  |TAMS 0x0000000654400000| PB 0x0000000654400000| Untracked 
| 338|0x0000000654800000, 0x0000000654800000, 0x0000000654c00000|  0%| F|  |TAMS 0x0000000654800000| PB 0x0000000654800000| Untracked 
| 339|0x0000000654c00000, 0x0000000654c00000, 0x0000000655000000|  0%| F|  |TAMS 0x0000000654c00000| PB 0x0000000654c00000| Untracked 
| 340|0x0000000655000000, 0x0000000655000000, 0x0000000655400000|  0%| F|  |TAMS 0x0000000655000000| PB 0x0000000655000000| Untracked 
| 341|0x0000000655400000, 0x0000000655400000, 0x0000000655800000|  0%| F|  |TAMS 0x0000000655400000| PB 0x0000000655400000| Untracked 
| 342|0x0000000655800000, 0x0000000655800000, 0x0000000655c00000|  0%| F|  |TAMS 0x0000000655800000| PB 0x0000000655800000| Untracked 
| 343|0x0000000655c00000, 0x0000000655c00000, 0x0000000656000000|  0%| F|  |TAMS 0x0000000655c00000| PB 0x0000000655c00000| Untracked 
| 344|0x0000000656000000, 0x0000000656000000, 0x0000000656400000|  0%| F|  |TAMS 0x0000000656000000| PB 0x0000000656000000| Untracked 
| 345|0x0000000656400000, 0x0000000656400000, 0x0000000656800000|  0%| F|  |TAMS 0x0000000656400000| PB 0x0000000656400000| Untracked 
| 346|0x0000000656800000, 0x0000000656800000, 0x0000000656c00000|  0%| F|  |TAMS 0x0000000656800000| PB 0x0000000656800000| Untracked 
| 347|0x0000000656c00000, 0x0000000656c00000, 0x0000000657000000|  0%| F|  |TAMS 0x0000000656c00000| PB 0x0000000656c00000| Untracked 
| 348|0x0000000657000000, 0x0000000657000000, 0x0000000657400000|  0%| F|  |TAMS 0x0000000657000000| PB 0x0000000657000000| Untracked 
| 349|0x0000000657400000, 0x0000000657400000, 0x0000000657800000|  0%| F|  |TAMS 0x0000000657400000| PB 0x0000000657400000| Untracked 
| 350|0x0000000657800000, 0x0000000657800000, 0x0000000657c00000|  0%| F|  |TAMS 0x0000000657800000| PB 0x0000000657800000| Untracked 
| 351|0x0000000657c00000, 0x0000000657c00000, 0x0000000658000000|  0%| F|  |TAMS 0x0000000657c00000| PB 0x0000000657c00000| Untracked 
|2036|0x00000007fd000000, 0x00000007fd400000, 0x00000007fd400000|100%| O|  |TAMS 0x00000007fd400000| PB 0x00000007fd000000| Untracked 
|2037|0x00000007fd400000, 0x00000007fd800000, 0x00000007fd800000|100%| O|  |TAMS 0x00000007fd800000| PB 0x00000007fd400000| Untracked 
|2038|0x00000007fd800000, 0x00000007fdc00000, 0x00000007fdc00000|100%| O|  |TAMS 0x00000007fdc00000| PB 0x00000007fd800000| Untracked 
|2039|0x00000007fdc00000, 0x00000007fe000000, 0x00000007fe000000|100%| O|  |TAMS 0x00000007fe000000| PB 0x00000007fdc00000| Untracked 
|2040|0x00000007fe000000, 0x00000007fe400000, 0x00000007fe400000|100%| O|  |TAMS 0x00000007fe400000| PB 0x00000007fe000000| Untracked 
|2041|0x00000007fe400000, 0x00000007fe800000, 0x00000007fe800000|100%| O|  |TAMS 0x00000007fe800000| PB 0x00000007fe400000| Untracked 
|2042|0x00000007fe800000, 0x00000007fec00000, 0x00000007fec00000|100%| O|  |TAMS 0x00000007fec00000| PB 0x00000007fe800000| Untracked 
|2043|0x00000007fec00000, 0x00000007ff000000, 0x00000007ff000000|100%| O|  |TAMS 0x00000007ff000000| PB 0x00000007fec00000| Untracked 
|2044|0x00000007ff000000, 0x00000007ff400000, 0x00000007ff400000|100%| O|  |TAMS 0x00000007ff400000| PB 0x00000007ff000000| Untracked 
|2045|0x00000007ff400000, 0x00000007ff800000, 0x00000007ff800000|100%| O|  |TAMS 0x00000007ff800000| PB 0x00000007ff400000| Untracked 
|2046|0x00000007ff800000, 0x00000007ffc00000, 0x00000007ffc00000|100%| O|  |TAMS 0x00000007ffc00000| PB 0x00000007ff800000| Untracked 
|2047|0x00000007ffc00000, 0x00000007ffc00000, 0x0000000800000000|  0%| F|  |TAMS 0x00000007ffc00000| PB 0x00000007ffc00000| Untracked 

Card table byte_map: [0x0000013b679a0000,0x0000013b689a0000] _byte_map_base: 0x0000013b649a0000

Marking Bits: (CMBitMap*) 0x0000013b637d1050
 Bits: [0x0000013b689a0000, 0x0000013b709a0000)

Polling page: 0x0000013b62ef0000

Metaspace:

Usage:
  Non-class:    190.72 MB used.
      Class:     27.44 MB used.
       Both:    218.16 MB used.

Virtual space:
  Non-class space:      256.00 MB reserved,     192.38 MB ( 75%) committed,  4 nodes.
      Class space:        1.00 GB reserved,      28.94 MB (  3%) committed,  1 nodes.
             Both:        1.25 GB reserved,     221.31 MB ( 17%) committed. 

Chunk freelists:
   Non-Class:  15.48 MB
       Class:  2.89 MB
        Both:  18.37 MB

MaxMetaspaceSize: 4.00 GB
CompressedClassSpaceSize: 1.00 GB
Initial GC threshold: 21.00 MB
Current GC threshold: 364.50 MB
CDS: off
 - commit_granule_bytes: 65536.
 - commit_granule_words: 8192.
 - virtual_space_node_default_size: 8388608.
 - enlarge_chunks_in_place: 1.
 - use_allocation_guard: 0.


Internal statistics:

num_allocs_failed_limit: 9.
num_arena_births: 5604.
num_arena_deaths: 36.
num_vsnodes_births: 5.
num_vsnodes_deaths: 0.
num_space_committed: 3580.
num_space_uncommitted: 25.
num_chunks_returned_to_freelist: 269.
num_chunks_taken_from_freelist: 15596.
num_chunk_merges: 81.
num_chunk_splits: 10320.
num_chunks_enlarged: 6864.
num_inconsistent_stats: 0.

CodeHeap 'non-profiled nmethods': size=259264Kb used=33427Kb max_used=35108Kb free=225836Kb
 bounds [0x0000013b102d0000, 0x0000013b126a0000, 0x0000013b20000000]
CodeHeap 'profiled nmethods': size=259264Kb used=76693Kb max_used=92008Kb free=182570Kb
 bounds [0x0000013b00000000, 0x0000013b05c70000, 0x0000013b0fd30000]
CodeHeap 'non-nmethods': size=5760Kb used=3205Kb max_used=3343Kb free=2554Kb
 bounds [0x0000013b0fd30000, 0x0000013b10090000, 0x0000013b102d0000]
 total_blobs=35929 nmethods=34701 adapters=1128
 compilation: enabled
              stopped_count=0, restarted_count=0
 full_count=0

Compilation events (20 events):
Event: 847.159 Thread 0x0000013b73170940 53429       2       com.google.common.io.ByteSource$ConcatenatedByteSource::<init> (16 bytes)
Event: 847.159 Thread 0x0000013b73170940 nmethod 53429 0x0000013b05165a10 code [0x0000013b05165bc0, 0x0000013b05165e48]
Event: 847.159 Thread 0x0000013b73170940 53430       1       com.android.tools.build.apkzlib.zip.CompressionResult::getCompressionMethod (5 bytes)
Event: 847.159 Thread 0x0000013b73170940 nmethod 53430 0x0000013b11b46b90 code [0x0000013b11b46d20, 0x0000013b11b46df0]
Event: 847.159 Thread 0x0000013b73170940 53431       1       com.android.tools.build.apkzlib.zip.CompressionResult::getSize (5 bytes)
Event: 847.159 Thread 0x0000013b73170940 nmethod 53431 0x0000013b11f2d310 code [0x0000013b11f2d4a0, 0x0000013b11f2d568]
Event: 847.159 Thread 0x0000013b73170940 53432       1       com.android.tools.build.apkzlib.zip.CompressionResult::getSource (5 bytes)
Event: 847.159 Thread 0x0000013b73170940 nmethod 53432 0x0000013b11f2d010 code [0x0000013b11f2d1a0, 0x0000013b11f2d270]
Event: 847.222 Thread 0x0000013b73170940 53433       3       com.android.tools.r8.internal.pp::<init> (20 bytes)
Event: 847.222 Thread 0x0000013b73170940 nmethod 53433 0x0000013b05495d90 code [0x0000013b05495f60, 0x0000013b05496298]
Event: 847.224 Thread 0x0000013b73170940 53434       3       com.android.tools.r8.internal.tj::a (35 bytes)
Event: 847.224 Thread 0x0000013b73170940 nmethod 53434 0x0000013b05495710 code [0x0000013b054958c0, 0x0000013b05495ba0]
Event: 847.239 Thread 0x0000013b73170940 53436       3       java.util.Arrays::hashCode (60 bytes)
Event: 847.239 Thread 0x0000013b73170940 nmethod 53436 0x0000013b03c3a590 code [0x0000013b03c3a760, 0x0000013b03c3a9e8]
Event: 847.259 Thread 0x0000013b73170940 53437       3       com.android.tools.r8.internal.no::<init> (18 bytes)
Event: 847.260 Thread 0x0000013b73170940 nmethod 53437 0x0000013b03c3a090 code [0x0000013b03c3a240, 0x0000013b03c3a410]
Event: 847.265 Thread 0x0000013b73170940 53438 %     3       jdk.internal.util.ArraysSupport::hashCode @ 8 (33 bytes)
Event: 847.265 Thread 0x0000013b73170940 nmethod 53438% 0x0000013b0401e890 code [0x0000013b0401ea40, 0x0000013b0401eca0]
Event: 847.265 Thread 0x0000013b73170940 53439       3       jdk.internal.util.ArraysSupport::hashCode (33 bytes)
Event: 847.266 Thread 0x0000013b73170940 nmethod 53439 0x0000013b0401e410 code [0x0000013b0401e5c0, 0x0000013b0401e788]

GC Heap History (20 events):
Event: 775.572 GC heap after
{Heap after GC invocations=87 (full 0):
 garbage-first heap   total 1179648K, used 475805K [0x0000000600000000, 0x0000000800000000)
  region size 4096K, 4 young (16384K), 4 survivors (16384K)
 Metaspace       used 218953K, committed 222400K, reserved 1245184K
  class space    used 27406K, committed 28992K, reserved 1048576K
}
Event: 778.295 GC heap before
{Heap before GC invocations=88 (full 0):
 garbage-first heap   total 1179648K, used 553629K [0x0000000600000000, 0x0000000800000000)
  region size 4096K, 23 young (94208K), 4 survivors (16384K)
 Metaspace       used 219222K, committed 222720K, reserved 1245184K
  class space    used 27466K, committed 29056K, reserved 1048576K
}
Event: 778.366 GC heap after
{Heap after GC invocations=89 (full 0):
 garbage-first heap   total 1417216K, used 477259K [0x0000000600000000, 0x0000000800000000)
  region size 4096K, 2 young (8192K), 2 survivors (8192K)
 Metaspace       used 219222K, committed 222720K, reserved 1245184K
  class space    used 27466K, committed 29056K, reserved 1048576K
}
Event: 790.760 GC heap before
{Heap before GC invocations=89 (full 0):
 garbage-first heap   total 1417216K, used 1202251K [0x0000000600000000, 0x0000000800000000)
  region size 4096K, 180 young (737280K), 2 survivors (8192K)
 Metaspace       used 222156K, committed 225472K, reserved 1245184K
  class space    used 27845K, committed 29440K, reserved 1048576K
}
Event: 790.857 GC heap after
{Heap after GC invocations=90 (full 0):
 garbage-first heap   total 1417216K, used 471334K [0x0000000600000000, 0x0000000800000000)
  region size 4096K, 7 young (28672K), 7 survivors (28672K)
 Metaspace       used 222156K, committed 225472K, reserved 1245184K
  class space    used 27845K, committed 29440K, reserved 1048576K
}
Event: 791.164 GC heap before
{Heap before GC invocations=90 (full 0):
 garbage-first heap   total 1417216K, used 512294K [0x0000000600000000, 0x0000000800000000)
  region size 4096K, 17 young (69632K), 7 survivors (28672K)
 Metaspace       used 222180K, committed 225536K, reserved 1245184K
  class space    used 27845K, committed 29440K, reserved 1048576K
}
Event: 791.265 GC heap after
{Heap after GC invocations=91 (full 0):
 garbage-first heap   total 1417216K, used 473414K [0x0000000600000000, 0x0000000800000000)
  region size 4096K, 1 young (4096K), 1 survivors (4096K)
 Metaspace       used 222180K, committed 225536K, reserved 1245184K
  class space    used 27845K, committed 29440K, reserved 1048576K
}
Event: 795.810 GC heap before
{Heap before GC invocations=92 (full 0):
 garbage-first heap   total 1417216K, used 850246K [0x0000000600000000, 0x0000000800000000)
  region size 4096K, 93 young (380928K), 1 survivors (4096K)
 Metaspace       used 219398K, committed 223744K, reserved 1310720K
  class space    used 27635K, committed 29440K, reserved 1048576K
}
Event: 795.996 GC heap after
{Heap after GC invocations=93 (full 0):
 garbage-first heap   total 1417216K, used 477061K [0x0000000600000000, 0x0000000800000000)
  region size 4096K, 2 young (8192K), 2 survivors (8192K)
 Metaspace       used 219398K, committed 223744K, reserved 1310720K
  class space    used 27635K, committed 29440K, reserved 1048576K
}
Event: 811.245 GC heap before
{Heap before GC invocations=93 (full 0):
 garbage-first heap   total 1417216K, used 1312645K [0x0000000600000000, 0x0000000800000000)
  region size 4096K, 206 young (843776K), 2 survivors (8192K)
 Metaspace       used 220464K, committed 223872K, reserved 1310720K
  class space    used 27741K, committed 29440K, reserved 1048576K
}
Event: 811.388 GC heap after
{Heap after GC invocations=94 (full 0):
 garbage-first heap   total 1417216K, used 479818K [0x0000000600000000, 0x0000000800000000)
  region size 4096K, 6 young (24576K), 6 survivors (24576K)
 Metaspace       used 220464K, committed 223872K, reserved 1310720K
  class space    used 27741K, committed 29440K, reserved 1048576K
}
Event: 813.385 GC heap before
{Heap before GC invocations=94 (full 0):
 garbage-first heap   total 1417216K, used 746058K [0x0000000600000000, 0x0000000800000000)
  region size 4096K, 72 young (294912K), 6 survivors (24576K)
 Metaspace       used 220661K, committed 224064K, reserved 1310720K
  class space    used 27758K, committed 29440K, reserved 1048576K
}
Event: 813.411 GC heap after
{Heap after GC invocations=95 (full 0):
 garbage-first heap   total 1417216K, used 468567K [0x0000000600000000, 0x0000000800000000)
  region size 4096K, 2 young (8192K), 2 survivors (8192K)
 Metaspace       used 220661K, committed 224064K, reserved 1310720K
  class space    used 27758K, committed 29440K, reserved 1048576K
}
Event: 820.378 GC heap before
{Heap before GC invocations=96 (full 0):
 garbage-first heap   total 1417216K, used 1148503K [0x0000000600000000, 0x0000000800000000)
  region size 4096K, 168 young (688128K), 2 survivors (8192K)
 Metaspace       used 220907K, committed 224256K, reserved 1310720K
  class space    used 27787K, committed 29440K, reserved 1048576K
}
Event: 820.406 GC heap after
{Heap after GC invocations=97 (full 0):
 garbage-first heap   total 1417216K, used 479633K [0x0000000600000000, 0x0000000800000000)
  region size 4096K, 5 young (20480K), 5 survivors (20480K)
 Metaspace       used 220907K, committed 224256K, reserved 1310720K
  class space    used 27787K, committed 29440K, reserved 1048576K
}
Event: 842.033 GC heap before
{Heap before GC invocations=97 (full 0):
 garbage-first heap   total 1417216K, used 1327505K [0x0000000600000000, 0x0000000800000000)
  region size 4096K, 207 young (847872K), 5 survivors (20480K)
 Metaspace       used 223131K, committed 226368K, reserved 1310720K
  class space    used 28092K, committed 29632K, reserved 1048576K
}
Event: 845.461 GC heap after
{Heap after GC invocations=98 (full 0):
 garbage-first heap   total 1490944K, used 605374K [0x0000000600000000, 0x0000000800000000)
  region size 4096K, 26 young (106496K), 26 survivors (106496K)
 Metaspace       used 223131K, committed 226368K, reserved 1310720K
  class space    used 28092K, committed 29632K, reserved 1048576K
}
Event: 845.474 GC heap before
{Heap before GC invocations=98 (full 0):
 garbage-first heap   total 1490944K, used 609470K [0x0000000600000000, 0x0000000800000000)
  region size 4096K, 27 young (110592K), 26 survivors (106496K)
 Metaspace       used 223134K, committed 226368K, reserved 1310720K
  class space    used 28092K, committed 29632K, reserved 1048576K
}
Event: 845.614 GC heap after
{Heap after GC invocations=99 (full 0):
 garbage-first heap   total 1490944K, used 612203K [0x0000000600000000, 0x0000000800000000)
  region size 4096K, 1 young (4096K), 1 survivors (4096K)
 Metaspace       used 223134K, committed 226368K, reserved 1310720K
  class space    used 28092K, committed 29632K, reserved 1048576K
}
Event: 847.313 GC heap before
{Heap before GC invocations=99 (full 0):
 garbage-first heap   total 1490944K, used 878443K [0x0000000600000000, 0x0000000800000000)
  region size 4096K, 66 young (270336K), 1 survivors (4096K)
 Metaspace       used 223392K, committed 226624K, reserved 1310720K
  class space    used 28097K, committed 29632K, reserved 1048576K
}

Dll operation events (3 events):
Event: 0.010 Loaded shared library C:\Program Files\Android\Android Studio\jbr\bin\java.dll
Event: 0.015 Loaded shared library C:\Program Files\Android\Android Studio\jbr\bin\zip.dll
Event: 0.872 Loaded shared library C:\Program Files\Android\Android Studio\jbr\bin\verify.dll

Deoptimization events (20 events):
Event: 847.262 Thread 0x0000013b2546b7c0 DEOPT PACKING pc=0x0000013b0562003c sp=0x00000037e2ffe860
Event: 847.262 Thread 0x0000013b2546b7c0 DEOPT UNPACKING pc=0x0000013b0fd84e42 sp=0x00000037e2ffde58 mode 0
Event: 847.266 Thread 0x0000013b2546b7c0 DEOPT PACKING pc=0x0000013b019e2f42 sp=0x00000037e2ffe570
Event: 847.266 Thread 0x0000013b2546b7c0 DEOPT UNPACKING pc=0x0000013b0fd84e42 sp=0x00000037e2ffd9e8 mode 0
Event: 847.266 Thread 0x0000013b2546b7c0 DEOPT PACKING pc=0x0000013b0562003c sp=0x00000037e2ffe860
Event: 847.266 Thread 0x0000013b2546b7c0 DEOPT UNPACKING pc=0x0000013b0fd84e42 sp=0x00000037e2ffde58 mode 0
Event: 847.271 Thread 0x0000013b2546b7c0 DEOPT PACKING pc=0x0000013b0562003c sp=0x00000037e2ffe860
Event: 847.271 Thread 0x0000013b2546b7c0 DEOPT UNPACKING pc=0x0000013b0fd84e42 sp=0x00000037e2ffde58 mode 0
Event: 847.275 Thread 0x0000013b2546b7c0 DEOPT PACKING pc=0x0000013b0562003c sp=0x00000037e2ffe870
Event: 847.275 Thread 0x0000013b2546b7c0 DEOPT UNPACKING pc=0x0000013b0fd84e42 sp=0x00000037e2ffde68 mode 0
Event: 847.286 Thread 0x0000013b254641a0 DEOPT PACKING pc=0x0000013b0562003c sp=0x00000037e2efeab0
Event: 847.286 Thread 0x0000013b254641a0 DEOPT UNPACKING pc=0x0000013b0fd84e42 sp=0x00000037e2efe0a8 mode 0
Event: 847.289 Thread 0x0000013b2546b7c0 DEOPT PACKING pc=0x0000013b0562003c sp=0x00000037e2ffe860
Event: 847.289 Thread 0x0000013b2546b7c0 DEOPT UNPACKING pc=0x0000013b0fd84e42 sp=0x00000037e2ffde58 mode 0
Event: 847.293 Thread 0x0000013b254641a0 DEOPT PACKING pc=0x0000013b0562003c sp=0x00000037e2efeaa0
Event: 847.293 Thread 0x0000013b254641a0 DEOPT UNPACKING pc=0x0000013b0fd84e42 sp=0x00000037e2efe098 mode 0
Event: 847.294 Thread 0x0000013b254641a0 Uncommon trap: trap_request=0xffffffbe fr.pc=0x0000013b12685af4 relative=0x0000000000006e94
Event: 847.294 Thread 0x0000013b254641a0 Uncommon trap: reason=profile_predicate action=maybe_recompile pc=0x0000013b12685af4 method=com.android.tools.r8.dex.C.a(I[Lcom/android/tools/r8/graph/y2;[Lcom/android/tools/r8/graph/z2;Z)[Lcom/android/tools/r8/graph/j1; @ 632 c2
Event: 847.294 Thread 0x0000013b254641a0 DEOPT PACKING pc=0x0000013b12685af4 sp=0x00000037e2efebe0
Event: 847.294 Thread 0x0000013b254641a0 DEOPT UNPACKING pc=0x0000013b0fd846a2 sp=0x00000037e2efeb98 mode 2

Classes loaded (20 events):
Event: 841.641 Loading class java/util/stream/ReferencePipeline$15
Event: 841.642 Loading class java/util/stream/ReferencePipeline$15 done
Event: 841.642 Loading class java/util/stream/ReferencePipeline$15$1
Event: 841.642 Loading class java/util/stream/ReferencePipeline$15$1 done
Event: 841.904 Loading class sun/nio/cs/US_ASCII$Encoder
Event: 841.904 Loading class sun/nio/cs/US_ASCII$Encoder done
Event: 841.928 Loading class java/util/TreeMap$AscendingSubMap
Event: 841.928 Loading class java/util/TreeMap$AscendingSubMap done
Event: 841.928 Loading class java/util/TreeMap$NavigableSubMap$SubMapKeyIterator
Event: 841.928 Loading class java/util/TreeMap$NavigableSubMap$SubMapKeyIterator done
Event: 841.953 Loading class java/util/concurrent/ForkJoinTask$AdaptedInterruptibleCallable
Event: 841.953 Loading class java/util/concurrent/ForkJoinTask$InterruptibleTask
Event: 841.960 Loading class java/util/concurrent/ForkJoinTask$InterruptibleTask done
Event: 841.960 Loading class java/util/concurrent/ForkJoinTask$AdaptedInterruptibleCallable done
Event: 841.960 Loading class java/util/concurrent/ForkJoinPool$DefaultForkJoinWorkerThreadFactory$1
Event: 841.961 Loading class java/util/concurrent/ForkJoinPool$DefaultForkJoinWorkerThreadFactory$1 done
Event: 841.979 Loading class java/util/concurrent/CountedCompleter
Event: 841.979 Loading class java/util/concurrent/CountedCompleter done
Event: 842.015 Loading class java/nio/HeapShortBuffer
Event: 842.015 Loading class java/nio/HeapShortBuffer done

Classes unloaded (20 events):
Event: 814.783 Thread 0x0000013b72ec5f10 Unloading class 0x0000000801997378 'jdk/internal/jimage/ImageHeader'
Event: 814.783 Thread 0x0000013b72ec5f10 Unloading class 0x0000000801997130 'jdk/internal/jimage/BasicImageReader$2'
Event: 814.783 Thread 0x0000013b72ec5f10 Unloading class 0x0000000801996ee8 'jdk/internal/jimage/BasicImageReader$1'
Event: 814.783 Thread 0x0000013b72ec5f10 Unloading class 0x0000000801996c68 'jdk/internal/jimage/ImageReader$Resource'
Event: 814.783 Thread 0x0000013b72ec5f10 Unloading class 0x00000008019969e8 'jdk/internal/jimage/ImageReader$LinkNode'
Event: 814.783 Thread 0x0000013b72ec5f10 Unloading class 0x0000000801996768 'jdk/internal/jimage/ImageReader$Directory'
Event: 814.783 Thread 0x0000013b72ec5f10 Unloading class 0x00000008019964e8 'jdk/internal/jimage/ImageReader$Node'
Event: 814.783 Thread 0x0000013b72ec5f10 Unloading class 0x00000008019962d8 'jdk/internal/jimage/ImageStrings'
Event: 814.783 Thread 0x0000013b72ec5f10 Unloading class 0x0000000801996000 'jdk/internal/jimage/ImageReader$SharedImageReader'
Event: 814.783 Thread 0x0000013b72ec5f10 Unloading class 0x0000000801995b40 'jdk/internal/jimage/BasicImageReader'
Event: 814.783 Thread 0x0000013b72ec5f10 Unloading class 0x0000000801995908 'jdk/internal/jimage/ImageReader'
Event: 814.783 Thread 0x0000013b72ec5f10 Unloading class 0x00000008019956c8 'jdk/internal/jrtfs/SystemImage$2'
Event: 814.783 Thread 0x0000013b72ec5f10 Unloading class 0x0000000801995498 'jdk/internal/jrtfs/SystemImage$$Lambda+0x0000000801995498'
Event: 814.784 Thread 0x0000013b72ec5f10 Unloading class 0x0000000801995250 'jdk/internal/jrtfs/ExplodedImage'
Event: 814.784 Thread 0x0000013b72ec5f10 Unloading class 0x0000000801995000 'jdk/internal/jrtfs/SystemImage$1'
Event: 814.784 Thread 0x0000013b72ec5f10 Unloading class 0x0000000801994c20 'jdk/internal/jrtfs/SystemImage'
Event: 814.784 Thread 0x0000013b72ec5f10 Unloading class 0x00000008019949a8 'jdk/internal/jrtfs/JrtFileStore'
Event: 814.784 Thread 0x0000013b72ec5f10 Unloading class 0x0000000801994618 'jdk/internal/jrtfs/JrtPath'
Event: 814.784 Thread 0x0000013b72ec5f10 Unloading class 0x0000000801994308 'jdk/internal/jrtfs/JrtFileSystem'
Event: 814.784 Thread 0x0000013b72ec5f10 Unloading class 0x0000000801994000 'jdk/internal/jrtfs/JrtFileSystemProvider'

Classes redefined (0 events):
No events

Internal exceptions (20 events):
Event: 836.933 Thread 0x0000013b79b4da90 Exception <a 'sun/nio/fs/WindowsException'{0x0000000639fb9090}> (0x0000000639fb9090) 
thrown [s\src\hotspot\share\prims\jni.cpp, line 535]
Event: 837.539 Thread 0x0000013b79b4da90 Exception <a 'sun/nio/fs/WindowsException'{0x0000000639fbca30}> (0x0000000639fbca30) 
thrown [s\src\hotspot\share\prims\jni.cpp, line 535]
Event: 837.643 Thread 0x0000013b79b4da90 Exception <a 'sun/nio/fs/WindowsException'{0x0000000639fc03f0}> (0x0000000639fc03f0) 
thrown [s\src\hotspot\share\prims\jni.cpp, line 535]
Event: 837.936 Thread 0x0000013b79b4da90 Exception <a 'sun/nio/fs/WindowsException'{0x0000000639fc3d70}> (0x0000000639fc3d70) 
thrown [s\src\hotspot\share\prims\jni.cpp, line 535]
Event: 838.128 Thread 0x0000013b79b4da90 Exception <a 'sun/nio/fs/WindowsException'{0x0000000639fc7950}> (0x0000000639fc7950) 
thrown [s\src\hotspot\share\prims\jni.cpp, line 535]
Event: 838.218 Thread 0x0000013b79b4da90 Exception <a 'sun/nio/fs/WindowsException'{0x0000000639fcb328}> (0x0000000639fcb328) 
thrown [s\src\hotspot\share\prims\jni.cpp, line 535]
Event: 839.274 Thread 0x0000013b79b4da90 Exception <a 'sun/nio/fs/WindowsException'{0x0000000639fd0a28}> (0x0000000639fd0a28) 
thrown [s\src\hotspot\share\prims\jni.cpp, line 535]
Event: 839.403 Thread 0x0000013b79b4da90 Exception <a 'sun/nio/fs/WindowsException'{0x0000000639fd35a8}> (0x0000000639fd35a8) 
thrown [s\src\hotspot\share\prims\jni.cpp, line 535]
Event: 839.711 Thread 0x0000013b79b4da90 Exception <a 'sun/nio/fs/WindowsException'{0x0000000639fd6110}> (0x0000000639fd6110) 
thrown [s\src\hotspot\share\prims\jni.cpp, line 535]
Event: 839.887 Thread 0x0000013b79b4da90 Exception <a 'sun/nio/fs/WindowsException'{0x0000000639fd9a10}> (0x0000000639fd9a10) 
thrown [s\src\hotspot\share\prims\jni.cpp, line 535]
Event: 839.982 Thread 0x0000013b79b4da90 Exception <a 'sun/nio/fs/WindowsException'{0x0000000639fe02f0}> (0x0000000639fe02f0) 
thrown [s\src\hotspot\share\prims\jni.cpp, line 535]
Event: 840.009 Thread 0x0000013b79b4da90 Exception <a 'sun/nio/fs/WindowsException'{0x0000000639fe8d38}> (0x0000000639fe8d38) 
thrown [s\src\hotspot\share\prims\jni.cpp, line 535]
Event: 840.337 Thread 0x0000013b79b4da90 Exception <a 'sun/nio/fs/WindowsException'{0x0000000639fec918}> (0x0000000639fec918) 
thrown [s\src\hotspot\share\prims\jni.cpp, line 535]
Event: 840.949 Thread 0x0000013b738b2740 Exception <a 'sun/nio/fs/WindowsException'{0x00000006379c25d8}> (0x00000006379c25d8) 
thrown [s\src\hotspot\share\prims\jni.cpp, line 535]
Event: 841.058 Thread 0x0000013b738b2740 Exception <a 'sun/nio/fs/WindowsException'{0x0000000626e80450}> (0x0000000626e80450) 
thrown [s\src\hotspot\share\prims\jni.cpp, line 535]
Event: 841.059 Thread 0x0000013b738b2740 Exception <a 'sun/nio/fs/WindowsException'{0x0000000626e81ac0}> (0x0000000626e81ac0) 
thrown [s\src\hotspot\share\prims\jni.cpp, line 535]
Event: 841.059 Thread 0x0000013b738b2740 Exception <a 'sun/nio/fs/WindowsException'{0x0000000626e83118}> (0x0000000626e83118) 
thrown [s\src\hotspot\share\prims\jni.cpp, line 535]
Event: 841.920 Thread 0x0000013b2546d200 Implicit null exception at 0x0000013b115df185 to 0x0000013b115df1f8
Event: 841.920 Thread 0x0000013b2546d200 Implicit null exception at 0x0000013b117d42e0 to 0x0000013b117d42f8
Event: 841.984 Thread 0x0000013b254696f0 Exception <a 'java/lang/NoSuchMethodError'{0x00000006235fb098}: 'long java.lang.invoke.DirectMethodHandle$Holder.invokeStatic(java.lang.Object, java.lang.Object, java.lang.Object)'> (0x00000006235fb098) 
thrown [s\src\hotspot\share\interpreter\linkResolver.cpp, line 784]

ZGC Phase Switch (0 events):
No events

VM Operations (20 events):
Event: 841.881 Executing VM operation: HandshakeAllThreads (Deoptimize) done
Event: 841.934 Executing VM operation: HandshakeAllThreads (Deoptimize)
Event: 841.934 Executing VM operation: HandshakeAllThreads (Deoptimize) done
Event: 842.021 Executing VM operation: HandshakeAllThreads (Deoptimize)
Event: 842.021 Executing VM operation: HandshakeAllThreads (Deoptimize) done
Event: 842.028 Executing VM operation: HandshakeAllThreads (Deoptimize)
Event: 842.028 Executing VM operation: HandshakeAllThreads (Deoptimize) done
Event: 842.033 Executing VM operation: G1CollectForAllocation (G1 Evacuation Pause)
Event: 845.461 Executing VM operation: G1CollectForAllocation (G1 Evacuation Pause) done
Event: 845.473 Executing VM operation: HandshakeAllThreads (HandshakeForDeflation)
Event: 845.474 Executing VM operation: HandshakeAllThreads (HandshakeForDeflation) done
Event: 845.474 Executing VM operation: G1CollectForAllocation (G1 Evacuation Pause)
Event: 845.614 Executing VM operation: G1CollectForAllocation (G1 Evacuation Pause) done
Event: 845.614 Executing VM operation: RendezvousGCThreads
Event: 845.614 Executing VM operation: RendezvousGCThreads done
Event: 845.723 Executing VM operation: HandshakeAllThreads (Deoptimize)
Event: 845.739 Executing VM operation: HandshakeAllThreads (Deoptimize) done
Event: 846.740 Executing VM operation: Cleanup
Event: 846.743 Executing VM operation: Cleanup done
Event: 847.295 Executing VM operation: G1CollectForAllocation (G1 Evacuation Pause)

Memory protections (0 events):
No events

Nmethod flushes (20 events):
Event: 814.835 Thread 0x0000013b72ec5f10 flushing  nmethod 0x0000013b05802510
Event: 814.835 Thread 0x0000013b72ec5f10 flushing  nmethod 0x0000013b05802a10
Event: 814.835 Thread 0x0000013b72ec5f10 flushing  nmethod 0x0000013b05802e10
Event: 814.835 Thread 0x0000013b72ec5f10 flushing  nmethod 0x0000013b05841510
Event: 814.835 Thread 0x0000013b72ec5f10 flushing  nmethod 0x0000013b05841c10
Event: 814.835 Thread 0x0000013b72ec5f10 flushing  nmethod 0x0000013b05842010
Event: 814.835 Thread 0x0000013b72ec5f10 flushing  nmethod 0x0000013b05842910
Event: 814.835 Thread 0x0000013b72ec5f10 flushing  nmethod 0x0000013b05843190
Event: 814.835 Thread 0x0000013b72ec5f10 flushing  nmethod 0x0000013b05843690
Event: 814.835 Thread 0x0000013b72ec5f10 flushing  nmethod 0x0000013b05843f10
Event: 814.835 Thread 0x0000013b72ec5f10 flushing  nmethod 0x0000013b05844810
Event: 814.835 Thread 0x0000013b72ec5f10 flushing  nmethod 0x0000013b05845490
Event: 814.835 Thread 0x0000013b72ec5f10 flushing  nmethod 0x0000013b05846710
Event: 814.835 Thread 0x0000013b72ec5f10 flushing  nmethod 0x0000013b05873810
Event: 814.835 Thread 0x0000013b72ec5f10 flushing  nmethod 0x0000013b05873d90
Event: 814.835 Thread 0x0000013b72ec5f10 flushing  nmethod 0x0000013b05876910
Event: 814.835 Thread 0x0000013b72ec5f10 flushing  nmethod 0x0000013b05904c10
Event: 814.835 Thread 0x0000013b72ec5f10 flushing osr nmethod 0x0000013b05912490
Event: 814.835 Thread 0x0000013b72ec5f10 flushing osr nmethod 0x0000013b0597a790
Event: 814.835 Thread 0x0000013b72ec5f10 flushing  nmethod 0x0000013b059a4110

Events (20 events):
Event: 814.966 Thread 0x0000013b26e7bb50 Thread exited: 0x0000013b26e7bb50
Event: 816.258 Thread 0x0000013b738b0670 Thread added: 0x0000013b2546d200
Event: 818.453 Thread 0x0000013b79b4c050 Thread exited: 0x0000013b79b4c050
Event: 827.017 Thread 0x0000013b79b4da90 Thread added: 0x0000013b25469d80
Event: 829.108 Thread 0x0000013b79b47190 Thread exited: 0x0000013b79b47190
Event: 829.562 Thread 0x0000013b7f6a3ce0 Thread exited: 0x0000013b7f6a3ce0
Event: 830.937 Thread 0x0000013b73170940 Thread added: 0x0000013b2db4dcb0
Event: 834.279 Thread 0x0000013b2db4dcb0 Thread exited: 0x0000013b2db4dcb0
Event: 835.304 Thread 0x0000013b73170940 Thread added: 0x0000013b2db4e380
Event: 837.590 Thread 0x0000013b2db4e380 Thread exited: 0x0000013b2db4e380
Event: 840.159 Thread 0x0000013b73170940 Thread added: 0x0000013b2d3fb740
Event: 840.953 Thread 0x0000013b2d3fb740 Thread exited: 0x0000013b2d3fb740
Event: 840.990 Thread 0x0000013b73170940 Thread added: 0x0000013b25984880
Event: 841.083 Thread 0x0000013b26e7a7a0 Thread exited: 0x0000013b26e7a7a0
Event: 841.084 Thread 0x0000013b26e793f0 Thread exited: 0x0000013b26e793f0
Event: 841.962 Thread 0x0000013b25469d80 Thread added: 0x0000013b254696f0
Event: 841.963 Thread 0x0000013b25469d80 Thread added: 0x0000013b2546aaa0
Event: 841.974 Thread 0x0000013b254696f0 Thread added: 0x0000013b254641a0
Event: 841.978 Thread 0x0000013b2546aaa0 Thread added: 0x0000013b2546b7c0
Event: 846.077 Thread 0x0000013b26e7c870 Thread exited: 0x0000013b26e7c870


Dynamic libraries:
0x00007ff6097b0000 - 0x00007ff6097ba000 	C:\Program Files\Android\Android Studio\jbr\bin\java.exe
0x00007ff887cf0000 - 0x00007ff887ee8000 	C:\WINDOWS\SYSTEM32\ntdll.dll
0x00007ff887bd0000 - 0x00007ff887c92000 	C:\WINDOWS\System32\KERNEL32.DLL
0x00007ff8855e0000 - 0x00007ff8858d6000 	C:\WINDOWS\System32\KERNELBASE.dll
0x00007ff885a10000 - 0x00007ff885b10000 	C:\WINDOWS\System32\ucrtbase.dll
0x00007ff871d60000 - 0x00007ff871d7b000 	C:\Program Files\Android\Android Studio\jbr\bin\VCRUNTIME140.dll
0x00007ff871de0000 - 0x00007ff871df8000 	C:\Program Files\Android\Android Studio\jbr\bin\jli.dll
0x00007ff886530000 - 0x00007ff8866d1000 	C:\WINDOWS\System32\USER32.dll
0x00007ff885380000 - 0x00007ff8853a2000 	C:\WINDOWS\System32\win32u.dll
0x00007ff8846b0000 - 0x00007ff88494b000 	C:\WINDOWS\WinSxS\amd64_microsoft.windows.common-controls_6595b64144ccf1df_6.0.19041.6456_none_60b8a6cb71f64256\COMCTL32.dll
0x00007ff887220000 - 0x00007ff88724b000 	C:\WINDOWS\System32\GDI32.dll
0x00007ff8870d0000 - 0x00007ff88716e000 	C:\WINDOWS\System32\msvcrt.dll
0x00007ff8853b0000 - 0x00007ff8854c9000 	C:\WINDOWS\System32\gdi32full.dll
0x00007ff885c70000 - 0x00007ff885d0d000 	C:\WINDOWS\System32\msvcp_win.dll
0x00007ff887b90000 - 0x00007ff887bbf000 	C:\WINDOWS\System32\IMM32.DLL
0x00007ff882da0000 - 0x00007ff882dac000 	C:\Program Files\Android\Android Studio\jbr\bin\vcruntime140_1.dll
0x00007ff855e50000 - 0x00007ff855edd000 	C:\Program Files\Android\Android Studio\jbr\bin\msvcp140.dll
0x00007ff83e740000 - 0x00007ff83f3cb000 	C:\Program Files\Android\Android Studio\jbr\bin\server\jvm.dll
0x00007ff886dc0000 - 0x00007ff886e71000 	C:\WINDOWS\System32\ADVAPI32.dll
0x00007ff887250000 - 0x00007ff8872ef000 	C:\WINDOWS\System32\sechost.dll
0x00007ff886e80000 - 0x00007ff886fa0000 	C:\WINDOWS\System32\RPCRT4.dll
0x00007ff8859e0000 - 0x00007ff885a07000 	C:\WINDOWS\System32\bcrypt.dll
0x00007ff886b80000 - 0x00007ff886beb000 	C:\WINDOWS\System32\WS2_32.dll
0x00007ff8851e0000 - 0x00007ff88522b000 	C:\WINDOWS\SYSTEM32\POWRPROF.dll
0x00007ff87d3e0000 - 0x00007ff87d407000 	C:\WINDOWS\SYSTEM32\WINMM.dll
0x00007ff879990000 - 0x00007ff87999a000 	C:\WINDOWS\SYSTEM32\VERSION.dll
0x00007ff8851c0000 - 0x00007ff8851d2000 	C:\WINDOWS\SYSTEM32\UMPDC.dll
0x00007ff882e60000 - 0x00007ff882e72000 	C:\WINDOWS\SYSTEM32\kernel.appcore.dll
0x00007ff87d470000 - 0x00007ff87d47a000 	C:\Program Files\Android\Android Studio\jbr\bin\jimage.dll
0x00007ff884cd0000 - 0x00007ff884ed1000 	C:\WINDOWS\SYSTEM32\DBGHELP.DLL
0x00007ff884a60000 - 0x00007ff884a94000 	C:\WINDOWS\SYSTEM32\dbgcore.DLL
0x00007ff8854d0000 - 0x00007ff885552000 	C:\WINDOWS\System32\bcryptPrimitives.dll
0x00007ff87d490000 - 0x00007ff87d49e000 	C:\Program Files\Android\Android Studio\jbr\bin\instrument.dll
0x00007ff86ea30000 - 0x00007ff86ea50000 	C:\Program Files\Android\Android Studio\jbr\bin\java.dll
0x00007ff85c550000 - 0x00007ff85c568000 	C:\Program Files\Android\Android Studio\jbr\bin\zip.dll
0x00007ff885d10000 - 0x00007ff886480000 	C:\WINDOWS\System32\SHELL32.dll
0x00007ff882550000 - 0x00007ff882cf5000 	C:\WINDOWS\SYSTEM32\windows.storage.dll
0x00007ff886820000 - 0x00007ff886b74000 	C:\WINDOWS\System32\combase.dll
0x00007ff884610000 - 0x00007ff88463b000 	C:\WINDOWS\SYSTEM32\Wldp.dll
0x00007ff886cf0000 - 0x00007ff886dbd000 	C:\WINDOWS\System32\OLEAUT32.dll
0x00007ff887170000 - 0x00007ff88721d000 	C:\WINDOWS\System32\SHCORE.dll
0x00007ff8879a0000 - 0x00007ff8879fb000 	C:\WINDOWS\System32\shlwapi.dll
0x00007ff8852b0000 - 0x00007ff8852d4000 	C:\WINDOWS\SYSTEM32\profapi.dll
0x00007ff871d90000 - 0x00007ff871da0000 	C:\Program Files\Android\Android Studio\jbr\bin\net.dll
0x00007ff877010000 - 0x00007ff87711a000 	C:\WINDOWS\SYSTEM32\WINHTTP.dll
0x00007ff884510000 - 0x00007ff88457a000 	C:\WINDOWS\system32\mswsock.dll
0x00007ff85c230000 - 0x00007ff85c246000 	C:\Program Files\Android\Android Studio\jbr\bin\nio.dll
0x00007ff85b420000 - 0x00007ff85b430000 	C:\Program Files\Android\Android Studio\jbr\bin\verify.dll
0x00007ff871db0000 - 0x00007ff871dd7000 	C:\Users\Laiba\.gradle\native\1def1411415f61bf3af743bc5b6707747c0891f09f0c88961ee8f79bc544acac\windows-amd64\native-platform.dll
0x00007ff855d80000 - 0x00007ff855df8000 	C:\Users\Laiba\.gradle\native\0.2.7\x86_64-windows-gnu\gradle-fileevents.dll
0x00007ff85b8a0000 - 0x00007ff85b8a9000 	C:\Program Files\Android\Android Studio\jbr\bin\management.dll
0x00007ff85b760000 - 0x00007ff85b76b000 	C:\Program Files\Android\Android Studio\jbr\bin\management_ext.dll
0x00007ff887ca0000 - 0x00007ff887ca8000 	C:\WINDOWS\System32\PSAPI.DLL
0x00007ff884050000 - 0x00007ff88408b000 	C:\WINDOWS\SYSTEM32\IPHLPAPI.DLL
0x00007ff887bc0000 - 0x00007ff887bc8000 	C:\WINDOWS\System32\NSI.dll
0x00007ff85bdb0000 - 0x00007ff85bdb9000 	C:\Program Files\Android\Android Studio\jbr\bin\extnet.dll
0x00007ff885010000 - 0x00007ff885028000 	C:\WINDOWS\SYSTEM32\CRYPTSP.dll
0x00007ff883cf0000 - 0x00007ff883d28000 	C:\WINDOWS\system32\rsaenh.dll
0x00007ff885230000 - 0x00007ff88525e000 	C:\WINDOWS\SYSTEM32\USERENV.dll
0x00007ff884600000 - 0x00007ff88460c000 	C:\WINDOWS\SYSTEM32\CRYPTBASE.dll
0x00007ff87dfb0000 - 0x00007ff87dfb7000 	C:\WINDOWS\system32\wshunix.dll
0x00007ff85c130000 - 0x00007ff85c147000 	C:\WINDOWS\system32\napinsp.dll
0x00007ff85b940000 - 0x00007ff85b95b000 	C:\WINDOWS\system32\pnrpnsp.dll
0x00007ff87d390000 - 0x00007ff87d3ad000 	C:\WINDOWS\system32\NLAapi.dll
0x00007ff884090000 - 0x00007ff88415a000 	C:\WINDOWS\SYSTEM32\DNSAPI.dll
0x00007ff85b8e0000 - 0x00007ff85b8f2000 	C:\WINDOWS\System32\winrnr.dll
0x00007ff85b900000 - 0x00007ff85b91d000 	C:\WINDOWS\system32\wshbth.dll
0x00007ff872f90000 - 0x00007ff872f9a000 	C:\Windows\System32\rasadhlp.dll
0x00007ff872eb0000 - 0x00007ff872f30000 	C:\WINDOWS\System32\fwpuclnt.dll
0x00007ff884fd0000 - 0x00007ff885003000 	C:\WINDOWS\SYSTEM32\ntmarta.dll
0x00007ff87e0b0000 - 0x00007ff87e144000 	C:\WINDOWS\system32\apphelp.dll
0x00007ff882f70000 - 0x00007ff882f77000 	C:\Program Files\Android\Android Studio\jbr\bin\rmi.dll

dbghelp: loaded successfully - version: 4.0.5 - missing functions: none
symbol engine: initialized successfully - sym options: 0x614 - pdb path: .;C:\Program Files\Android\Android Studio\jbr\bin;C:\WINDOWS\SYSTEM32;C:\WINDOWS\WinSxS\amd64_microsoft.windows.common-controls_6595b64144ccf1df_6.0.19041.6456_none_60b8a6cb71f64256;C:\Program Files\Android\Android Studio\jbr\bin\server;C:\Users\Laiba\.gradle\native\1def1411415f61bf3af743bc5b6707747c0891f09f0c88961ee8f79bc544acac\windows-amd64;C:\Users\Laiba\.gradle\native\0.2.7\x86_64-windows-gnu

VM Arguments:
jvm_args: --add-opens=java.base/java.lang=ALL-UNNAMED --add-opens=java.base/java.lang.invoke=ALL-UNNAMED --add-opens=java.base/java.util=ALL-UNNAMED --add-opens=java.prefs/java.util.prefs=ALL-UNNAMED --add-exports=jdk.compiler/com.sun.tools.javac.api=ALL-UNNAMED --add-exports=jdk.compiler/com.sun.tools.javac.util=ALL-UNNAMED --add-opens=java.base/java.util=ALL-UNNAMED --add-opens=java.prefs/java.util.prefs=ALL-UNNAMED --add-opens=java.base/java.nio.charset=ALL-UNNAMED --add-opens=java.base/java.net=ALL-UNNAMED --add-opens=java.base/java.util.concurrent.atomic=ALL-UNNAMED --add-opens=java.xml/javax.xml.namespace=ALL-UNNAMED -XX:MaxMetaspaceSize=4G -XX:ReservedCodeCacheSize=512m -XX:+HeapDumpOnOutOfMemoryError -Xmx8G -Dfile.encoding=UTF-8 -Duser.country=US -Duser.language=en -Duser.variant -javaagent:C:\Users\Laiba\.gradle\wrapper\dists\gradle-8.14-all\c2qonpi39x1mddn7hk5gh9iqj\gradle-8.14\lib\agents\gradle-instrumentation-agent-8.14.jar 
java_command: org.gradle.launcher.daemon.bootstrap.GradleDaemon 8.14
java_class_path (initial): C:\Users\Laiba\.gradle\wrapper\dists\gradle-8.14-all\c2qonpi39x1mddn7hk5gh9iqj\gradle-8.14\lib\gradle-daemon-main-8.14.jar
Launcher Type: SUN_STANDARD

[Global flags]
     intx CICompilerCount                          = 3                                         {product} {ergonomic}
     uint ConcGCThreads                            = 1                                         {product} {ergonomic}
     uint G1ConcRefinementThreads                  = 4                                         {product} {ergonomic}
   size_t G1HeapRegionSize                         = 4194304                                   {product} {ergonomic}
    uintx GCDrainStackTargetSize                   = 64                                        {product} {ergonomic}
     bool HeapDumpOnOutOfMemoryError               = true                                   {manageable} {command line}
   size_t InitialHeapSize                          = 134217728                                 {product} {ergonomic}
   size_t MarkStackSize                            = 4194304                                   {product} {ergonomic}
   size_t MaxHeapSize                              = 8589934592                                {product} {command line}
   size_t MaxMetaspaceSize                         = 4294967296                                {product} {command line}
   size_t MaxNewSize                               = 5150605312                                {product} {ergonomic}
   size_t MinHeapDeltaBytes                        = 4194304                                   {product} {ergonomic}
   size_t MinHeapSize                              = 8388608                                   {product} {ergonomic}
    uintx NonNMethodCodeHeapSize                   = 5832780                                {pd product} {ergonomic}
    uintx NonProfiledCodeHeapSize                  = 265519066                              {pd product} {ergonomic}
    uintx ProfiledCodeHeapSize                     = 265519066                              {pd product} {ergonomic}
    uintx ReservedCodeCacheSize                    = 536870912                              {pd product} {command line}
     bool SegmentedCodeCache                       = true                                      {product} {ergonomic}
   size_t SoftMaxHeapSize                          = 8589934592                             {manageable} {ergonomic}
     bool UseCompressedOops                        = true                           {product lp64_product} {ergonomic}
     bool UseG1GC                                  = true                                      {product} {ergonomic}
     bool UseLargePagesIndividualAllocation        = false                                  {pd product} {ergonomic}

Logging:
Log output configuration:
 #0: stdout all=warning uptime,level,tags foldmultilines=false
 #1: stderr all=off uptime,level,tags foldmultilines=false

Environment Variables:
JAVA_HOME=C:\Program Files\Android\Android Studio\jbr
CLASSPATH=C:\Users\Laiba\Downloads\lost_firebase (1)\lost_firebase\lost_firebase\android\\gradle\wrapper\gradle-wrapper.jar
PATH=C:\Program Files\Android\Android Studio\jbr\bin;C:\Program Files\Eclipse Adoptium\jdk-17.0.17.10-hotspot\bin;D:\ISSetupPrerequisites\dbhomeXE\bin;C:\Program Files (x86)\VMware\VMware Workstation\bin\;C:\WINDOWS\system32;C:\WINDOWS;C:\WINDOWS\System32\Wbem;C:\WINDOWS\System32\WindowsPowerShell\v1.0\;C:\WINDOWS\System32\OpenSSH\;C:\Users\Laiba\Desktop\oop;C:\Users\Laiba\Desktop\mingw64\bin;C:\Program Files\Java\jdk-19.0.2+7\bin;D:\android\sdk\platform-tools;D:\android\sdk\emulator;D:\Desktop\;C:\Users\Laiba\AppData\Local\Pub\Cache\bin;C:\xampp\php;C:\composer;C:\Program Files\Git\cmd;D:\Android\Sdk;C:\Program Files\Tesseract-OCR.;C:\Users\Laiba\AppData\Local\Programs\Python\Python310\Scripts\;C:\Users\Laiba\AppData\Local\Programs\Python\Python310\;C:\Users\Laiba\AppData\Local\Programs\Python\Python312\Scripts\;C:\Users\Laiba\AppData\Local\Programs\Python\Python312\;C:\Program Files\Java\jdk-19.0.2+7\bin;D:\ISSetupPrerequisites\dbhomeXE\bin;C:\Program Files (x86)\VMware\VMware Workstation\bin\;C:\WINDOWS\system32;C:\WINDOWS;C:\WINDOWS\System32\Wbem;C:\WINDOWS\System32\WindowsPowerShell\v1.0\;C:\WINDOWS\System32\OpenSSH\;C:\Users\Laiba\Desktop\oop;C:\Users\Laiba\Desktop\mingw64\bin;D:\android\sdk\platform-tools;D:\android\sdk\emulator;D:\Desktop\;C:\Users\Laiba\AppData\Local\Pub\Cache\bin;C:\xampp\php;C:\composer;C:\Program Files\Git\cmd;C:\Users\Laiba\Desktop\Scripts\;C:\Users\Laiba\Desktop\;C:\Users\Laiba\AppData\Local\Microsoft\WindowsApps;C:\Program Files\JetBrains\IntelliJ IDEA 2024.2.1\bin;C:\Program Files\JetBrains\IntelliJ IDEA Community Edition 2024.3.1.1\bin;C:\Microsoft VS Code\bin;C:\Users\Laiba\Downloads\flutter\bin;C:\Users\Laiba\Downloads\PortableGit\bin;C:\Users\Laiba\AppData\Roaming\npm;C:\xampp\php;C:\Users\Laiba\App;D:\Android\Sdk;C:\Program Files\Tesseract-OCR.;;C:\Users\Laiba\Downloads\flutter\bin\mingit\cmd
USERNAME=Laibah
OS=Windows_NT
PROCESSOR_IDENTIFIER=Intel64 Family 6 Model 142 Stepping 9, GenuineIntel
TMP=C:\Users\Laiba\AppData\Local\Temp
TEMP=C:\Users\Laiba\AppData\Local\Temp




Periodic native trim disabled

JNI global refs:
JNI global refs: 29, weak refs: 43

JNI global refs memory usage: 835, weak refs: 833

Process memory usage:
Resident Set Size: 1944376K (23% of 8264920K total physical memory with 413372K free physical memory)

OOME stack traces (most recent first):
Classloader memory used:
Loader org.gradle.internal.classloader.VisitableURLClassLoader$InstrumentingVisitableURLClassLoader: 90339K
Loader org.gradle.internal.classloader.VisitableURLClassLoader                         : 60358K
Loader bootstrap                                                                       : 38785K
Loader org.gradle.initialization.MixInLegacyTypesClassLoader                           : 14809K
Loader jdk.internal.loader.ClassLoaders$AppClassLoader                                 : 11153K
Loader java.net.URLClassLoader                                                         : 3182K
Loader org.gradle.groovy.scripts.internal.DefaultScriptCompilationHandler$ScriptClassLoader: 2278K
Loader jdk.internal.loader.ClassLoaders$PlatformClassLoader                            : 1117K
Loader jdk.internal.reflect.DelegatingClassLoader                                      : 775K
Loader jdk.internal.jrtfs.JrtFileSystemProvider$JrtFsLoader                            : 289K
Loader org.gradle.internal.classloader.VisitableURLClassLoader                         : 177K
Loader org.codehaus.groovy.runtime.callsite.CallSiteClassLoader                        : 122K
Loader sun.reflect.misc.MethodUtil                                                     : 2952B

Classes loaded by more than one classloader:
Class Program                                                                         : loaded 7 times (x 68B)
Class org.jetbrains.kotlin.build.report.metrics.GradleBuildTime$Companion             : loaded 3 times (x 67B)
Class org.jetbrains.kotlin.build.report.metrics.BuildTime                             : loaded 3 times (x 66B)
Class Settings_gradle                                                                 : loaded 3 times (x 124B)
Class [Lorg.jetbrains.kotlin.build.report.metrics.GradleBuildTime;                    : loaded 3 times (x 65B)
Class org.jetbrains.kotlin.build.report.metrics.BuildMetricsReporter                  : loaded 3 times (x 66B)
Class [Lorg.jetbrains.kotlin.build.report.metrics.BuildTime;                          : loaded 3 times (x 65B)
Class org.jetbrains.kotlin.build.report.metrics.GradleBuildTime                       : loaded 3 times (x 84B)
Class com.google.common.base.Equivalence$Identity                                     : loaded 2 times (x 78B)
Class com.google.common.collect.RegularImmutableMap$KeySet                            : loaded 2 times (x 148B)
Class org.gradle.internal.classloader.FilteringClassLoader                            : loaded 2 times (x 101B)
Class jdk.internal.jimage.BasicImageReader                                            : loaded 2 times (x 91B)
Class kotlin.io.FilesKt__FileTreeWalkKt                                               : loaded 2 times (x 67B)
Class kotlin.sequences.FilteringSequence$iterator$1                                   : loaded 2 times (x 75B)
Class kotlin.sequences.SequencesKt__SequenceBuilderKt                                 : loaded 2 times (x 67B)
Class kotlin.collections.CollectionsKt__ReversedViewsKt                               : loaded 2 times (x 67B)
Class build_2qfg0bv9yjfecrsla8c8w87wx                                                 : loaded 2 times (x 176B)
Class com.google.common.cache.LocalCache$ValueIterator                                : loaded 2 times (x 82B)
Class [Lcom.google.common.collect.MapMakerInternalMap$Segment;                        : loaded 2 times (x 65B)
Class [Lcom.google.common.base.AbstractIterator$State;                                : loaded 2 times (x 65B)
Class com.google.common.io.FileWriteMode                                              : loaded 2 times (x 75B)
Class org.jetbrains.kotlin.gradle.plugin.mpp.KotlinVariantWithCoordinates             : loaded 2 times (x 104B)
Class org.jetbrains.kotlin.gradle.tasks.CInteropProcess                               : loaded 2 times (x 343B)
Class org.jetbrains.kotlin.gradle.internal.KotlinDomApiDependencyManagementKt         : loaded 2 times (x 67B)
Class org.jetbrains.kotlin.gradle.plugin.KotlinPluginLifecycleImpl$launch$coroutine$1 : loaded 2 times (x 72B)
Class org.jetbrains.kotlin.gradle.targets.js.npm.NpmDependencyExtensionKt$defaultNpmDependencyDelegate$1: loaded 2 times (x 163B)
Class org.jetbrains.kotlin.gradle.plugin.diagnostics.checkers.MissingNativeStdlibChecker: loaded 2 times (x 70B)
Class org.jetbrains.kotlin.gradle.targets.native.KotilnNativeConfigureBinariesSideEffectKt: loaded 2 times (x 67B)
Class org.jetbrains.kotlin.gradle.plugin.KotlinPlatformType$DisambiguationRule        : loaded 2 times (x 72B)
Class org.jetbrains.kotlin.gradle.plugin.KotlinPlatformType$Companion                 : loaded 2 times (x 67B)
Class org.jetbrains.kotlin.gradle.plugin.internal.ConfigurationCacheStartParameterAccessorKt: loaded 2 times (x 67B)
Class com.google.common.base.CharMatcher$IsEither                                     : loaded 2 times (x 107B)
Class org.gradle.internal.classloader.ClassLoaderHierarchy                            : loaded 2 times (x 66B)
Class build_ob770vx9cue1z67p2gxxxe49$_run_closure1                                    : loaded 2 times (x 135B)
Class com.google.common.collect.AbstractMapBasedMultimap$WrappedCollection            : loaded 2 times (x 120B)
Class org.jetbrains.kotlin.gradle.plugin.hierarchy.KotlinSourceSetTreeClassifierKt    : loaded 2 times (x 67B)
Class org.jetbrains.kotlin.gradle.report.UsesBuildMetricsService                      : loaded 2 times (x 66B)
Class org.jetbrains.kotlin.gradle.plugin.mpp.compilationImpl.factory.KotlinCompilationImplFactory$KotlinCompilationSourceSetsContainerFactory: loaded 2 times (x 66B)
Class org.jetbrains.kotlin.gradle.utils.MutableObservableSet                          : loaded 2 times (x 66B)
Class org.jetbrains.kotlin.gradle.dsl.KotlinHierarchyDsl                              : loaded 2 times (x 66B)
Class org.jetbrains.kotlin.gradle.report.BuildReportType                              : loaded 2 times (x 75B)
Class org.jetbrains.kotlin.statistics.metrics.StringAnonymizationPolicy$AllowedListAnonymizer: loaded 2 times (x 75B)
Class com.google.common.collect.ImmutableEnumSet                                      : loaded 2 times (x 142B)
Class com.google.common.util.concurrent.ExecutionError                                : loaded 2 times (x 78B)
Class com.google.common.collect.ImmutableList$1                                       : loaded 2 times (x 93B)
Class org.gradle.api.internal.classpath.ManifestUtil                                  : loaded 2 times (x 67B)
Class build_6or57ctjvlyto6p9yqjlkp1vo                                                 : loaded 2 times (x 176B)
Class com.google.common.io.ByteArrayDataOutput                                        : loaded 2 times (x 66B)
Class org.jetbrains.kotlin.gradle.tasks.KotlinCompile$androidLayoutResources$1        : loaded 2 times (x 70B)
Class org.jetbrains.kotlin.gradle.report.GradleBuildMetricsReporter                   : loaded 2 times (x 96B)
Class org.jetbrains.kotlin.gradle.utils.FutureKt$future$1                             : loaded 2 times (x 91B)
Class org.jetbrains.kotlin.gradle.plugin.mpp.KotlinMetadataCompilation                : loaded 2 times (x 66B)
Class org.jetbrains.kotlin.gradle.plugin.sources.KotlinDependencyScope                : loaded 2 times (x 75B)
Class org.jetbrains.kotlin.gradle.tasks.configuration.AbstractKotlinCompileConfig$1   : loaded 2 times (x 75B)
Class org.jetbrains.kotlin.gradle.plugin.mpp.compilationImpl.KotlinCompilationFriendPathsResolver: loaded 2 times (x 66B)
Class org.jetbrains.kotlin.konan.target.KonanTarget$ANDROID_ARM64                     : loaded 2 times (x 74B)
Class org.jetbrains.kotlin.gradle.artifacts.KotlinNativeHostSpecificMetadataArtifactKt$KotlinNativeHostSpecificMetadataArtifact$1: loaded 2 times (x 70B)
Class org.jetbrains.kotlin.gradle.plugin.mpp.compilationImpl.KotlinCompilationSideEffect$Companion: loaded 2 times (x 67B)
Class org.jetbrains.kotlin.gradle.plugin.mpp.KotlinUsages$KotlinMetadataDisambiguation: loaded 2 times (x 72B)
Class org.jetbrains.kotlin.gradle.internal.properties.PropertiesBuildService$IntGradleProperty: loaded 2 times (x 72B)
Class com.google.gson.stream.MalformedJsonException                                   : loaded 2 times (x 78B)
Class com.google.common.collect.RegularImmutableMap                                   : loaded 2 times (x 117B)
Class com.google.common.collect.ImmutableMap$MapViewOfValuesAsSingletonSets           : loaded 2 times (x 122B)
Class org.apache.commons.io.function.IOFunction                                       : loaded 2 times (x 66B)
Class com.google.common.cache.LocalCache$Values                                       : loaded 2 times (x 114B)
Class com.google.common.collect.TransformedListIterator                               : loaded 2 times (x 89B)
Class org.jetbrains.kotlin.statistics.AnonymizerUtilsKt$salt$2                        : loaded 2 times (x 74B)
Class org.jetbrains.kotlin.gradle.tasks.AbstractKotlinCompile$compilerRunner$1        : loaded 2 times (x 71B)
Class org.jetbrains.kotlin.gradle.tasks.CacheableTasksKt$cacheOnlyIfEnabledForKotlin$1: loaded 2 times (x 71B)
Class org.jetbrains.kotlin.gradle.internal.transforms.BuildToolsApiClasspathEntrySnapshotTransform: loaded 2 times (x 78B)
Class org.jetbrains.kotlin.gradle.tasks.configuration.AbstractKotlinCompileConfig$2   : loaded 2 times (x 75B)
Class org.jetbrains.kotlin.gradle.plugin.mpp.compilationImpl.factory.KotlinCompilationImplFactory$PreConfigure: loaded 2 times (x 66B)
Class org.jetbrains.kotlin.gradle.plugin.KotlinProjectSetupActionKt$KotlinProjectSetupCoroutine$1$1: loaded 2 times (x 91B)
Class org.jetbrains.kotlin.konan.target.KonanTarget$WATCHOS_ARM32                     : loaded 2 times (x 74B)
Class org.jetbrains.kotlin.gradle.targets.js.dsl.KotlinJsTargetDsl                    : loaded 2 times (x 66B)
Class org.jetbrains.kotlin.gradle.plugin.KotlinPluginLifecycleImplKt                  : loaded 2 times (x 67B)
Class org.jetbrains.kotlin.gradle.plugin.diagnostics.checkers.DeprecatedKotlinNativeTargetsChecker$runChecks$1: loaded 2 times (x 84B)
Class org.jetbrains.kotlin.gradle.plugin.KotlinPluginLifecycleImpl$WhenMappings       : loaded 2 times (x 67B)
Class org.jetbrains.kotlin.gradle.dsl.KotlinCommonCompilerToolOptionsHelper           : loaded 2 times (x 67B)
Class org.jetbrains.kotlin.gradle.plugin.KotlinTargetComponent                        : loaded 2 times (x 66B)
Class org.jetbrains.kotlin.gradle.plugin.KotlinGradlePluginExtensionPointInternal     : loaded 2 times (x 72B)
Class org.jetbrains.kotlin.statistics.metrics.StringOverridePolicy$OVERRIDE_VERSION_IF_NOT_SET: loaded 2 times (x 81B)
Class org.jetbrains.kotlin.gradle.plugin.statistics.KotlinBuildStatsBeanService$Companion$initStatsService$1: loaded 2 times (x 75B)
Class org.jetbrains.kotlin.gradle.plugin.VariantImplementationFactories$Companion$getProvider$1: loaded 2 times (x 71B)
Class org.jetbrains.kotlin.gradle.internal.properties.PropertiesBuildService$BooleanGradleProperty: loaded 2 times (x 72B)
Class org.jetbrains.kotlin.gradle.dsl.KotlinProjectExtension                          : loaded 2 times (x 118B)
Class [Lorg.objectweb.asm.Symbol;                                                     : loaded 2 times (x 65B)
Class org.objectweb.asm.ClassVisitor                                                  : loaded 2 times (x 84B)
Class com.google.common.collect.UnmodifiableListIterator                              : loaded 2 times (x 91B)
Class com.google.common.collect.MapMakerInternalMap$StrongKeyDummyValueEntry$LinkedStrongKeyDummyValueEntry: loaded 2 times (x 78B)
Class com.google.common.collect.MapMakerInternalMap$Strength                          : loaded 2 times (x 76B)
Class org.jetbrains.kotlin.gradle.plugin.KotlinPluginLifecycle$ProjectConfigurationResult$Failure: loaded 2 times (x 68B)
Class com.google.common.base.Platform$JdkPatternCompiler                              : loaded 2 times (x 71B)
Class org.jetbrains.kotlin.gradle.plugin.sources.DefaultKotlinSourceSet$MetadataDependencyTransformation: loaded 2 times (x 68B)
Class org.jetbrains.kotlin.gradle.tasks.DefaultKotlinJavaToolchain$Companion          : loaded 2 times (x 67B)
Class org.jetbrains.kotlin.gradle.tasks.DefaultKotlinJavaToolchain                    : loaded 2 times (x 73B)
Class org.jetbrains.kotlin.gradle.targets.native.toolchain.KotlinNativeBundleBuildService$Parameters: loaded 2 times (x 66B)
Class org.jetbrains.kotlin.gradle.targets.native.toolchain.KotlinNativeBundleBuildService: loaded 2 times (x 73B)
Class org.jetbrains.kotlin.gradle.plugin.KotlinGradleBuildServices                    : loaded 2 times (x 76B)
Class [Lorg.jetbrains.kotlin.statistics.ValueAnonymizer;                              : loaded 2 times (x 65B)
Class org.jetbrains.kotlin.gradle.internal.properties.PropertiesBuildService$MemoizedCallable$value$2: loaded 2 times (x 75B)
Class org.objectweb.asm.MethodTooLargeException                                       : loaded 2 times (x 79B)
Class [Lcom.google.common.cache.CacheBuilder$OneWeigher;                              : loaded 2 times (x 65B)
Class com.google.common.base.Suppliers                                                : loaded 2 times (x 67B)
Class org.gradle.internal.classloader.DefaultClassLoaderFactory                       : loaded 2 times (x 78B)
Class kotlin.sequences.SequencesKt___SequencesKt                                      : loaded 2 times (x 67B)
Class kotlin.collections.AbstractList$Companion                                       : loaded 2 times (x 67B)
Class com.google.common.io.ByteSource$ConcatenatedByteSource                          : loaded 2 times (x 81B)
Class com.google.common.collect.ReverseNaturalOrdering                                : loaded 2 times (x 110B)
Class [Lcom.google.common.collect.AbstractIterator$State;                             : loaded 2 times (x 65B)
Class org.apache.commons.io.file.PathUtils                                            : loaded 2 times (x 67B)
Class com.google.common.base.CharMatcher$None                                         : loaded 2 times (x 108B)
Class org.jetbrains.kotlin.gradle.plugin.PropertiesProvider$kotlinCompilerArgumentsLogLevel$1: loaded 2 times (x 70B)
Class org.jetbrains.kotlin.compilerRunner.CompilerSystemPropertiesService$Parameters_Decorated: loaded 2 times (x 130B)
Class org.jetbrains.kotlin.gradle.plugin.KotlinTargetWithTests                        : loaded 2 times (x 66B)
Class org.jetbrains.kotlin.gradle.plugin.diagnostics.ToolingDiagnosticRenderingOptions: loaded 2 times (x 68B)
Class [Lorg.jetbrains.kotlin.gradle.dsl.KotlinVersion;                                : loaded 2 times (x 65B)
Class org.jetbrains.kotlin.gradle.plugin.diagnostics.checkers.JsEnvironmentChecker    : loaded 2 times (x 72B)
Class org.jetbrains.kotlin.gradle.targets.js.npm.NpmDependencyExtensionKt             : loaded 2 times (x 67B)
Class org.jetbrains.kotlin.gradle.plugin.diagnostics.UsesKotlinToolingDiagnosticsParameters: loaded 2 times (x 66B)
Class org.jetbrains.kotlin.gradle.report.BuildMetricsService                          : loaded 2 times (x 82B)
Class org.jetbrains.kotlin.statistics.metrics.NumberAnonymizationPolicy               : loaded 2 times (x 81B)
Class org.jetbrains.kotlin.statistics.metrics.StringAnonymizationPolicy               : loaded 2 times (x 74B)
Class org.gradle.internal.classloader.ClassLoaderVisitor                              : loaded 2 times (x 72B)
Class com.google.common.collect.Ordering                                              : loaded 2 times (x 110B)
Class org.jetbrains.kotlin.build.report.metrics.BuildPerformanceMetrics               : loaded 2 times (x 68B)
Class org.jetbrains.kotlin.gradle.plugin.mpp.compilationImpl.KotlinCompilationLanguageSettingsConfigurator: loaded 2 times (x 70B)
Class org.jetbrains.kotlin.gradle.plugin.KotlinPluginLifecycleKt$await$1              : loaded 2 times (x 84B)
Class [Lorg.jetbrains.kotlin.gradle.plugin.KotlinCompilation;                         : loaded 2 times (x 65B)
Class org.jetbrains.kotlin.gradle.plugin.mpp.KotlinTargetComponentWithPublication     : loaded 2 times (x 66B)
Class org.jetbrains.kotlin.gradle.plugin.mpp.compilationImpl.KotlinCreateNativeCompileTasksSideEffectKt: loaded 2 times (x 67B)
Class org.jetbrains.kotlin.gradle.plugin.KotlinProjectSetupActionKt                   : loaded 2 times (x 67B)
Class org.jetbrains.kotlin.gradle.dsl.KotlinTargetContainerWithJsPresetFunctions      : loaded 2 times (x 66B)
Class org.jetbrains.kotlin.gradle.report.ReportingSettings$Companion                  : loaded 2 times (x 67B)
Class org.jetbrains.kotlin.gradle.report.ConfigureReporingKt                          : loaded 2 times (x 67B)
Class org.jetbrains.kotlin.tooling.core.TypeUtils                                     : loaded 2 times (x 67B)
Class [Lcom.google.common.collect.ImmutableMapEntry;                                  : loaded 2 times (x 65B)
Class org.gradle.api.internal.classpath.EffectiveClassPath                            : loaded 2 times (x 86B)
Class kotlin.text.StringsKt__AppendableKt                                             : loaded 2 times (x 67B)
Class build_da0aqetems3lev8war4dlc4pf$_run_closure1                                   : loaded 2 times (x 135B)
Class com.google.common.collect.CollectSpliterators$1WithCharacteristics              : loaded 2 times (x 86B)
Class org.jetbrains.kotlin.gradle.plugin.statistics.IDaemonReuseCounterMXBean         : loaded 2 times (x 66B)
Class [Lorg.apache.commons.io.StandardLineSeparator;                                  : loaded 2 times (x 65B)
Class org.apache.commons.io.output.StringBuilderWriter                                : loaded 2 times (x 96B)
Class org.jetbrains.kotlin.gradle.plugin.mpp.compilationImpl.DefaultKotlinCompilationConfigurationsContainer: loaded 2 times (x 80B)
Class com.google.common.collect.ImmutableRangeSet                                     : loaded 2 times (x 111B)
Class org.jetbrains.kotlin.konan.target.KonanTarget$ANDROID_ARM32                     : loaded 2 times (x 74B)
Class org.jetbrains.kotlin.gradle.tasks.TasksProviderKt                               : loaded 2 times (x 67B)
Class org.jetbrains.kotlin.gradle.plugin.diagnostics.ToolingDiagnostic                : loaded 2 times (x 68B)
Class org.jetbrains.kotlin.gradle.plugin.sources.DefaultKotlinSourceSetFactory        : loaded 2 times (x 76B)
Class com.google.common.collect.ListMultimap                                          : loaded 2 times (x 66B)
Class com.google.common.collect.ImmutableEnumMap                                      : loaded 2 times (x 122B)
Class com.google.common.collect.ImmutableSet$SerializedForm                           : loaded 2 times (x 69B)
Class com.google.common.collect.ComparatorOrdering                                    : loaded 2 times (x 111B)
Class com.google.common.base.Splitter                                                 : loaded 2 times (x 68B)
Class org.jetbrains.kotlin.incremental.ClasspathChanges                               : loaded 2 times (x 67B)
Class org.jetbrains.kotlin.buildtools.api.jvm.ClassSnapshotGranularity                : loaded 2 times (x 75B)
Class org.jetbrains.kotlin.gradle.ExternalKotlinTargetApi                             : loaded 2 times (x 66B)
Class com.google.common.collect.Iterators$EmptyModifiableIterator                     : loaded 2 times (x 82B)
Class org.jetbrains.kotlin.gradle.plugin.diagnostics.checkers.AndroidPluginWithoutAndroidTargetChecker$runChecks$1: loaded 2 times (x 84B)
Class org.jetbrains.kotlin.gradle.plugin.diagnostics.checkers.AndroidSourceSetLayoutV1SourceSetsNotFoundChecker$runChecks$1: loaded 2 times (x 84B)
Class org.jetbrains.kotlin.gradle.plugin.diagnostics.KotlinGradleProjectCheckersRunnerKt$launchKotlinGradleProjectCheckers$1$1: loaded 2 times (x 91B)
Class org.jetbrains.kotlin.konan.target.KonanTarget                                   : loaded 2 times (x 74B)
Class org.jetbrains.kotlin.gradle.targets.CreateDefaultTestRunSideEffectKt            : loaded 2 times (x 67B)
Class org.jetbrains.kotlin.gradle.utils.ProviderApiUtilsKt$mapOrNull$1                : loaded 2 times (x 71B)
Class org.jetbrains.kotlin.gradle.targets.native.toolchain.KotlinNativeBundleBuildService$Companion$registerIfAbsent$1: loaded 2 times (x 71B)
Class org.jetbrains.kotlin.statistics.metrics.BooleanAnonymizationPolicy              : loaded 2 times (x 81B)
Class org.jetbrains.kotlin.statistics.metrics.BooleanOverridePolicy$OVERRIDE          : loaded 2 times (x 81B)
Class org.jetbrains.kotlin.gradle.plugin.PropertiesProvider$kotlinExperimentalTryNext$1: loaded 2 times (x 71B)
Class org.jetbrains.kotlin.gradle.plugin.VariantImplementationFactoriesConfigurator$Companion$getProvider$1: loaded 2 times (x 70B)
Class com.google.common.collect.Sets$1                                                : loaded 2 times (x 135B)
Class org.objectweb.asm.AnnotationVisitor                                             : loaded 2 times (x 74B)
Class org.gradle.api.internal.DefaultClassPathProvider                                : loaded 2 times (x 72B)
Class kotlin.sequences.Sequence                                                       : loaded 2 times (x 66B)
Class kotlin.text.StringsKt__StringNumberConversionsJVMKt                             : loaded 2 times (x 67B)
Class com.google.common.collect.NaturalOrdering                                       : loaded 2 times (x 111B)
Class org.apache.commons.io.FilenameUtils                                             : loaded 2 times (x 67B)
Class com.google.common.collect.MapMakerInternalMap$Strength$1                        : loaded 2 times (x 76B)
Class com.google.common.collect.Maps$ViewCachingAbstractMap                           : loaded 2 times (x 121B)
Class org.jetbrains.kotlin.statistics.metrics.OverrideMetricContainer                 : loaded 2 times (x 76B)
Class org.jetbrains.kotlin.gradle.tasks.configuration.KaptGenerateStubsConfig$Companion$wireJavaAndKotlinOutputs$1: loaded 2 times (x 75B)
Class org.jetbrains.kotlin.gradle.plugin.KotlinPluginLifecycleCoroutineContextElement : loaded 2 times (x 80B)
Class org.jetbrains.kotlin.gradle.dsl.PlatformSourceSetConventionsChecker             : loaded 2 times (x 70B)
Class org.jetbrains.kotlin.gradle.plugin.diagnostics.checkers.KotlinSourceSetTreeDependsOnMismatchChecker: loaded 2 times (x 70B)
Class org.jetbrains.kotlin.gradle.targets.CreateDefaultCompilationsSideEffectKt       : loaded 2 times (x 67B)
Class org.jetbrains.kotlin.gradle.plugin.mpp.SyncLanguageSettingsWithKotlinExtensionSetupActionKt: loaded 2 times (x 67B)
Class org.jetbrains.kotlin.statistics.metrics.NumericalMetrics                        : loaded 2 times (x 76B)
Class org.jetbrains.kotlin.gradle.plugin.VariantImplementationFactories$Companion$getProvider$2$1: loaded 2 times (x 75B)
Class com.google.common.collect.Sets$2                                                : loaded 2 times (x 135B)
Class [Lorg.gradle.api.internal.ClassPathProvider;                                    : loaded 2 times (x 65B)
Class org.gradle.api.internal.ClassPathProvider                                       : loaded 2 times (x 66B)
Class jdk.internal.jrtfs.SystemImage                                                  : loaded 2 times (x 70B)
Class build_dwl0gecyagp61f1m72ulred5a$_run_closure1                                   : loaded 2 times (x 135B)
Class com.google.common.collect.MapMakerInternalMap$Strength$2                        : loaded 2 times (x 76B)
Class com.google.common.base.AbstractIterator$State                                   : loaded 2 times (x 75B)
Class org.jetbrains.kotlin.gradle.plugin.statistics.BuildFinishMetrics$reportBuildFinished$1: loaded 2 times (x 75B)
Class org.jetbrains.kotlin.gradle.plugin.statistics.ExecutedTaskMetrics               : loaded 2 times (x 67B)
Class org.jetbrains.kotlin.gradle.plugin.diagnostics.CheckKotlinGradlePluginConfigurationErrors$Companion: loaded 2 times (x 67B)
Class org.jetbrains.kotlin.gradle.tasks.KotlinJvmCompile$DefaultImpls                 : loaded 2 times (x 67B)
Class org.jetbrains.kotlin.gradle.tasks.CacheableTasksKt                              : loaded 2 times (x 67B)
Class org.jetbrains.kotlin.konan.target.HostManager$targetValues$2                    : loaded 2 times (x 74B)
Class org.jetbrains.kotlin.gradle.plugin.diagnostics.checkers.UnusedSourceSetsChecker$runChecks$1: loaded 2 times (x 84B)
Class [Lorg.jetbrains.kotlin.konan.target.Family;                                     : loaded 2 times (x 65B)
Class org.jetbrains.kotlin.gradle.targets.js.npm.PeerNpmDependencyExtension           : loaded 2 times (x 66B)
Class org.jetbrains.kotlin.gradle.dsl.AndroidMainSourceSetConventionsChecker          : loaded 2 times (x 70B)
Class org.jetbrains.kotlin.gradle.plugin.diagnostics.checkers.WasmJsEnvironmentChecker$1: loaded 2 times (x 74B)
Class org.jetbrains.kotlin.gradle.targets.js.npm.NpmDependencyExtensionKt$AddNpmDependencyExtensionProjectSetupAction$1: loaded 2 times (x 70B)
Class org.jetbrains.kotlin.build.report.metrics.GradleBuildPerformanceMetric          : loaded 2 times (x 93B)
Class org.jetbrains.kotlin.gradle.internal.properties.PropertiesBuildService$NullableBooleanGradleProperty: loaded 2 times (x 72B)
Class [Lorg.objectweb.asm.AnnotationVisitor;                                          : loaded 2 times (x 65B)
Class com.google.common.collect.Sets$3                                                : loaded 2 times (x 135B)
Class com.google.common.cache.LocalCache$LocalLoadingCache                            : loaded 2 times (x 130B)
Class org.gradle.internal.service.UnknownServiceException                             : loaded 2 times (x 79B)
Class build_an3weohrvo1yh68dfex3s8pg$_run_closure1                                    : loaded 2 times (x 135B)
Class com.google.common.collect.MapMakerInternalMap$StrongValueEntry                  : loaded 2 times (x 66B)
Class com.google.common.io.ByteArrayDataInput                                         : loaded 2 times (x 66B)
Class org.jetbrains.kotlin.gradle.tasks.configuration.BaseKotlinCompileConfig$2$1$1$1 : loaded 2 times (x 70B)
Class org.jetbrains.kotlin.gradle.tasks.KotlinCompile$ScriptFilterSpec                : loaded 2 times (x 71B)
Class org.jetbrains.kotlin.gradle.plugin.diagnostics.checkers.ComposePluginSuggestApplyChecker$runChecks$1: loaded 2 times (x 84B)
Class org.jetbrains.kotlin.konan.target.KonanTarget$TVOS_ARM64                        : loaded 2 times (x 74B)
Class org.jetbrains.kotlin.gradle.targets.js.npm.DefaultPeerNpmDependencyExtension    : loaded 2 times (x 137B)
Class org.jetbrains.kotlin.gradle.plugin.KotlinPluginLifecycleKt                      : loaded 2 times (x 67B)
Class org.jetbrains.kotlin.gradle.plugin.diagnostics.checkers.WasmJsEnvironmentChecker$2: loaded 2 times (x 74B)
Class org.jetbrains.kotlin.gradle.plugin.mpp.AbstractKotlinTarget                     : loaded 2 times (x 146B)
Class org.jetbrains.kotlin.gradle.internal.properties.NativePropertiesLoader$kotlinNativeVersion$1: loaded 2 times (x 71B)
Class org.jetbrains.kotlin.gradle.plugin.VariantImplementationFactoriesConfigurator$Inject: loaded 2 times (x 92B)
Class org.jetbrains.kotlin.gradle.dsl.KotlinSingleTargetExtension                     : loaded 2 times (x 120B)
Class com.google.common.collect.Sets$4                                                : loaded 2 times (x 135B)
Class org.objectweb.asm.ModuleVisitor                                                 : loaded 2 times (x 77B)
Class com.google.common.cache.LocalCache$Strength$1                                   : loaded 2 times (x 77B)
Class build_ob770vx9cue1z67p2gxxxe49                                                  : loaded 2 times (x 176B)
Class org.apache.commons.io.file.Counters$Counter                                     : loaded 2 times (x 66B)
Class org.jetbrains.kotlin.gradle.tasks.configuration.BaseKotlinCompileConfig$2$1$1$2 : loaded 2 times (x 70B)
Class org.jetbrains.kotlin.gradle.plugin.mpp.KotlinCompilationsKt$addSourcesToKotlinCompileTask$configureAction$2: loaded 2 times (x 75B)
Class org.apache.commons.io.output.QueueOutputStream                                  : loaded 2 times (x 83B)
Class org.jetbrains.kotlin.gradle.plugin.mpp.compilationImpl.KotlinCompilationTaskNamesContainer: loaded 2 times (x 68B)
Class org.jetbrains.kotlin.gradle.plugin.mpp.compilationImpl.factory.KotlinCompilationImplFactory$KotlinCompilerOptionsFactory: loaded 2 times (x 66B)
Class org.jetbrains.kotlin.gradle.internal.properties.PropertiesBuildServiceKt$propertyWithDeprecatedName$1: loaded 2 times (x 71B)
Class org.jetbrains.kotlin.gradle.targets.js.npm.NpmDependencyExtension               : loaded 2 times (x 66B)
Class org.jetbrains.kotlin.gradle.plugin.LanguageSettingsBuilder                      : loaded 2 times (x 66B)
Class org.jetbrains.kotlin.gradle.plugin.diagnostics.checkers.WasmWasiEnvironmentChecker: loaded 2 times (x 72B)
Class org.jetbrains.kotlin.gradle.plugin.diagnostics.checkers.WasmJsEnvironmentChecker$3: loaded 2 times (x 74B)
Class org.jetbrains.kotlin.gradle.targets.ConfigureBuildSideEffectKt                  : loaded 2 times (x 67B)
Class org.jetbrains.kotlin.gradle.plugin.BuildEventsListenerRegistryHolder$Companion  : loaded 2 times (x 67B)
Class [Lorg.jetbrains.kotlin.statistics.metrics.StringMetrics;                        : loaded 2 times (x 65B)
Class org.jetbrains.kotlin.gradle.internal.properties.PropertiesBuildService$Inject   : loaded 2 times (x 92B)
Class com.google.common.util.concurrent.SettableFuture                                : loaded 2 times (x 110B)
Class com.google.common.cache.LocalCache$Strength$2                                   : loaded 2 times (x 77B)
Class kotlin.collections.ArraysKt___ArraysJvmKt                                       : loaded 2 times (x 67B)
Class kotlin.collections.CollectionsKt__CollectionsKt                                 : loaded 2 times (x 67B)
Class kotlin.text.StringsKt__RegexExtensionsJVMKt                                     : loaded 2 times (x 67B)
Class build_70e5znhjr88nsvrlhqtbu0nh$_run_closure1                                    : loaded 2 times (x 135B)
Class com.google.common.collect.AllEqualOrdering                                      : loaded 2 times (x 110B)
Class com.google.common.collect.Interners$InternerImpl                                : loaded 2 times (x 71B)
Class com.google.common.collect.Interner                                              : loaded 2 times (x 66B)
Class com.google.common.collect.TransformedIterator                                   : loaded 2 times (x 76B)
Class com.google.common.base.Splitter$1                                               : loaded 2 times (x 73B)
Class com.google.common.io.ByteStreams                                                : loaded 2 times (x 67B)
Class org.jetbrains.kotlin.statistics.fileloggers.MetricsContainer$MetricDescriptor   : loaded 2 times (x 71B)
Class org.jetbrains.kotlin.gradle.tasks.KotlinJavaToolchain$JdkSetter                 : loaded 2 times (x 66B)
Class org.jetbrains.kotlin.gradle.plugin.KotlinPluginLifecycle$ProjectConfigurationResult$Success: loaded 2 times (x 67B)
Class org.jetbrains.kotlin.gradle.internal.StdlibDependencyManagementKt$configureStdlibVersionAlignment$1: loaded 2 times (x 71B)
Class org.jetbrains.kotlin.gradle.plugin.diagnostics.checkers.OverriddenKotlinNativeHomeChecker$allKonanMainSubdirectoriesExist$1$1: loaded 2 times (x 71B)
Class org.jetbrains.kotlin.gradle.dsl.PlatformSourceSetConventionsChecker$CheckedPlatformInfo: loaded 2 times (x 68B)
Class org.jetbrains.kotlin.gradle.plugin.diagnostics.checkers.WasmJsEnvironmentChecker$4: loaded 2 times (x 74B)
Class org.jetbrains.kotlin.gradle.plugin.mpp.KotlinUsages$KotlinCinteropDisambiguation: loaded 2 times (x 72B)
Class org.jetbrains.kotlin.gradle.plugin.KotlinPluginInMultipleProjectsHolder         : loaded 2 times (x 68B)
Class org.jetbrains.kotlin.gradle.report.BuildReportType$Companion                    : loaded 2 times (x 67B)
Class com.google.common.cache.LocalCache$Strength$3                                   : loaded 2 times (x 77B)
Class com.google.common.collect.MapDifference                                         : loaded 2 times (x 66B)
Class kotlin._Assertions                                                              : loaded 2 times (x 67B)
Class com.google.common.collect.MapMaker$Dummy                                        : loaded 2 times (x 75B)
Class org.jetbrains.kotlin.gradle.tasks.KotlinCompilerPluginData$InputsOutputsState   : loaded 2 times (x 68B)
Class org.jetbrains.kotlin.gradle.plugin.sources.FragmentConsistencyChecks$optInAnnotationsCheck$1: loaded 2 times (x 75B)
Class org.jetbrains.kotlin.gradle.plugin.mpp.AbstractKotlinCompilationToRunnableFiles : loaded 2 times (x 192B)
Class org.jetbrains.kotlin.gradle.artifacts.KotlinMetadataArtifactKt$KotlinMetadataArtifact$1: loaded 2 times (x 70B)
Class org.jetbrains.kotlin.gradle.plugin.mpp.KotlinUsages$KotlinMetadataCompatibility : loaded 2 times (x 72B)
Class [Lorg.jetbrains.kotlin.gradle.dsl.JvmTarget;                                    : loaded 2 times (x 65B)
Class org.jetbrains.kotlin.gradle.utils.ConfigurationsKt$maybeCreateResolvable$1      : loaded 2 times (x 74B)
Class org.jetbrains.kotlin.gradle.plugin.StatisticsBuildFlowManager$Companion         : loaded 2 times (x 67B)
Class org.jetbrains.kotlin.statistics.metrics.StringMetrics$Companion                 : loaded 2 times (x 67B)
Class org.jetbrains.kotlin.gradle.internal.properties.PropertiesBuildService$property$1$1: loaded 2 times (x 71B)
Class org.jetbrains.kotlin.tooling.core.Extras$Type                                   : loaded 2 times (x 68B)
Class org.objectweb.asm.FieldWriter                                                   : loaded 2 times (x 74B)
Class com.google.common.cache.CacheBuilder$NullListener                               : loaded 2 times (x 78B)
Class org.gradle.internal.classpath.TransformedClassPath                              : loaded 2 times (x 92B)
Class org.gradle.internal.classloader.InstrumentingClassLoader                        : loaded 2 times (x 66B)
Class jdk.internal.jrtfs.SystemImage$1                                                : loaded 2 times (x 74B)
Class kotlin.enums.EnumEntriesList                                                    : loaded 2 times (x 219B)
Class build_45r6e4dayx7duntkmz18qbny2                                                 : loaded 2 times (x 176B)
Class com.google.common.collect.ImmutableListMultimap                                 : loaded 2 times (x 172B)
Class org.apache.commons.io.filefilter.AbstractFileFilter                             : loaded 2 times (x 117B)
Class org.apache.commons.io.output.UnsynchronizedByteArrayOutputStream                : loaded 2 times (x 98B)
Class com.google.common.collect.ImmutableRangeSet$AsSet                               : loaded 2 times (x 296B)
Class org.jetbrains.kotlin.gradle.plugin.sources.FragmentConsistencyChecks$optInAnnotationsCheck$2: loaded 2 times (x 74B)
Class org.jetbrains.kotlin.gradle.targets.NativeForwardImplementationToApiElementsSideEffectKt$special$$inlined$KotlinTargetSideEffect$1: loaded 2 times (x 70B)
Class org.jetbrains.kotlin.gradle.plugin.BuildFinishedListenerService$Companion       : loaded 2 times (x 67B)
Class org.jetbrains.kotlin.gradle.plugin.BuildFinishedListenerService                 : loaded 2 times (x 76B)
Class com.google.common.cache.CacheLoader$FunctionToCacheLoader                       : loaded 2 times (x 71B)
Class com.google.common.collect.Iterators$ArrayItr                                    : loaded 2 times (x 93B)
Class com.google.common.collect.ImmutableCollection$Builder                           : loaded 2 times (x 72B)
Class jdk.internal.jrtfs.SystemImage$2                                                : loaded 2 times (x 72B)
Class kotlin.comparisons.ComparisonsKt___ComparisonsJvmKt                             : loaded 2 times (x 67B)
Class kotlin.collections.CollectionsKt__IteratorsJVMKt                                : loaded 2 times (x 67B)
Class com.google.common.collect.EmptyImmutableListMultimap                            : loaded 2 times (x 172B)
Class com.google.common.collect.BaseImmutableMultimap                                 : loaded 2 times (x 119B)
Class org.jetbrains.kotlin.gradle.tasks.AbstractKotlinCompileTool$sources$1           : loaded 2 times (x 75B)
Class org.apache.commons.io.output.ByteArrayOutputStream                              : loaded 2 times (x 98B)
Class org.jetbrains.kotlin.gradle.tasks.configuration.TaskConfigAction                : loaded 2 times (x 68B)
Class org.jetbrains.kotlin.gradle.plugin.diagnostics.checkers.OverriddenKotlinNativeHomeChecker$allKonanMainSubdirectoriesExist$1: loaded 2 times (x 71B)
Class org.jetbrains.kotlin.gradle.plugin.AbstractKotlinPlugin$Companion               : loaded 2 times (x 67B)
Class org.jetbrains.kotlin.gradle.plugin.KotlinSourceSetTree                          : loaded 2 times (x 68B)
Class org.jetbrains.kotlin.gradle.plugin.KotlinPluginLifecycle$Stage                  : loaded 2 times (x 75B)
Class org.jetbrains.kotlin.gradle.plugin.mpp.compilationImpl.KotlinCreateResourcesTaskSideEffectKt$KotlinCreateResourcesTaskSideEffect$1: loaded 2 times (x 70B)
Class org.jetbrains.kotlin.gradle.plugin.sources.KotlinSourceSetFactory               : loaded 2 times (x 76B)
Class org.jetbrains.kotlin.gradle.targets.native.toolchain.KotlinNativeBundleBuildService$Parameters_Decorated: loaded 2 times (x 139B)
Class org.jetbrains.kotlin.gradle.internal.ClassLoadersCachingBuildService$Companion  : loaded 2 times (x 67B)
Class com.google.common.base.Joiner                                                   : loaded 2 times (x 75B)
Class com.google.common.base.MoreObjects                                              : loaded 2 times (x 67B)
Class [Lorg.jetbrains.kotlin.com.intellij.openapi.diagnostic.LogLevel;                : loaded 2 times (x 65B)
Class com.google.common.base.PairwiseEquivalence                                      : loaded 2 times (x 79B)
Class [Lorg.jetbrains.kotlin.build.report.metrics.BuildAttribute;                     : loaded 2 times (x 65B)
Class org.jetbrains.kotlin.gradle.utils.ProviderApiUtilsKt$mapOrNull$1$1              : loaded 2 times (x 71B)
Class org.jetbrains.kotlin.gradle.plugin.hierarchy.KotlinSourceSetTreeClassifier$Default: loaded 2 times (x 67B)
Class org.jetbrains.kotlin.gradle.plugin.mpp.InternalKotlinCompilationKt              : loaded 2 times (x 67B)
Class org.jetbrains.kotlin.gradle.tasks.configuration.AbstractKotlinCompileConfig     : loaded 2 times (x 68B)
Class org.jetbrains.kotlin.gradle.plugin.mpp.compilationImpl.KotlinCompilationImpl$attributes$2: loaded 2 times (x 75B)
Class org.jetbrains.kotlin.gradle.plugin.diagnostics.checkers.OverriddenKotlinNativeHomeChecker$StdlibExistenceCheckerValueSource: loaded 2 times (x 74B)
Class org.jetbrains.kotlin.gradle.utils.IsolatedKotlinClasspathClassCastException     : loaded 2 times (x 78B)
Class com.google.common.collect.Platform                                              : loaded 2 times (x 67B)
Class [Lorg.objectweb.asm.Type;                                                       : loaded 2 times (x 65B)
Class com.google.common.collect.UnmodifiableIterator                                  : loaded 2 times (x 76B)
Class org.gradle.internal.service.ServiceLocator                                      : loaded 2 times (x 66B)
Class jdk.internal.jrtfs.JrtFileSystemProvider                                        : loaded 2 times (x 97B)
Class kotlin.Pair                                                                     : loaded 2 times (x 68B)
Class [Lkotlin.Function;                                                              : loaded 2 times (x 65B)
Class com.google.common.collect.ImmutableSortedMap$Builder                            : loaded 2 times (x 86B)
Class org.apache.commons.io.FileExistsException                                       : loaded 2 times (x 78B)
Class com.google.common.collect.HashBiMap$BiEntry                                     : loaded 2 times (x 79B)
Class org.jetbrains.kotlin.gradle.tasks.DefaultKotlinJavaToolchain$DefaultJavaToolchainSetter$useAsConvention$1: loaded 2 times (x 71B)
Class org.jetbrains.kotlin.gradle.plugin.KotlinCompilerArgumentsProducer$CreateCompilerArgumentsContext: loaded 2 times (x 66B)
Class org.jetbrains.kotlin.gradle.utils.GradleAttributesContainerUtilsKt$copyAttributeTo$1: loaded 2 times (x 75B)
Class org.jetbrains.kotlin.gradle.plugin.hierarchy.KotlinSourceSetTreeClassifierKt$classify$1: loaded 2 times (x 84B)
Class [Lorg.jetbrains.kotlin.konan.target.KonanTarget;                                : loaded 2 times (x 65B)
Class org.jetbrains.kotlin.gradle.plugin.diagnostics.checkers.WasmSourceSetsNotFoundChecker: loaded 2 times (x 70B)
Class org.jetbrains.kotlin.gradle.plugin.diagnostics.checkers.AndroidSourceSetLayoutV1SourceSetsNotFoundChecker$androidSourceSetRegex$2: loaded 2 times (x 74B)
Class org.jetbrains.kotlin.gradle.plugin.statistics.KotlinBuildStatsLoggerService$Companion: loaded 2 times (x 67B)
Class com.google.common.base.Ascii                                                    : loaded 2 times (x 67B)
Class com.google.common.collect.SingletonImmutableBiMap                               : loaded 2 times (x 139B)
Class com.google.common.cache.LocalCache$1                                            : loaded 2 times (x 85B)
Class com.google.common.collect.Iterators$SingletonIterator                           : loaded 2 times (x 77B)
Class com.google.common.collect.AbstractMapEntry                                      : loaded 2 times (x 77B)
Class kotlin.io.CloseableKt                                                           : loaded 2 times (x 67B)
Class kotlin.collections.CollectionsKt__MutableCollectionsKt                          : loaded 2 times (x 67B)
Class com.google.common.io.ByteSource$ByteArrayByteSource                             : loaded 2 times (x 81B)
Class org.apache.commons.io.function.IOSupplier                                       : loaded 2 times (x 66B)
Class com.google.common.collect.AbstractSetMultimap                                   : loaded 2 times (x 170B)
Class com.google.common.collect.MapMakerInternalMap$AbstractStrongKeyEntry            : loaded 2 times (x 76B)
Class org.jetbrains.kotlin.gradle.plugin.KotlinCompilationWithResources               : loaded 2 times (x 66B)
Class com.google.common.collect.Sets$ImprovedAbstractSet                              : loaded 2 times (x 131B)
Class com.google.common.collect.ImmutableList$Builder                                 : loaded 2 times (x 73B)
Class org.jetbrains.kotlin.gradle.plugin.KotlinTargetPreset                           : loaded 2 times (x 66B)
Class org.jetbrains.kotlin.gradle.plugin.diagnostics.checkers.KotlinTargetAlreadyDeclaredChecker: loaded 2 times (x 70B)
Class org.jetbrains.kotlin.gradle.plugin.mpp.compilationImpl.KotlinCompilationProcessorSideEffectKt: loaded 2 times (x 67B)
Class org.jetbrains.kotlin.gradle.utils.FileUtilsKt$localProperties$1                 : loaded 2 times (x 71B)
Class org.jetbrains.kotlin.gradle.dsl.HasConfigurableKotlinCompilerOptions            : loaded 2 times (x 66B)
Class com.google.common.collect.AbstractMultimap                                      : loaded 2 times (x 119B)
Class com.google.common.cache.LocalCache$2                                            : loaded 2 times (x 138B)
Class kotlin.io.TerminateException                                                    : loaded 2 times (x 78B)
Class kotlin.io.FilesKt__FilePathComponentsKt                                         : loaded 2 times (x 67B)
Class org.jetbrains.kotlin.gradle.tasks.configuration.AbstractKotlinCompileConfig$2$1 : loaded 2 times (x 75B)
Class org.jetbrains.kotlin.gradle.tasks.DefaultKotlinJavaToolchain_Decorated          : loaded 2 times (x 122B)
Class org.jetbrains.kotlin.gradle.plugin.statistics.KotlinProjectConfigurationMetrics : loaded 2 times (x 67B)
Class org.jetbrains.kotlin.gradle.plugin.KotlinCompilationInfo$TCS                    : loaded 2 times (x 85B)
Class com.google.common.collect.ImmutableRangeSet$1                                   : loaded 2 times (x 206B)
Class org.jetbrains.kotlin.gradle.plugin.mpp.HasBinaries                              : loaded 2 times (x 66B)
Class org.jetbrains.kotlin.gradle.dsl.KotlinCommonOptions                             : loaded 2 times (x 66B)
Class org.jetbrains.kotlin.gradle.plugin.mpp.compilationImpl.KotlinCreateSourcesJarTaskSideEffectKt: loaded 2 times (x 67B)
Class org.jetbrains.kotlin.gradle.dsl.KotlinJvmProjectExtension                       : loaded 2 times (x 143B)
Class org.jetbrains.kotlin.gradle.plugin.KotlinGradlePluginExtensionPointInternalKt   : loaded 2 times (x 67B)
Class org.jetbrains.kotlin.gradle.targets.native.toolchain.UsesKotlinNativeBundleBuildService: loaded 2 times (x 66B)
Class org.jetbrains.kotlin.gradle.plugin.KotlinCompilerArgumentsProducer              : loaded 2 times (x 66B)
Class org.jetbrains.kotlin.build.report.metrics.ValueType                             : loaded 2 times (x 75B)
Class com.google.common.collect.RegularImmutableAsList                                : loaded 2 times (x 213B)
Class build_7a0t8eh8ch6d1fpddf5v8a6bu$_run_closure1                                   : loaded 2 times (x 135B)
Class com.google.common.base.Optional                                                 : loaded 2 times (x 76B)
Class org.jetbrains.kotlin.build.report.metrics.BuildTimes$Companion                  : loaded 2 times (x 67B)
Class org.jetbrains.kotlin.gradle.tasks.configuration.BaseKotlinCompileConfig$1$classpathConfiguration$1: loaded 2 times (x 71B)
Class com.google.common.collect.Range                                                 : loaded 2 times (x 83B)
Class org.jetbrains.kotlin.gradle.targets.js.npm.NpmDependencyExtensionDelegate       : loaded 2 times (x 163B)
Class org.jetbrains.kotlin.gradle.plugin.sources.FragmentConsistencyChecker           : loaded 2 times (x 68B)
Class org.jetbrains.kotlin.gradle.dsl.DefaultToolchainSupport_Decorated               : loaded 2 times (x 120B)
Class org.jetbrains.kotlin.gradle.internal.properties.NativePropertiesLoader$jvmArgs$1: loaded 2 times (x 71B)
Class org.jetbrains.kotlin.gradle.report.BuildMetricsService$Companion                : loaded 2 times (x 67B)
Class org.jetbrains.kotlin.gradle.tasks.KotlinCompileTool                             : loaded 2 times (x 66B)
Class org.jetbrains.kotlin.gradle.plugin.VariantImplementationFactories$Parameters_Decorated: loaded 2 times (x 130B)
Class org.jetbrains.kotlin.gradle.plugin.PropertiesProvider$PropertyNames             : loaded 2 times (x 67B)
Class org.jetbrains.kotlin.gradle.utils.SingleAction$PerformedActions                 : loaded 2 times (x 68B)
Class org.jetbrains.kotlin.gradle.utils.GradleUtilsKt                                 : loaded 2 times (x 67B)
Class org.jetbrains.kotlin.gradle.plugin.HasProject                                   : loaded 2 times (x 66B)
Class com.google.common.util.concurrent.AbstractFuture$Trusted                        : loaded 2 times (x 66B)
Class com.google.common.collect.Iterators                                             : loaded 2 times (x 67B)
Class jdk.internal.jrtfs.JrtDirectoryStream$1                                         : loaded 2 times (x 79B)
Class jdk.internal.jimage.ImageLocation                                               : loaded 2 times (x 86B)
Class org.jetbrains.kotlin.gradle.plugin.KotlinGradleBuildServices$Inject             : loaded 2 times (x 96B)
Class com.google.common.collect.ExplicitOrdering                                      : loaded 2 times (x 111B)
Class com.google.common.io.ByteSink$AsCharSink                                        : loaded 2 times (x 76B)
Class org.jetbrains.kotlin.gradle.tasks.configuration.AbstractKotlinCompileConfig$2$3 : loaded 2 times (x 71B)
Class org.jetbrains.kotlin.gradle.tasks.configuration.BaseKotlinCompileConfig         : loaded 2 times (x 68B)
Class org.jetbrains.kotlin.gradle.plugin.mpp.compilationImpl.factory.KotlinCompilationImplFactory$KotlinCompilationTaskNamesContainerFactory: loaded 2 times (x 66B)
Class org.jetbrains.kotlin.gradle.internal.KotlinDependenciesManagementKt$CustomizeKotlinDependenciesSetupAction$1$coreLibrariesVersion$1: loaded 2 times (x 75B)
Class org.jetbrains.kotlin.gradle.plugin.diagnostics.checkers.CInteropInputChecker$runChecks$1: loaded 2 times (x 84B)
Class org.jetbrains.kotlin.gradle.ExperimentalKotlinGradlePluginApi                   : loaded 2 times (x 66B)
Class org.jetbrains.kotlin.gradle.internal.properties.NativePropertiesLoader          : loaded 2 times (x 81B)
Class org.jetbrains.kotlin.statistics.metrics.NumberAnonymizationPolicy$SAFE          : loaded 2 times (x 81B)
Class org.jetbrains.kotlin.gradle.plugin.statistics.BuildFusService                   : loaded 2 times (x 80B)
Class com.google.common.collect.Lists$StringAsImmutableList                           : loaded 2 times (x 203B)
Class com.google.common.util.concurrent.UncheckedExecutionException                   : loaded 2 times (x 78B)
Class build_9ikfdbhr5g6kwtfckd5y5wxqh$_run_closure1                                   : loaded 2 times (x 135B)
Class org.jetbrains.kotlin.gradle.tasks.configuration.AbstractKotlinCompileConfig$2$4 : loaded 2 times (x 71B)
Class org.jetbrains.kotlin.gradle.tasks.KotlinCompile$scriptSources$1                 : loaded 2 times (x 71B)
Class org.jetbrains.kotlin.build.report.metrics.BuildAttribute$Companion              : loaded 2 times (x 67B)
Class org.jetbrains.kotlin.gradle.plugin.diagnostics.checkers.CInteropInputChecker$runChecks$2: loaded 2 times (x 71B)
Class org.jetbrains.kotlin.gradle.tasks.configuration.KaptGenerateStubsConfig$Companion: loaded 2 times (x 67B)
Class org.jetbrains.kotlin.gradle.internal.KotlinTestDependencyManagementKt$maybeAddTestDependencyCapability$1: loaded 2 times (x 71B)
Class org.jetbrains.kotlin.gradle.plugin.diagnostics.CheckKotlinGradlePluginConfigurationErrorsKt: loaded 2 times (x 67B)
Class org.jetbrains.kotlin.gradle.targets.js.npm.NpmDependencyExtensionKt$AddNpmDependencyExtensionProjectSetupAction$1$WhenMappings: loaded 2 times (x 67B)
Class org.jetbrains.kotlin.gradle.plugin.mpp.KotlinJvmAndroidCompilation              : loaded 2 times (x 194B)
Class org.jetbrains.kotlin.gradle.targets.CreateDefaultCompilationsSideEffectKt$CreateDefaultCompilationsSideEffect$1: loaded 2 times (x 70B)
Class org.jetbrains.kotlin.gradle.targets.native.internal.AddKotlinPlatformIntegersSupportLibraryKt$AddKotlinPlatformIntegersSupportLibrary$1: loaded 2 times (x 91B)
Class org.jetbrains.kotlin.gradle.plugin.mpp.ApplyUserDefinedAttributesKt             : loaded 2 times (x 67B)
Class org.jetbrains.kotlin.gradle.utils.FutureImpl                                    : loaded 2 times (x 76B)
Class org.jetbrains.kotlin.gradle.internal.properties.NativePropertiesLoader$isToolchainEnabled$1: loaded 2 times (x 71B)
Class [Lorg.jetbrains.kotlin.statistics.metrics.NumericalMetrics;                     : loaded 2 times (x 65B)
Class org.gradle.internal.InternalTransformer                                         : loaded 2 times (x 66B)
Class jdk.internal.jimage.ImageBufferCache$1                                          : loaded 2 times (x 79B)
Class kotlin.collections.EmptyList                                                    : loaded 2 times (x 170B)
Class kotlin.collections.MapsKt__MapsJVMKt                                            : loaded 2 times (x 67B)
Class com.google.common.collect.HashMultimapGwtSerializationDependencies              : loaded 2 times (x 170B)
Class org.jetbrains.kotlin.gradle.tasks.CompileUsingKotlinDaemonWithNormalization     : loaded 2 times (x 66B)
Class org.jetbrains.kotlin.gradle.plugin.mpp.compilationImpl.factory.KotlinCompilationImplFactory$PostConfigure$Companion: loaded 2 times (x 67B)
Class com.google.common.collect.AbstractMapBasedMultimap$KeySet$1                     : loaded 2 times (x 78B)
Class org.jetbrains.kotlin.gradle.internal.KotlinDomApiDependencyManagementKt$configureKotlinDomApiDefaultDependency$1: loaded 2 times (x 75B)
Class org.jetbrains.kotlin.gradle.targets.js.npm.DefaultDevNpmDependencyExtension     : loaded 2 times (x 141B)
Class [Lorg.jetbrains.kotlin.gradle.plugin.HasKotlinDependencies;                     : loaded 2 times (x 65B)
Class org.jetbrains.kotlin.gradle.tasks.DefaultKotlinJavaToolchain$Companion$wireJvmTargetToToolchain$1: loaded 2 times (x 71B)
Class org.jetbrains.kotlin.gradle.plugin.diagnostics.checkers.JsLikeEnvironmentChecker: loaded 2 times (x 72B)
Class org.jetbrains.kotlin.gradle.plugin.KotlinPlatformType                           : loaded 2 times (x 78B)
Class org.jetbrains.kotlin.gradle.plugin.KotlinGradleBuildServices$Companion          : loaded 2 times (x 67B)
Class org.jetbrains.kotlin.gradle.internal.properties.PropertiesBuildServiceKt        : loaded 2 times (x 67B)
Class org.objectweb.asm.ClassWriter                                                   : loaded 2 times (x 102B)
Class com.google.common.base.CharMatcher$And                                          : loaded 2 times (x 108B)
Class com.google.common.cache.CacheLoader$UnsupportedLoadingOperationException        : loaded 2 times (x 78B)
Class org.gradle.internal.classloader.ClasspathUtil$1                                 : loaded 2 times (x 72B)
Class jdk.internal.jimage.ImageBufferCache$2                                          : loaded 2 times (x 87B)
Class build_2qfg0bv9yjfecrsla8c8w87wx$_run_closure1                                   : loaded 2 times (x 135B)
Class com.google.common.collect.FluentIterable$1                                      : loaded 2 times (x 77B)
Class com.google.common.base.Objects                                                  : loaded 2 times (x 67B)
Class com.google.common.collect.AbstractMapBasedMultimap$Itr                          : loaded 2 times (x 79B)
Class org.jetbrains.kotlin.gradle.plugin.diagnostics.ToolingDiagnosticRenderingOptions$Companion: loaded 2 times (x 67B)
Class org.jetbrains.kotlin.gradle.dsl.KotlinJvmCompilerOptionsHelper                  : loaded 2 times (x 67B)
Class org.jetbrains.kotlin.gradle.tasks.DefaultKotlinJavaToolchain$Companion$wireJvmTargetToToolchain$2: loaded 2 times (x 71B)
Class org.jetbrains.kotlin.gradle.plugin.ProjectLocalConfigurations$ProjectLocalDisambiguation: loaded 2 times (x 72B)
Class org.jetbrains.kotlin.gradle.plugin.mpp.apple.swiftexport.internal.SwiftExportInitKt: loaded 2 times (x 67B)
Class org.jetbrains.kotlin.gradle.internal.properties.PropertiesBuildService$NullableStringGradleProperty: loaded 2 times (x 72B)
Class org.jetbrains.kotlin.gradle.plugin.KotlinGradleBuildServices$detectKotlinPluginLoadedInMultipleProjects$onRegister$1$1: loaded 2 times (x 71B)
Class org.jetbrains.kotlin.gradle.plugin.internal.ConfigurationCacheStartParameterAccessor$Factory: loaded 2 times (x 66B)
Class org.objectweb.asm.FieldVisitor                                                  : loaded 2 times (x 73B)
Class com.google.common.collect.IndexedImmutableSet                                   : loaded 2 times (x 148B)
Class com.google.common.collect.ImmutableMap$1                                        : loaded 2 times (x 77B)
Class com.google.common.collect.BiMap                                                 : loaded 2 times (x 66B)
Class org.gradle.api.internal.classpath.DefaultModuleRegistry$DefaultModule           : loaded 2 times (x 82B)
Class org.jetbrains.kotlin.buildtools.api.KotlinLogger                                : loaded 2 times (x 66B)
Class org.jetbrains.kotlin.gradle.internal.transforms.BuildToolsApiClasspathEntrySnapshotTransform$Parameters$Inject: loaded 2 times (x 115B)
Class com.google.common.collect.NullsFirstOrdering                                    : loaded 2 times (x 111B)
Class com.google.common.base.Absent                                                   : loaded 2 times (x 76B)
Class com.google.common.collect.FluentIterable$2                                      : loaded 2 times (x 77B)
Class org.jetbrains.kotlin.gradle.plugin.statistics.BuildFinishMetrics$reportGlobalMetrics$1: loaded 2 times (x 75B)
Class org.jetbrains.kotlin.gradle.plugin.diagnostics.CheckKotlinGradlePluginConfigurationErrors_Decorated: loaded 2 times (x 365B)
Class org.jetbrains.kotlin.gradle.plugin.mpp.compilationImpl.KotlinCompilationSourceSetInclusion$DefaultAddSourcesToCompileTask$addSources$1: loaded 2 times (x 75B)
Class org.jetbrains.kotlin.gradle.plugin.diagnostics.checkers.WasmSourceSetsNotFoundChecker$wasmSourceSetRegex$2: loaded 2 times (x 74B)
Class org.jetbrains.kotlin.gradle.plugin.mpp.compilationImpl.KotlinCompilationSideEffect: loaded 2 times (x 66B)
Class org.jetbrains.kotlin.gradle.plugin.KotlinGradlePluginExtensionPoint             : loaded 2 times (x 66B)
Class org.jetbrains.kotlin.tooling.core.ExtrasUtilsKt                                 : loaded 2 times (x 67B)
Class org.jetbrains.kotlin.buildtools.api.ExperimentalBuildToolsApi                   : loaded 2 times (x 66B)
Class org.jetbrains.kotlin.gradle.utils.ResourceUtilsKt                               : loaded 2 times (x 67B)
Class org.jetbrains.kotlin.gradle.plugin.KotlinPluginWrapperKt$kotlinPluginVersionFromResources$1: loaded 2 times (x 74B)
Class com.google.common.primitives.Ints                                               : loaded 2 times (x 67B)
Class com.google.common.collect.AbstractIterator                                      : loaded 2 times (x 78B)
Class kotlin.collections.ArraysKt__ArraysKt                                           : loaded 2 times (x 67B)
Class com.google.common.collect.FluentIterable$3                                      : loaded 2 times (x 77B)
Class org.apache.commons.io.file.CountingPathVisitor                                  : loaded 2 times (x 87B)
Class org.jetbrains.kotlin.gradle.tasks.UsesKotlinJavaToolchain$DefaultImpls          : loaded 2 times (x 67B)
Class org.jetbrains.kotlin.build.report.metrics.BuildAttributeKind$Companion          : loaded 2 times (x 67B)
Class org.jetbrains.kotlin.gradle.plugin.mpp.KotlinTargetSoftwareComponentImplKt$KotlinTargetSoftwareComponent$1$1$1: loaded 2 times (x 71B)
Class org.jetbrains.kotlin.gradle.tasks.configuration.KaptGenerateStubsConfig$Companion$configureLibraries$1: loaded 2 times (x 75B)
Class org.jetbrains.kotlin.gradle.plugin.mpp.compilationImpl.KotlinCompilationSourceSetInclusion$DefaultAddSourcesToCompileTask$addSources$2: loaded 2 times (x 75B)
Class org.jetbrains.kotlin.gradle.tasks.AbstractKotlinCompile                         : loaded 2 times (x 455B)
Class org.jetbrains.kotlin.gradle.plugin.KotlinCompilationOutput                      : loaded 2 times (x 66B)
Class org.jetbrains.kotlin.gradle.plugin.diagnostics.CheckKotlinGradlePluginConfigurationErrorsKt$addDependsOnFromTasksThatShouldFailWhenErrorsReported$1: loaded 2 times (x 71B)
Class org.jetbrains.kotlin.konan.target.KonanTarget$TVOS_X64                          : loaded 2 times (x 74B)
Class org.jetbrains.kotlin.gradle.plugin.diagnostics.KotlinToolingDiagnosticsSetupActionKt: loaded 2 times (x 67B)
Class org.jetbrains.kotlin.gradle.plugin.KotlinGradleBuildServices$Parameters$Inject  : loaded 2 times (x 102B)
Class org.jetbrains.kotlin.gradle.plugin.KotlinPluginWrapperKt$kotlinPluginVersionFromResources$1$1: loaded 2 times (x 67B)
Class com.google.common.collect.ObjectArrays                                          : loaded 2 times (x 67B)
Class com.google.common.collect.Multiset                                              : loaded 2 times (x 66B)
Class com.google.common.collect.ArrayListMultimapGwtSerializationDependencies         : loaded 2 times (x 168B)
Class com.google.common.collect.AbstractIndexedListIterator                           : loaded 2 times (x 92B)
Class com.google.common.math.MathPreconditions                                        : loaded 2 times (x 67B)
Class kotlin.collections.SetsKt__SetsJVMKt                                            : loaded 2 times (x 67B)
Class kotlin.Function                                                                 : loaded 2 times (x 66B)
Class org.apache.commons.io.output.NullOutputStream                                   : loaded 2 times (x 81B)
Class org.jetbrains.kotlin.tooling.core.Extras$Entry                                  : loaded 2 times (x 68B)
Class org.jetbrains.kotlin.gradle.plugin.sources.InternalKotlinSourceSetKt            : loaded 2 times (x 67B)
Class org.jetbrains.kotlin.gradle.internal.Kapt3GradleSubplugin$Kapt3SubpluginContext : loaded 2 times (x 68B)
Class org.jetbrains.kotlin.gradle.artifacts.KotlinTargetArtifact                      : loaded 2 times (x 66B)
Class org.jetbrains.kotlin.gradle.dsl.KotlinJvmCompilerOptionsDefault_Decorated       : loaded 2 times (x 167B)
Class org.jetbrains.kotlin.gradle.plugin.HasKotlinDependencies                        : loaded 2 times (x 66B)
Class org.jetbrains.kotlin.gradle.targets.native.toolchain.KotlinNativeBundleBuildService$Companion: loaded 2 times (x 67B)
Class org.jetbrains.kotlin.gradle.plugin.BuildEventsListenerRegistryHolder_Decorated  : loaded 2 times (x 115B)
Class org.jetbrains.kotlin.gradle.plugin.statistics.MetricContainer                   : loaded 2 times (x 68B)
Class org.jetbrains.kotlin.gradle.plugin.statistics.old.Pre232IdeaKotlinBuildStatsMXBean: loaded 2 times (x 66B)
Class org.jetbrains.kotlin.gradle.plugin.statistics.KotlinBuildStatsServicesRegistry  : loaded 2 times (x 74B)
Class org.jetbrains.kotlin.gradle.plugin.VariantImplementationFactoriesConfigurator   : loaded 2 times (x 72B)
Class com.google.common.collect.ImmutableMapEntrySet                                  : loaded 2 times (x 148B)
Class org.gradle.api.internal.classpath.Module                                        : loaded 2 times (x 66B)
Class kotlin.io.FileAlreadyExistsException                                            : loaded 2 times (x 78B)
Class build_63xdntbx9kfpcid0995hlgqfy                                                 : loaded 2 times (x 177B)
Class org.jetbrains.kotlin.gradle.tasks.DefaultKotlinJavaToolchain$getToolsJarFromJvm$1$1: loaded 2 times (x 75B)
Class org.jetbrains.kotlin.gradle.tasks.KotlinCompile$ClasspathSnapshotProperties_Decorated: loaded 2 times (x 133B)
Class org.jetbrains.kotlin.gradle.internal.transforms.BuildToolsApiClasspathEntrySnapshotTransform$Parameters_Decorated: loaded 2 times (x 153B)
Class org.jetbrains.kotlin.gradle.plugin.mpp.compilationImpl.KotlinCompilationSourceSetInclusion$Companion$includedSourceSets$2: loaded 2 times (x 74B)
Class org.jetbrains.kotlin.gradle.plugin.diagnostics.KotlinToolingDiagnosticsSetupActionKt$KotlinToolingDiagnosticsSetupAction$1$1: loaded 2 times (x 71B)
Class org.jetbrains.kotlin.gradle.targets.js.npm.NpmDirectoryDependencyWithExternalsExtension: loaded 2 times (x 66B)
Class org.jetbrains.kotlin.gradle.plugin.KotlinProjectSetupAction                     : loaded 2 times (x 66B)
Class org.jetbrains.kotlin.gradle.plugin.KotlinGradleFinishBuildHandler$Companion     : loaded 2 times (x 67B)
Class com.google.common.cache.Weigher                                                 : loaded 2 times (x 66B)
Class org.gradle.api.internal.classpath.UnknownModuleException                        : loaded 2 times (x 78B)
Class jdk.internal.jimage.ImageHeader                                                 : loaded 2 times (x 67B)
Class org.apache.commons.io.file.Counters$PathCounters                                : loaded 2 times (x 66B)
Class org.jetbrains.kotlin.gradle.plugin.mpp.InternalKotlinTargetComponentKt          : loaded 2 times (x 67B)
Class org.jetbrains.kotlin.gradle.plugin.mpp.InternalKotlinTarget$DefaultImpls        : loaded 2 times (x 67B)
Class org.jetbrains.kotlin.gradle.plugin.KotlinPluginLifecycleImpl$executeCurrentStageAndScheduleNext$3: loaded 2 times (x 71B)
Class org.jetbrains.kotlin.gradle.plugin.mpp.compilationImpl.KotlinCompilationRegisterInSourceSetsConfigurator$configure$1: loaded 2 times (x 75B)
Class org.jetbrains.kotlin.gradle.plugin.diagnostics.KotlinToolingDiagnosticsSetupActionKt$KotlinToolingDiagnosticsSetupAction$1$2: loaded 2 times (x 91B)
Class org.jetbrains.kotlin.gradle.targets.js.npm.NpmDependencyWithExternalsExtension  : loaded 2 times (x 66B)
Class org.jetbrains.kotlin.gradle.plugin.mpp.KotlinUsageContext                       : loaded 2 times (x 66B)
Class org.jetbrains.kotlin.gradle.plugin.KotlinTargetsContainer                       : loaded 2 times (x 66B)
Class org.jetbrains.kotlin.compilerRunner.GradleCliCommonizerKt                       : loaded 2 times (x 67B)
Class org.jetbrains.kotlin.gradle.utils.ConfigurationsKt                              : loaded 2 times (x 67B)
Class org.jetbrains.kotlin.gradle.plugin.StatisticsBuildFlowManager                   : loaded 2 times (x 68B)
Class org.jetbrains.kotlin.gradle.plugin.statistics.BuildFusService$Parameters        : loaded 2 times (x 66B)
Class org.jetbrains.kotlin.gradle.plugin.PluginWrappersKt                             : loaded 2 times (x 67B)
Class com.google.common.base.Stopwatch                                                : loaded 2 times (x 68B)
Class com.google.common.cache.LocalCache$Strength                                     : loaded 2 times (x 77B)
Class com.google.common.cache.Cache                                                   : loaded 2 times (x 66B)
Class com.google.gson.stream.JsonReader$1                                             : loaded 2 times (x 68B)
Class org.jetbrains.kotlin.gradle.utils.Completable$await$1                           : loaded 2 times (x 84B)
Class com.google.common.io.AppendableWriter                                           : loaded 2 times (x 96B)
Class org.apache.commons.io.filefilter.IOFileFilter                                   : loaded 2 times (x 66B)
Class com.google.common.base.NullnessCasts                                            : loaded 2 times (x 67B)
Class org.jetbrains.kotlin.gradle.plugin.mpp.InternalKotlinTargetKt                   : loaded 2 times (x 67B)
Class com.google.common.collect.AbstractMultimap$Entries                              : loaded 2 times (x 116B)
Class org.jetbrains.kotlin.gradle.plugin.diagnostics.KotlinToolingDiagnosticsSetupActionKt$KotlinToolingDiagnosticsSetupAction$1$3: loaded 2 times (x 71B)
Class org.jetbrains.kotlin.gradle.targets.js.dsl.KotlinTargetWithNodeJsDsl            : loaded 2 times (x 66B)
Class org.jetbrains.kotlin.gradle.plugin.sources.DefaultKotlinSourceSetKt$defaultSourceSetLanguageSettingsChecker$1: loaded 2 times (x 74B)
Class org.jetbrains.kotlin.gradle.plugin.sources.InternalKotlinSourceSet              : loaded 2 times (x 66B)
Class org.jetbrains.kotlin.gradle.plugin.KotlinJvmPlugin                              : loaded 2 times (x 75B)
Class org.jetbrains.kotlin.gradle.plugin.mpp.SyncLanguageSettingsWithKotlinExtensionSetupActionKt$SyncLanguageSettingsWithKotlinExtensionSetupAction$1: loaded 2 times (x 91B)
Class org.jetbrains.kotlin.gradle.dsl.KotlinGradlePluginPublicDsl                     : loaded 2 times (x 66B)
Class org.jetbrains.kotlin.gradle.internal.properties.NativeProperties                : loaded 2 times (x 66B)
Class org.jetbrains.kotlin.statistics.BuildSessionLogger                              : loaded 2 times (x 73B)
Class org.jetbrains.kotlin.gradle.plugin.internal.ConfigurationCacheStartParameterAccessor: loaded 2 times (x 66B)
Class com.google.common.util.concurrent.AbstractFuture$Cancellation                   : loaded 2 times (x 68B)
Class com.google.common.collect.ImmutableMap$Builder                                  : loaded 2 times (x 78B)
Class kotlin.io.ByteStreamsKt                                                         : loaded 2 times (x 67B)
Class org.jetbrains.kotlin.compilerRunner.CompilerSystemPropertiesService$Companion   : loaded 2 times (x 67B)
Class com.google.common.collect.AbstractMapBasedMultimap$WrappedCollection$WrappedIterator: loaded 2 times (x 80B)
Class org.jetbrains.kotlin.gradle.utils.FutureKt$future$2$1                           : loaded 2 times (x 91B)
Class [Lorg.jetbrains.kotlin.gradle.plugin.statistics.plugins.ObservablePlugins;      : loaded 2 times (x 65B)
Class org.jetbrains.kotlin.gradle.plugin.internal.BuildIdService$Companion$registerIfAbsent$1$1: loaded 2 times (x 71B)
Class org.jetbrains.kotlin.konan.target.KonanTarget$IOS_ARM64                         : loaded 2 times (x 74B)
Class org.jetbrains.kotlin.gradle.targets.js.dsl.KotlinWasmTargetDsl                  : loaded 2 times (x 66B)
Class org.jetbrains.kotlin.gradle.plugin.diagnostics.checkers.DisabledCinteropCommonizationInHmppProjectChecker$runChecks$1: loaded 2 times (x 84B)
Class org.jetbrains.kotlin.gradle.plugin.sources.ConsistencyCheck                     : loaded 2 times (x 68B)
Class org.jetbrains.kotlin.gradle.plugin.sources.DefaultKotlinSourceSetKt$defaultSourceSetLanguageSettingsChecker$2: loaded 2 times (x 74B)
Class org.jetbrains.kotlin.gradle.dsl.KotlinCommonToolOptions                         : loaded 2 times (x 66B)
Class org.jetbrains.kotlin.gradle.plugin.AbstractKotlinPlugin                         : loaded 2 times (x 74B)
Class org.jetbrains.kotlin.gradle.tasks.DefaultKotlinJavaToolchain$Companion$wireJvmTargetToJvm$1: loaded 2 times (x 71B)
Class org.jetbrains.kotlin.gradle.plugin.diagnostics.checkers.ComposePluginSuggestApplyChecker: loaded 2 times (x 70B)
Class org.jetbrains.kotlin.gradle.dsl.KotlinMultiplatformExtension                    : loaded 2 times (x 603B)
Class com.google.common.cache.RemovalListener                                         : loaded 2 times (x 66B)
Class org.gradle.api.internal.DefaultClassPathRegistry                                : loaded 2 times (x 72B)
Class build_cea53nf7900pva0gt5w0rwapg$_run_closure1                                   : loaded 2 times (x 135B)
Class com.google.common.collect.ImmutableMultimap$Keys                                : loaded 2 times (x 162B)
Class org.apache.commons.io.file.DeleteOption                                         : loaded 2 times (x 66B)
Class org.jetbrains.kotlin.gradle.plugin.mpp.KotlinTargetSoftwareComponentImplKt$KotlinTargetSoftwareComponent$1$1$configuration$1: loaded 2 times (x 75B)
Class org.jetbrains.kotlin.gradle.targets.js.npm.DefaultPeerNpmDependencyExtension$delegate$1: loaded 2 times (x 163B)
Class org.jetbrains.kotlin.gradle.targets.js.npm.NpmDependency                        : loaded 2 times (x 93B)
Class org.jetbrains.kotlin.gradle.targets.js.npm.DefaultNpmDependencyExtension        : loaded 2 times (x 148B)
Class org.jetbrains.kotlin.gradle.targets.js.npm.NpmDependency$Scope                  : loaded 2 times (x 75B)
Class org.jetbrains.kotlin.gradle.plugin.sources.FragmentConsistencyChecks$unstableFeaturesCheck$1: loaded 2 times (x 75B)
Class org.jetbrains.kotlin.gradle.plugin.sources.DefaultKotlinSourceSet               : loaded 2 times (x 137B)
Class org.jetbrains.kotlin.gradle.plugin.diagnostics.checkers.AndroidSourceSetLayoutV1SourceSetsNotFoundChecker: loaded 2 times (x 70B)
Class org.jetbrains.kotlin.gradle.utils.ConfigurationsKt$sam$org_gradle_api_Action$0  : loaded 2 times (x 71B)
Class org.jetbrains.kotlin.gradle.plugin.VariantImplementationFactories$Parameters    : loaded 2 times (x 66B)
Class com.google.common.primitives.IntsMethodsForWeb                                  : loaded 2 times (x 67B)
Class com.google.common.collect.Multimap                                              : loaded 2 times (x 66B)
Class org.gradle.api.internal.ClassPathRegistry                                       : loaded 2 times (x 66B)
Class org.gradle.internal.classpath.DefaultClassPath$ImmutableUniqueList              : loaded 2 times (x 195B)
Class kotlin.text.StringsKt__StringsJVMKt                                             : loaded 2 times (x 67B)
Class com.google.common.collect.NullnessCasts                                         : loaded 2 times (x 67B)
Class com.google.common.collect.MapMakerInternalMap$Segment                           : loaded 2 times (x 138B)
Class org.jetbrains.kotlin.gradle.plugin.internal.state.TaskLoggers                   : loaded 2 times (x 67B)
Class com.google.common.base.ExtraObjectsMethodsForWeb                                : loaded 2 times (x 67B)
Class org.apache.commons.io.IOUtils                                                   : loaded 2 times (x 67B)
Class org.jetbrains.kotlin.gradle.plugin.KotlinCompilation$DefaultImpls               : loaded 2 times (x 67B)
Class org.jetbrains.kotlin.gradle.utils.ProviderApiUtilsKt$providerWithLazyConvention$1: loaded 2 times (x 70B)
Class org.jetbrains.kotlin.konan.target.KonanTarget$Companion$predefinedTargets$2     : loaded 2 times (x 74B)
Class org.jetbrains.kotlin.gradle.plugin.sources.FragmentConsistencyChecks$unstableFeaturesCheck$2: loaded 2 times (x 74B)
Class org.jetbrains.kotlin.gradle.plugin.KotlinPluginLifecycleImpl                    : loaded 2 times (x 76B)
Class org.jetbrains.kotlin.gradle.plugin.diagnostics.KotlinToolingDiagnostics$WasmWasiEnvironmentNotChosenExplicitly: loaded 2 times (x 69B)
Class org.jetbrains.kotlin.gradle.artifacts.KotlinNativeKlibArtifactKt$KotlinNativeKlibArtifact$1: loaded 2 times (x 70B)
Class org.jetbrains.kotlin.gradle.dsl.KotlinCommonCompilerOptionsDefault              : loaded 2 times (x 92B)
Class org.jetbrains.kotlin.gradle.dsl.KotlinCommonCompilerToolOptionsDefault          : loaded 2 times (x 80B)
Class org.jetbrains.kotlin.gradle.internal.properties.NativePropertiesLoader$isUseXcodeMessageStyleEnabled$1: loaded 2 times (x 71B)
Class org.jetbrains.kotlin.gradle.plugin.statistics.KotlinBuildStatisticsUtilsKt$collectGeneralConfigurationTimeMetrics$statisticOverhead$1$2: loaded 2 times (x 71B)
Class org.jetbrains.kotlin.gradle.plugin.StatisticsBuildFlowManager_Decorated         : loaded 2 times (x 115B)
Class org.jetbrains.kotlin.gradle.report.BuildReportMode$Companion                    : loaded 2 times (x 67B)
Class org.jetbrains.kotlin.gradle.plugin.VariantImplementationFactories$VariantImplementationFactory: loaded 2 times (x 66B)
Class kotlin.collections.SetsKt                                                       : loaded 2 times (x 67B)
Class kotlin.text.StringsKt__IndentKt                                                 : loaded 2 times (x 67B)
Class org.jetbrains.kotlin.statistics.AnonymizerUtilsKt                               : loaded 2 times (x 67B)
Class com.google.common.io.ByteSink                                                   : loaded 2 times (x 72B)
Class org.jetbrains.kotlin.gradle.utils.GradleAttributesContainerUtilsKt              : loaded 2 times (x 67B)
Class org.jetbrains.kotlin.gradle.plugin.mpp.ApplyUserDefinedAttributesKt$UserDefinedAttributesSetupAction$1$1: loaded 2 times (x 75B)
Class org.jetbrains.kotlin.compilerRunner.CompilerSystemPropertiesService             : loaded 2 times (x 76B)
Class org.jetbrains.kotlin.gradle.plugin.mpp.compilationImpl.KotlinCompilationImpl$1  : loaded 2 times (x 75B)
Class org.jetbrains.kotlin.gradle.targets.js.npm.SemVer$Companion                     : loaded 2 times (x 67B)
Class org.jetbrains.kotlin.konan.target.KonanTarget$LINUX_ARM64                       : loaded 2 times (x 74B)
Class org.jetbrains.kotlin.konan.target.KonanTarget$LINUX_X64                         : loaded 2 times (x 74B)
Class [Lorg.jetbrains.kotlin.konan.target.Architecture;                               : loaded 2 times (x 65B)
Class org.jetbrains.kotlin.gradle.targets.native.SetupEmbedAndSignAppleFrameworkTaskSideEffectKt$special$$inlined$KotlinTargetSideEffect$1: loaded 2 times (x 70B)
Class org.jetbrains.kotlin.gradle.plugin.mpp.KotlinUsages$KotlinCinteropCompatibility : loaded 2 times (x 73B)
Class org.jetbrains.kotlin.gradle.dsl.ExplicitApiMode                                 : loaded 2 times (x 75B)
Class org.jetbrains.kotlin.gradle.plugin.VariantImplementationFactories$Companion     : loaded 2 times (x 67B)
Class org.jetbrains.kotlin.gradle.plugin.internal.CustomPropertiesFileValueSource$Parameters_Decorated: loaded 2 times (x 130B)
Class org.jetbrains.kotlin.gradle.dsl.KotlinTopLevelExtensionConfig                   : loaded 2 times (x 66B)
Class com.google.common.cache.CacheBuilder                                            : loaded 2 times (x 68B)
Class com.google.common.collect.SingletonImmutableList                                : loaded 2 times (x 203B)
Class Settings_gradle$1                                                               : loaded 2 times (x 70B)
Class org.gradle.internal.classpath.ClassPath                                         : loaded 2 times (x 66B)
Class org.gradle.api.UncheckedIOException                                             : loaded 2 times (x 78B)
Class kotlin.sequences.SequencesKt__SequencesKt$asSequence$$inlined$Sequence$1        : loaded 2 times (x 71B)
Class com.google.common.collect.Interners$InternerBuilder                             : loaded 2 times (x 72B)
Class com.google.common.io.Files$FileByteSource                                       : loaded 2 times (x 81B)
Class org.jetbrains.kotlin.gradle.incremental.IncrementalModuleInfoProvider           : loaded 2 times (x 66B)
Class org.jetbrains.kotlin.gradle.plugin.mpp.compilationImpl.KotlinCompilationImpl$2  : loaded 2 times (x 75B)
Class com.google.common.base.JdkPattern                                               : loaded 2 times (x 71B)
Class org.jetbrains.kotlin.gradle.dsl.PlatformSourceSetConventionsChecker$runChecks$1 : loaded 2 times (x 84B)
Class org.jetbrains.kotlin.gradle.plugin.mpp.compilationImpl.KotlinCompilationProcessorSideEffectKt$KotlinCompilationProcessorSideEffect$1: loaded 2 times (x 70B)
Class org.jetbrains.kotlin.gradle.dsl.KotlinJvmCompilerOptionsDefault                 : loaded 2 times (x 104B)
Class org.jetbrains.kotlin.gradle.internal.UsesClassLoadersCachingBuildService        : loaded 2 times (x 66B)
Class com.google.common.collect.ImmutableList$ReverseImmutableList                    : loaded 2 times (x 205B)
Class org.jetbrains.kotlin.com.intellij.openapi.diagnostic.Logger                     : loaded 2 times (x 95B)
Class kotlin.collections.MapsKt__MapsKt                                               : loaded 2 times (x 67B)
Class com.google.common.io.CharStreams$NullWriter                                     : loaded 2 times (x 95B)
Class org.jetbrains.kotlin.compilerRunner.KotlinCompilerArgumentsLogLevel$Companion   : loaded 2 times (x 67B)
Class org.jetbrains.kotlin.gradle.plugin.DefaultKotlinBasePlugin$addKotlinCompilerConfiguration$3$1: loaded 2 times (x 75B)
Class org.jetbrains.kotlin.gradle.tasks.AbstractKotlinCompile$defaultKotlinJavaToolchain$1: loaded 2 times (x 74B)
Class org.jetbrains.kotlin.daemon.common.MultiModuleICSettings                        : loaded 2 times (x 68B)
Class org.jetbrains.kotlin.cli.common.arguments.Freezable                             : loaded 2 times (x 68B)
Class com.google.errorprone.annotations.DoNotMock                                     : loaded 2 times (x 66B)
Class org.jetbrains.kotlin.gradle.internal.transforms.BuildToolsApiClasspathEntrySnapshotTransform$Parameters: loaded 2 times (x 84B)
Class org.jetbrains.kotlin.gradle.plugin.KotlinCompilationInfoKt                      : loaded 2 times (x 67B)
Class org.jetbrains.kotlin.gradle.tasks.KotlinCompile                                 : loaded 2 times (x 500B)
Class org.jetbrains.kotlin.gradle.internal.StdlibDependencyManagementKt               : loaded 2 times (x 67B)
Class org.jetbrains.kotlin.gradle.dsl.PlatformSourceSetConventionsChecker$runChecks$2 : loaded 2 times (x 74B)
Class org.jetbrains.kotlin.konan.target.KonanTarget$MINGW_X64                         : loaded 2 times (x 74B)
Class org.jetbrains.kotlin.gradle.utils.ObservableSet                                 : loaded 2 times (x 66B)
Class org.jetbrains.kotlin.gradle.plugin.diagnostics.KotlinToolingDiagnosticsCollectorKt: loaded 2 times (x 67B)
Class org.jetbrains.kotlin.gradle.plugin.mpp.HierarchyAttributeContainer              : loaded 2 times (x 79B)
Class org.jetbrains.kotlin.gradle.tasks.UsesKotlinJavaToolchain                       : loaded 2 times (x 66B)
Class org.jetbrains.kotlin.gradle.plugin.DefaultKotlinBasePlugin$apply$1              : loaded 2 times (x 71B)
Class org.jetbrains.kotlin.statistics.metrics.StringOverridePolicy$OVERRIDE           : loaded 2 times (x 81B)
Class org.jetbrains.kotlin.gradle.internal.properties.PropertiesBuildService$Params_Decorated: loaded 2 times (x 130B)
Class org.objectweb.asm.SymbolTable$Entry                                             : loaded 2 times (x 70B)
Class com.google.gson.internal.JsonReaderInternalAccess                               : loaded 2 times (x 68B)
Class jdk.internal.jimage.ImageStringsReader                                          : loaded 2 times (x 76B)
Class build_d3na7nihphm6xir6jravcwcc6$_run_closure1                                   : loaded 2 times (x 135B)
Class Native_plugin_loader_gradle                                                     : loaded 2 times (x 126B)
Class org.jetbrains.kotlin.statistics.metrics.IMetricContainer                        : loaded 2 times (x 66B)
Class org.jetbrains.kotlin.gradle.plugin.mpp.KotlinTargetComponentWithCoordinatesAndPublication: loaded 2 times (x 66B)
Class org.jetbrains.kotlin.gradle.incremental.UsesIncrementalModuleInfoBuildService   : loaded 2 times (x 66B)
Class org.jetbrains.kotlin.konan.target.KonanTarget$ANDROID_X86                       : loaded 2 times (x 74B)
Class org.jetbrains.kotlin.gradle.dsl.PlatformSourceSetConventionsChecker$runChecks$3 : loaded 2 times (x 74B)
Class org.jetbrains.kotlin.gradle.plugin.RegisterKotlinPluginExtensionsKt             : loaded 2 times (x 67B)
Class org.jetbrains.kotlin.gradle.utils.CompilerOptionsKt$configureExperimentalTryNext$1$1: loaded 2 times (x 74B)
Class org.jetbrains.kotlin.gradle.utils.CompilerOptionsKt                             : loaded 2 times (x 67B)
Class org.jetbrains.kotlin.gradle.plugin.PropertiesProvider$Companion                 : loaded 2 times (x 67B)
Class org.jetbrains.kotlin.gradle.utils.SingleAction                                  : loaded 2 times (x 69B)
Class org.objectweb.asm.Edge                                                          : loaded 2 times (x 68B)
Class com.google.common.base.Suppliers$SupplierOfInstance                             : loaded 2 times (x 75B)
Class com.google.common.collect.Iterators$1                                           : loaded 2 times (x 77B)
Class kotlin.UninitializedPropertyAccessException                                     : loaded 2 times (x 78B)
Class org.jetbrains.kotlin.gradle.tasks.KotlinCompile$defaultKotlinJavaToolchain$1    : loaded 2 times (x 75B)
Class org.jetbrains.kotlin.gradle.tasks.KotlinJavaToolchain$JavaToolchainSetter       : loaded 2 times (x 66B)
Class org.jetbrains.kotlin.tooling.core.ExtrasPropertyKt$extrasLazyProperty$1         : loaded 2 times (x 90B)
Class org.jetbrains.kotlin.gradle.dsl.PlatformSourceSetConventionsChecker$runChecks$4 : loaded 2 times (x 74B)
Class org.jetbrains.kotlin.gradle.plugin.diagnostics.checkers.JsLikeEnvironmentChecker$runChecks$1: loaded 2 times (x 84B)
Class org.jetbrains.kotlin.gradle.plugin.diagnostics.KotlinToolingDiagnostics$WasmJsEnvironmentNotChosenExplicitly: loaded 2 times (x 69B)
Class org.jetbrains.kotlin.gradle.plugin.diagnostics.UsesKotlinToolingDiagnostics     : loaded 2 times (x 66B)
Class org.jetbrains.kotlin.statistics.metrics.BooleanAnonymizationPolicy$SAFE         : loaded 2 times (x 81B)
Class com.google.common.cache.LocalCache$ComputingValueReference                      : loaded 2 times (x 92B)
Class com.google.common.collect.SingletonImmutableSet                                 : loaded 2 times (x 142B)
Class com.google.common.collect.ImmutableMap$IteratorBasedImmutableMap                : loaded 2 times (x 122B)
Class jdk.internal.jimage.ImageReader                                                 : loaded 2 times (x 71B)
Class build_abak67t5z1i68gsxl5phy4og3                                                 : loaded 2 times (x 176B)
Class build_1yho3g0i207qpypho861v0891$_run_closure1                                   : loaded 2 times (x 135B)
Class com.google.common.collect.AbstractMapBasedMultimap$AsMap$AsMapEntries           : loaded 2 times (x 134B)
Class org.jetbrains.kotlin.gradle.plugin.mpp.compilationImpl.DefaultKotlinCompilationSourceSetsContainer$allKotlinSourceSetsImpl$1$1: loaded 2 times (x 76B)
Class org.jetbrains.kotlin.gradle.plugin.mpp.compilationImpl.DefaultKotlinCompilationSourceSetsContainer: loaded 2 times (x 74B)
Class org.jetbrains.kotlin.konan.target.KonanTarget$TVOS_SIMULATOR_ARM64              : loaded 2 times (x 74B)
Class org.jetbrains.kotlin.konan.target.KonanTarget$Companion                         : loaded 2 times (x 67B)
Class org.jetbrains.kotlin.gradle.plugin.KotlinPluginLifecycle$Stage$Companion        : loaded 2 times (x 67B)
Class org.jetbrains.kotlin.gradle.plugin.diagnostics.checkers.DeprecatedKotlinNativeTargetsChecker: loaded 2 times (x 70B)
Class org.jetbrains.kotlin.gradle.targets.native.ConfigureFrameworkExportSideEffectKt$special$$inlined$KotlinTargetSideEffect$1: loaded 2 times (x 70B)
Class org.jetbrains.kotlin.tooling.core.AbstractExtras                                : loaded 2 times (x 137B)
Class com.google.common.cache.LocalCache$Segment                                      : loaded 2 times (x 150B)
Class jdk.internal.jimage.ImageReader$SharedImageReader                               : loaded 2 times (x 91B)
Class build_d3na7nihphm6xir6jravcwcc6                                                 : loaded 2 times (x 176B)
Class Native_plugin_loader_gradle$NativePluginLoader$Companion                        : loaded 2 times (x 67B)
Class [Lcom.google.common.base.Supplier;                                              : loaded 2 times (x 65B)
Class org.jetbrains.kotlin.gradle.plugin.statistics.KotlinBuildStatsLoggerService$initSessionLogger$1: loaded 2 times (x 75B)
Class org.jetbrains.kotlin.build.report.metrics.BuildTimes                            : loaded 2 times (x 68B)
Class org.jetbrains.kotlin.gradle.tasks.KotlinCompile$ClasspathSnapshotProperties     : loaded 2 times (x 71B)
Class org.jetbrains.kotlin.gradle.internal.StdlibDependencyManagementKt$addStdlibDependency$1$1: loaded 2 times (x 75B)
Class org.jetbrains.kotlin.gradle.tasks.configuration.BaseKotlinCompileConfig$2$1     : loaded 2 times (x 71B)
Class org.jetbrains.kotlin.gradle.plugin.diagnostics.TransformActionUsingKotlinToolingDiagnostics: loaded 2 times (x 66B)
Class com.google.common.collect.SortedIterable                                        : loaded 2 times (x 66B)
Class org.jetbrains.kotlin.gradle.dsl.PlatformSourceSetConventionsChecker$runChecks$6 : loaded 2 times (x 84B)
Class org.jetbrains.kotlin.gradle.plugin.sources.DefaultKotlinSourceSet_Decorated     : loaded 2 times (x 188B)
Class org.jetbrains.kotlin.gradle.plugin.mpp.KotlinCompilationsKt                     : loaded 2 times (x 67B)
Class org.jetbrains.kotlin.statistics.metrics.StringOverridePolicy                    : loaded 2 times (x 81B)
Class org.jetbrains.kotlin.gradle.plugin.statistics.DefaultKotlinBuildStatsBeanService: loaded 2 times (x 88B)
Class org.jetbrains.kotlin.gradle.utils.GradleUtilsKt$registerClassLoaderScopedBuildService$1: loaded 2 times (x 70B)
Class com.google.common.collect.AbstractListMultimap                                  : loaded 2 times (x 168B)
Class [Lorg.objectweb.asm.SymbolTable$Entry;                                          : loaded 2 times (x 65B)
Class com.google.common.cache.CacheLoader                                             : loaded 2 times (x 70B)
Class com.google.common.collect.Iterators$4                                           : loaded 2 times (x 78B)
Class com.google.common.collect.ImmutableBiMap                                        : loaded 2 times (x 139B)
Class org.gradle.internal.installation.GradleInstallation$1                           : loaded 2 times (x 71B)
Class org.gradle.api.internal.classpath.ModuleRegistry                                : loaded 2 times (x 66B)
Class org.jetbrains.kotlin.gradle.logging.GradleKotlinLogger                          : loaded 2 times (x 78B)
Class com.google.common.base.Splitter$SplittingIterator                               : loaded 2 times (x 80B)
Class org.jetbrains.kotlin.gradle.plugin.KotlinPluginLifecycle$ProjectConfigurationResult: loaded 2 times (x 67B)
Class org.apache.commons.io.output.NullWriter                                         : loaded 2 times (x 95B)
Class org.jetbrains.kotlin.gradle.internal.KotlinDependenciesManagementKt$configureDefaultVersionsResolutionStrategy$1: loaded 2 times (x 71B)
Class org.jetbrains.kotlin.gradle.internal.StdlibDependencyManagementKt$configureStdlibDefaultDependency$1: loaded 2 times (x 75B)
Class org.jetbrains.kotlin.gradle.model.builder.KotlinModelBuilder$Companion          : loaded 2 times (x 67B)
Class org.jetbrains.kotlin.gradle.plugin.mpp.compilationImpl.KotlinCreateResourcesTaskSideEffectKt: loaded 2 times (x 67B)
Class org.jetbrains.kotlin.gradle.targets.native.internal.SetupKotlinNativePlatformDependenciesAndStdlibKt: loaded 2 times (x 67B)
Class org.jetbrains.kotlin.gradle.plugin.mpp.KotlinUsages                             : loaded 2 times (x 67B)
Class org.jetbrains.kotlin.gradle.internal.properties.NativePropertiesLoader$Companion: loaded 2 times (x 67B)
Class [Lorg.jetbrains.kotlin.build.report.metrics.GradleBuildPerformanceMetric;       : loaded 2 times (x 65B)
Class org.jetbrains.kotlin.gradle.plugin.statistics.KotlinBuildStatsBeanService$Companion: loaded 2 times (x 67B)
Class org.jetbrains.kotlin.gradle.plugin.statistics.BuildFusService$Companion         : loaded 2 times (x 67B)
Class com.google.common.util.concurrent.internal.InternalFutureFailureAccess          : loaded 2 times (x 68B)
Class com.google.common.collect.Iterators$5                                           : loaded 2 times (x 78B)
Class com.google.common.collect.ImmutableSet$JdkBackedSetBuilderImpl                  : loaded 2 times (x 72B)
Class build_1yho3g0i207qpypho861v0891                                                 : loaded 2 times (x 176B)
Class com.google.common.collect.ImmutableSortedAsList                                 : loaded 2 times (x 217B)
Class com.google.common.collect.ImmutableMultimap$Values                              : loaded 2 times (x 122B)
Class com.google.common.collect.HashBiMap$Inverse                                     : loaded 2 times (x 138B)
Class org.jetbrains.kotlin.gradle.plugin.HasCompilerOptions                           : loaded 2 times (x 66B)
Class org.jetbrains.kotlin.gradle.plugin.mpp.compilationImpl.DefaultKotlinCompilationFriendPathsResolver$FriendArtifactResolver: loaded 2 times (x 66B)
Class org.jetbrains.kotlin.konan.target.KonanTarget$WATCHOS_SIMULATOR_ARM64           : loaded 2 times (x 74B)
Class org.jetbrains.kotlin.gradle.targets.js.ir.KotlinJsIrTarget                      : loaded 2 times (x 250B)
Class org.jetbrains.kotlin.gradle.plugin.mpp.DefaultKotlinUsageContext                : loaded 2 times (x 104B)
Class org.jetbrains.kotlin.gradle.plugin.KotlinPluginLifecycleImpl$start$3            : loaded 2 times (x 75B)
Class org.jetbrains.kotlin.gradle.plugin.KotlinMultiplatformPluginWrapper             : loaded 2 times (x 82B)
Class [Lorg.jetbrains.kotlin.statistics.metrics.BooleanMetrics;                       : loaded 2 times (x 65B)
Class org.jetbrains.kotlin.gradle.internal.properties.PropertiesBuildService$Companion: loaded 2 times (x 67B)
Class com.google.common.base.CharMatcher$ForPredicate                                 : loaded 2 times (x 108B)
Class com.google.common.cache.LocalCache$LocalManualCache$1                           : loaded 2 times (x 71B)
Class jdk.internal.jimage.ImageReader$Node                                            : loaded 2 times (x 80B)
Class kotlin.io.FilesKt__UtilsKt                                                      : loaded 2 times (x 67B)
Class kotlin.collections.CollectionsKt__CollectionsJVMKt                              : loaded 2 times (x 67B)
Class com.google.common.collect.ImmutableSortedMap$1EntrySet                          : loaded 2 times (x 151B)
Class org.jetbrains.kotlin.gradle.plugin.mpp.compilationImpl.KotlinCompilationConfigurationsContainer: loaded 2 times (x 66B)
Class org.jetbrains.kotlin.gradle.internal.StdlibDependencyManagementKt$addStdlibDependency$1: loaded 2 times (x 71B)
Class [Lorg.jetbrains.kotlin.gradle.plugin.KotlinPluginLifecycle$CoroutineStart;      : loaded 2 times (x 65B)
Class org.jetbrains.kotlin.gradle.dsl.IosSourceSetConventionChecker                   : loaded 2 times (x 70B)
Class org.jetbrains.kotlin.gradle.plugin.diagnostics.KotlinGradleProjectChecker       : loaded 2 times (x 66B)
Class org.jetbrains.kotlin.gradle.plugin.sources.KotlinSourceSetFactory$Companion     : loaded 2 times (x 67B)
Class org.jetbrains.kotlin.gradle.dsl.KotlinMultiplatformSourceSetConventions         : loaded 2 times (x 66B)
Class org.jetbrains.kotlin.statistics.metrics.NumberOverridePolicy$SUM                : loaded 2 times (x 81B)
Class com.google.common.base.CharMatcher$AnyOf                                        : loaded 2 times (x 108B)
Class com.google.common.collect.ImmutableCollection                                   : loaded 2 times (x 121B)
Class org.gradle.api.internal.classpath.DefaultModuleRegistry                         : loaded 2 times (x 82B)
Class jdk.internal.jimage.BasicImageReader$1                                          : loaded 2 times (x 73B)
Class kotlin.sequences.SequencesKt                                                    : loaded 2 times (x 67B)
Class kotlin.collections.CollectionsKt__IteratorsKt                                   : loaded 2 times (x 67B)
Class com.google.common.io.LineReader                                                 : loaded 2 times (x 68B)
Class org.jetbrains.kotlin.gradle.plugin.internal.state.TaskExecutionResults          : loaded 2 times (x 67B)
Class org.jetbrains.kotlin.compilerRunner.KotlinCompilerArgumentsLogLevel             : loaded 2 times (x 75B)
Class org.jetbrains.kotlin.gradle.plugin.mpp.compilationImpl.factory.CompositePostConfigure: loaded 2 times (x 71B)
Class org.jetbrains.kotlin.gradle.targets.native.internal.CInteropConfigurationsKt    : loaded 2 times (x 67B)
Class org.jetbrains.kotlin.gradle.plugin.statistics.BuildFusService$Parameters$Inject : loaded 2 times (x 108B)
Class org.jetbrains.kotlin.statistics.metrics.StatisticsValuesConsumer                : loaded 2 times (x 66B)
Class com.google.common.collect.Lists                                                 : loaded 2 times (x 67B)
Class com.google.common.util.concurrent.ListenableFuture                              : loaded 2 times (x 66B)
Class com.google.common.cache.ReferenceEntry                                          : loaded 2 times (x 66B)
Class com.google.common.base.Converter                                                : loaded 2 times (x 86B)
Class com.google.common.collect.ImmutableSet$CachingAsList                            : loaded 2 times (x 144B)
Class org.jetbrains.kotlin.com.intellij.openapi.diagnostic.Logger$DefaultFactory      : loaded 2 times (x 70B)
Class kotlin.text.StringsKt                                                           : loaded 2 times (x 67B)
Class org.jetbrains.kotlin.gradle.plugin.DefaultKotlinBasePlugin$addKotlinCompilerConfiguration$2$1$1$1: loaded 2 times (x 71B)
Class org.jetbrains.kotlin.gradle.tasks.KotlinCompilerExecutionStrategy$Companion     : loaded 2 times (x 67B)
Class org.jetbrains.kotlin.gradle.plugin.CompilerPluginConfig                         : loaded 2 times (x 68B)
Class org.jetbrains.kotlin.gradle.model.builder.KotlinModelBuilder                    : loaded 2 times (x 72B)
Class [Lorg.jetbrains.kotlin.tooling.core.HasMutableExtras;                           : loaded 2 times (x 65B)
Class org.jetbrains.kotlin.gradle.plugin.diagnostics.checkers.GradleDeprecatedPropertyChecker: loaded 2 times (x 70B)
Class org.jetbrains.kotlin.gradle.artifacts.KotlinJsKlibArtifactKt$KotlinJsKlibArtifact$1: loaded 2 times (x 70B)
Class org.jetbrains.kotlin.gradle.targets.CreateTargetConfigurationsSideEffectKt      : loaded 2 times (x 67B)
Class org.jetbrains.kotlin.gradle.plugin.mpp.ApplyUserDefinedAttributesKt$UserDefinedAttributesSetupAction$1: loaded 2 times (x 91B)
Class org.jetbrains.kotlin.gradle.plugin.mpp.KotlinAndroidTarget                      : loaded 2 times (x 155B)
Class org.jetbrains.kotlin.gradle.plugin.DefaultKotlinBasePlugin$addKotlinCompilerConfiguration$1: loaded 2 times (x 71B)
Class org.jetbrains.kotlin.gradle.plugin.statistics.NonSynchronizedMetricsContainer   : loaded 2 times (x 78B)
Class org.jetbrains.kotlin.gradle.plugin.internal.DefaultCompatibilityConventionRegistrar: loaded 2 times (x 70B)
Class org.jetbrains.kotlin.gradle.plugin.PropertiesProvider                           : loaded 2 times (x 69B)
Class com.google.common.collect.AbstractMapBasedMultimap                              : loaded 2 times (x 135B)
Class com.google.common.util.concurrent.AbstractFuture                                : loaded 2 times (x 102B)
Class com.google.common.base.FunctionalEquivalence                                    : loaded 2 times (x 79B)
Class com.google.common.collect.Iterators$9                                           : loaded 2 times (x 77B)
Class com.google.common.collect.ImmutableAsList                                       : loaded 2 times (x 205B)
Class kotlin.LazyKt__LazyJVMKt                                                        : loaded 2 times (x 67B)
Class com.google.common.io.CharStreams                                                : loaded 2 times (x 67B)
Class com.google.common.collect.ImmutableMultiset                                     : loaded 2 times (x 159B)
Class [Lorg.jetbrains.kotlin.gradle.dsl.jvm.JvmTargetValidationMode;                  : loaded 2 times (x 65B)
Class org.jetbrains.kotlin.gradle.tasks.DefaultKotlinJavaToolchain$javaVersion$1      : loaded 2 times (x 70B)
Class org.jetbrains.kotlin.gradle.plugin.mpp.MppSourcesJarKt$sourcesJarTask$1         : loaded 2 times (x 91B)
Class org.jetbrains.kotlin.gradle.plugin.mpp.compilationImpl.factory.KotlinCompilationImplFactory$KotlinCompilationOutputFactory: loaded 2 times (x 66B)
Class org.jetbrains.kotlin.konan.target.TargetSupportException                        : loaded 2 times (x 78B)
Class org.jetbrains.kotlin.gradle.plugin.KotlinCompilationToRunnableFiles             : loaded 2 times (x 66B)
Class org.jetbrains.kotlin.gradle.tooling.BuildKotlinToolingMetadataTaskKt            : loaded 2 times (x 67B)
Class org.jetbrains.kotlin.gradle.plugin.ProjectLocalConfigurations$setupAttributesMatchingStrategy$1$1: loaded 2 times (x 70B)
Class org.jetbrains.kotlin.gradle.targets.native.toolchain.KotlinNativeBundleBuildService$Companion$registerIfAbsent$2$1$1: loaded 2 times (x 71B)
Class org.jetbrains.kotlin.statistics.BuildSessionLogger$Companion                    : loaded 2 times (x 67B)
Class org.objectweb.asm.RecordComponentVisitor                                        : loaded 2 times (x 73B)
Class com.google.common.cache.CacheLoader$SupplierToCacheLoader                       : loaded 2 times (x 71B)
Class jdk.internal.jimage.decompressor.Decompressor                                   : loaded 2 times (x 68B)
Class jdk.internal.jimage.ImageReader$Resource                                        : loaded 2 times (x 80B)
Class kotlin.io.FilesKt__FileReadWriteKt                                              : loaded 2 times (x 67B)
Class kotlin.text.StringsKt__StringNumberConversionsKt                                : loaded 2 times (x 67B)
Class com.google.common.collect.UsingToStringOrdering                                 : loaded 2 times (x 110B)
Class org.jetbrains.kotlin.gradle.targets.js.npm.SemverKt                             : loaded 2 times (x 67B)
Class org.jetbrains.kotlin.gradle.internal.StdlibDependencyManagementKt$isStdlibAddedByUser$1: loaded 2 times (x 75B)
Class org.jetbrains.kotlin.gradle.plugin.mpp.KotlinCompilationsKt$sam$java_util_concurrent_Callable$0: loaded 2 times (x 71B)
Class org.jetbrains.kotlin.gradle.tasks.KotlinCompilerPluginData                      : loaded 2 times (x 68B)
Class org.jetbrains.kotlin.gradle.plugin.mpp.MppSourcesJarKt                          : loaded 2 times (x 67B)
Class org.jetbrains.kotlin.compilerRunner.CompilerSystemPropertiesService$Companion$registerIfAbsent$2$1$1: loaded 2 times (x 71B)
Class org.jetbrains.kotlin.gradle.plugin.KotlinCompilationInfo                        : loaded 2 times (x 84B)
Class org.jetbrains.kotlin.tooling.core.ExtrasPropertyKt                              : loaded 2 times (x 67B)
Class org.jetbrains.kotlin.gradle.tasks.BaseKotlinCompile                             : loaded 2 times (x 66B)
Class org.jetbrains.kotlin.gradle.plugin.internal.UsesBuildIdProviderService          : loaded 2 times (x 66B)
Class org.jetbrains.kotlin.gradle.plugin.mpp.compilationImpl.KotlinCompilationSourceSetInclusion$include$1: loaded 2 times (x 75B)
Class org.jetbrains.kotlin.gradle.plugin.mpp.compilationImpl.factory.KotlinCompilationImplFactory$KotlinCompilationDependencyConfigurationsFactory: loaded 2 times (x 66B)
Class org.jetbrains.kotlin.gradle.plugin.KotlinPluginLifecycleCoroutineContextElement$Key: loaded 2 times (x 67B)
Class org.jetbrains.kotlin.gradle.plugin.diagnostics.KotlinToolingDiagnosticsSetupActionKt$KotlinToolingDiagnosticsSetupAction$1: loaded 2 times (x 70B)
Class org.jetbrains.kotlin.gradle.dsl.KotlinProjectExtensionKt                        : loaded 2 times (x 67B)
Class org.jetbrains.kotlin.gradle.plugin.KotlinGradleBuildServices$Parameters_Decorated: loaded 2 times (x 130B)
Class org.jetbrains.kotlin.gradle.plugin.DefaultKotlinBasePlugin$addKotlinCompilerConfiguration$3: loaded 2 times (x 71B)
Class [Lorg.jetbrains.kotlin.statistics.metrics.IMetricContainerFactory;              : loaded 2 times (x 65B)
Class org.jetbrains.kotlin.gradle.internal.IdeaKt                                     : loaded 2 times (x 67B)
Class com.google.common.collect.Maps$EntryTransformer                                 : loaded 2 times (x 66B)
Class org.gradle.internal.service.ServiceLookupException                              : loaded 2 times (x 78B)
Class jdk.internal.jrtfs.JrtFileAttributes                                            : loaded 2 times (x 79B)
Class org.jetbrains.kotlin.com.intellij.openapi.diagnostic.LogLevel                   : loaded 2 times (x 75B)
Class org.jetbrains.kotlin.gradle.internal.StdlibDependencyManagementKt$isStdlibAddedByUser$2: loaded 2 times (x 74B)
Class org.jetbrains.kotlin.gradle.tasks.GradleCompileTaskProvider_Decorated           : loaded 2 times (x 117B)
Class org.jetbrains.kotlin.gradle.plugin.hierarchy.KotlinSourceSetTreeClassifierKt$sourceSetTreeClassifier$2: loaded 2 times (x 74B)
Class com.google.common.collect.Lists$ReverseList                                     : loaded 2 times (x 196B)
Class com.google.common.collect.ImmutableSortedSet                                    : loaded 2 times (x 296B)
Class org.jetbrains.kotlin.konan.target.HostManager                                   : loaded 2 times (x 68B)
Class org.jetbrains.kotlin.gradle.targets.js.npm.NpmDirectoryDependencyExtension      : loaded 2 times (x 66B)
Class org.jetbrains.kotlin.gradle.plugin.mpp.KotlinUsageContext$MavenScope            : loaded 2 times (x 75B)
Class org.jetbrains.kotlin.gradle.targets.native.KotilnNativeConfigureBinariesSideEffectKt$special$$inlined$KotlinTargetSideEffect$1: loaded 2 times (x 70B)
Class org.jetbrains.kotlin.gradle.plugin.KotlinProjectSetupAction$Companion           : loaded 2 times (x 67B)
Class [Lcom.google.common.cache.LocalCache$EntryFactory;                              : loaded 2 times (x 65B)
Class org.gradle.internal.classloader.ClassLoaderFactory                              : loaded 2 times (x 66B)
Class build_da0aqetems3lev8war4dlc4pf                                                 : loaded 2 times (x 176B)
Class org.apache.commons.io.function.IOBiFunction                                     : loaded 2 times (x 66B)
Class org.jetbrains.kotlin.gradle.tasks.DefaultKotlinJavaToolchain$currentJvmJdkToolsJar$1: loaded 2 times (x 70B)
Class org.jetbrains.kotlin.gradle.plugin.SubpluginEnvironment                         : loaded 2 times (x 68B)
Class org.apache.commons.io.CloseableURLConnection                                    : loaded 2 times (x 112B)
Class org.jetbrains.kotlin.gradle.internal.StdlibDependencyManagementKt$addStdlibDependency$1$1$1: loaded 2 times (x 71B)
Class com.google.common.base.CommonPattern                                            : loaded 2 times (x 70B)
Class org.jetbrains.kotlin.gradle.plugin.sources.AbstractKotlinSourceSet              : loaded 2 times (x 137B)
Class org.jetbrains.kotlin.gradle.tooling.BuildKotlinToolingMetadataTaskKt$RegisterBuildKotlinToolingMetadataTask$1: loaded 2 times (x 70B)
Class org.jetbrains.kotlin.compilerRunner.GradleCliCommonizerKt$maybeCreateCommonizerClasspathConfiguration$1$1: loaded 2 times (x 71B)
Class [Lorg.jetbrains.kotlin.build.report.metrics.ValueType;                          : loaded 2 times (x 65B)
Class com.google.common.base.CharMatcher$IsNot                                        : loaded 2 times (x 107B)
Class com.google.common.cache.LocalCache$LocalManualCache                             : loaded 2 times (x 95B)
Class org.gradle.internal.service.CachingServiceLocator                               : loaded 2 times (x 78B)
Class org.jetbrains.kotlin.gradle.dsl.jvm.JvmTargetValidationMode                     : loaded 2 times (x 75B)
Class org.jetbrains.kotlin.gradle.plugin.KotlinTargetConfiguratorKt$WhenMappings      : loaded 2 times (x 67B)
Class com.google.common.collect.AbstractMapBasedMultimap$KeySet                       : loaded 2 times (x 133B)
Class com.google.common.collect.RegularImmutableSortedSet                             : loaded 2 times (x 296B)
Class org.jetbrains.kotlin.gradle.internal.KotlinTestDependencyManagementKt$configureKotlinTestDependency$1: loaded 2 times (x 75B)
Class org.jetbrains.kotlin.gradle.plugin.diagnostics.checkers.OverriddenKotlinNativeHomeChecker$StdlibExistenceCheckerValueSource$Params_Decorated: loaded 2 times (x 130B)
Class org.jetbrains.kotlin.project.model.LanguageSettings                             : loaded 2 times (x 66B)
Class org.jetbrains.kotlin.gradle.plugin.KotlinPluginLifecycleKt$kotlinPluginLifecycle$2: loaded 2 times (x 74B)
Class org.jetbrains.kotlin.gradle.plugin.statistics.BuildFusService$Companion$registerIfAbsent$1$1: loaded 2 times (x 75B)
Class org.jetbrains.kotlin.gradle.plugin.internal.CompatibilityConventionRegistrar$Factory: loaded 2 times (x 66B)
Class com.google.common.math.IntMath                                                  : loaded 2 times (x 67B)
Class kotlin.text.StringsKt__StringsKt                                                : loaded 2 times (x 67B)
Class build_70e5znhjr88nsvrlhqtbu0nh                                                  : loaded 2 times (x 176B)
Class build_84g3hqh2g9imbpcolbudtfkn6$_run_closure1                                   : loaded 2 times (x 135B)
Class build_7a0t8eh8ch6d1fpddf5v8a6bu                                                 : loaded 2 times (x 177B)
Class org.jetbrains.kotlin.gradle.plugin.mpp.KotlinMetadataTarget                     : loaded 2 times (x 157B)
Class org.apache.commons.io.file.Counters$AbstractPathCounters                        : loaded 2 times (x 78B)
Class com.google.common.collect.MapMakerInternalMap$InternalEntry                     : loaded 2 times (x 66B)
Class [Lcom.google.common.collect.HashBiMap$BiEntry;                                  : loaded 2 times (x 65B)
Class org.jetbrains.kotlin.gradle.plugin.mpp.InternalKotlinCompilation$DefaultImpls   : loaded 2 times (x 67B)
Class org.jetbrains.kotlin.gradle.plugin.mpp.compilationImpl.KotlinCompilationSourceSetInclusion$DefaultAddSourcesToCompileTask: loaded 2 times (x 70B)
Class org.jetbrains.kotlin.gradle.internal.KotlinTestDependencyManagementKt$configureKotlinTestDependency$2: loaded 2 times (x 71B)
Class org.jetbrains.kotlin.gradle.dsl.PlatformSourceSetConventionsChecker$runChecks$$inlined$CheckedPlatformInfo$default$1: loaded 2 times (x 74B)
Class [Lorg.jetbrains.kotlin.gradle.plugin.KotlinPluginLifecycle$Stage;               : loaded 2 times (x 65B)
Class org.jetbrains.kotlin.gradle.artifacts.KotlinTargetArtifact$Companion            : loaded 2 times (x 67B)
Class org.jetbrains.kotlin.gradle.plugin.mpp.compilationImpl.KotlinCreateLifecycleTasksSideEffectKt$KotlinCreateLifecycleTasksSideEffect$1: loaded 2 times (x 70B)
Class org.jetbrains.kotlin.gradle.dsl.KotlinGradlePluginDsl                           : loaded 2 times (x 66B)
Class org.jetbrains.kotlin.tooling.core.MutableExtras                                 : loaded 2 times (x 66B)
Class org.jetbrains.kotlin.gradle.plugin.KotlinGradleBuildServices$detectKotlinPluginLoadedInMultipleProjects$onRegister$1: loaded 2 times (x 75B)
Class org.objectweb.asm.commons.InstructionAdapter                                    : loaded 2 times (x 184B)
Class com.google.common.collect.ImmutableMapEntry                                     : loaded 2 times (x 81B)
Class kotlin.enums.EnumEntries                                                        : loaded 2 times (x 66B)
Class org.jetbrains.kotlin.build.report.metrics.DoNothingBuildMetricsReporter         : loaded 2 times (x 83B)
Class com.google.common.collect.ImmutableMultimap                                     : loaded 2 times (x 143B)
Class org.jetbrains.kotlin.gradle.plugin.diagnostics.CheckKotlinGradlePluginConfigurationErrorsKt$locateOrRegisterCheckKotlinGradlePluginErrorsTask$taskProvider$1$2: loaded 2 times (x 71B)
Class org.jetbrains.kotlin.gradle.tasks.CompileUsingKotlinDaemon                      : loaded 2 times (x 66B)
Class org.jetbrains.kotlin.gradle.plugin.mpp.KotlinWithJavaTarget                     : loaded 2 times (x 156B)
Class org.jetbrains.kotlin.gradle.utils.StoredPropertyKt$extrasStoredProperty$1       : loaded 2 times (x 74B)
Class org.jetbrains.kotlin.gradle.plugin.mpp.compilationImpl.KotlinCreateNativeCompileTasksSideEffectKt$special$$inlined$KotlinCompilationSideEffect$1: loaded 2 times (x 70B)
Class org.jetbrains.kotlin.gradle.targets.KotlinTargetSideEffect$Companion            : loaded 2 times (x 67B)
Class org.jetbrains.kotlin.gradle.dsl.KotlinSingleJavaTargetExtension                 : loaded 2 times (x 120B)
Class org.jetbrains.kotlin.gradle.plugin.KotlinPluginLifecycle$IllegalLifecycleException: loaded 2 times (x 78B)
Class org.jetbrains.kotlin.gradle.internal.properties.NativePropertiesLoader$userProvidedNativeHome$1: loaded 2 times (x 71B)
Class org.jetbrains.kotlin.gradle.plugin.KotlinGradleFinishBuildHandler               : loaded 2 times (x 68B)
Class [Lorg.jetbrains.kotlin.build.report.metrics.BuildPerformanceMetric;             : loaded 2 times (x 65B)
Class org.jetbrains.kotlin.statistics.metrics.StringOverridePolicy$CONCAT             : loaded 2 times (x 81B)
Class org.jetbrains.kotlin.gradle.dsl.KotlinTopLevelExtension                         : loaded 2 times (x 66B)
Class com.google.common.base.Equivalence                                              : loaded 2 times (x 78B)
Class com.google.common.base.Function                                                 : loaded 2 times (x 66B)
Class com.google.common.collect.ImmutableMapEntry$NonTerminalImmutableMapEntry        : loaded 2 times (x 81B)
Class build_an3weohrvo1yh68dfex3s8pg$_run_closure1$_closure3                          : loaded 2 times (x 135B)
Class org.apache.commons.io.output.AbstractByteArrayOutputStream                      : loaded 2 times (x 98B)
Class org.jetbrains.kotlin.gradle.plugin.ProjectLocalConfigurationsKt                 : loaded 2 times (x 67B)
Class org.jetbrains.kotlin.gradle.plugin.mpp.compilationImpl.factory.KotlinCompilationImplFactory: loaded 2 times (x 68B)
Class org.jetbrains.kotlin.gradle.internal.KotlinDomApiDependencyManagementKt$addKotlinDomApiDependency$1: loaded 2 times (x 71B)
Class org.jetbrains.kotlin.gradle.plugin.diagnostics.checkers.KotlinTargetAlreadyDeclaredChecker$runChecks$1: loaded 2 times (x 84B)
Class org.jetbrains.kotlin.gradle.plugin.mpp.KotlinTargetWithBinaries                 : loaded 2 times (x 153B)
Class [Lorg.jetbrains.kotlin.gradle.plugin.KotlinSourceSet;                           : loaded 2 times (x 65B)
Class org.jetbrains.kotlin.gradle.plugin.diagnostics.checkers.JsEnvironmentChecker$1  : loaded 2 times (x 74B)
Class org.jetbrains.kotlin.gradle.plugin.diagnostics.KotlinToolingDiagnostics$JsLikeEnvironmentNotChosenExplicitly: loaded 2 times (x 69B)
Class org.jetbrains.kotlin.gradle.utils.StoredLazyProperty$getValue$1                 : loaded 2 times (x 75B)
Class org.jetbrains.kotlin.statistics.metrics.IMetricContainerFactory                 : loaded 2 times (x 66B)
Class org.jetbrains.kotlin.statistics.MetricValueValidationFailed                     : loaded 2 times (x 78B)
Class org.jetbrains.kotlin.gradle.plugin.PropertiesProvider$localProperties$2         : loaded 2 times (x 75B)
Class com.google.common.collect.IndexedImmutableSet$1                                 : loaded 2 times (x 209B)
Class com.google.common.cache.CacheBuilder$OneWeigher                                 : loaded 2 times (x 78B)
Class com.google.common.collect.RegularImmutableList                                  : loaded 2 times (x 209B)
Class jdk.internal.jimage.ImageBufferCache                                            : loaded 2 times (x 67B)
Class jdk.internal.jrtfs.JrtPath                                                      : loaded 2 times (x 114B)
Class org.jetbrains.kotlin.com.intellij.openapi.diagnostic.Logger$Factory             : loaded 2 times (x 66B)
Class com.google.common.collect.ImmutableSortedMap                                    : loaded 2 times (x 213B)
Class org.jetbrains.kotlin.gradle.plugin.mpp.compilationImpl.DefaultKotlinCompilationFriendPathsResolver$resolveFriendPaths$1$1: loaded 2 times (x 75B)
Class org.jetbrains.kotlin.build.report.metrics.BuildMetricsReporterImpl              : loaded 2 times (x 96B)
Class org.jetbrains.kotlin.gradle.tasks.configuration.KaptGenerateStubsConfig         : loaded 2 times (x 68B)
Class org.jetbrains.kotlin.gradle.targets.js.npm.SemVer                               : loaded 2 times (x 71B)
Class org.jetbrains.kotlin.gradle.plugin.diagnostics.checkers.JsEnvironmentChecker$2  : loaded 2 times (x 74B)
Class org.jetbrains.kotlin.gradle.utils.WhenPluginEnabledKt$whenPluginsEnabled$1      : loaded 2 times (x 71B)
Class org.jetbrains.kotlin.gradle.tasks.AbstractKotlinCompileTool                     : loaded 2 times (x 362B)
Class [Lorg.jetbrains.kotlin.gradle.report.BuildReportType;                           : loaded 2 times (x 65B)
Class org.jetbrains.kotlin.gradle.plugin.statistics.KotlinBuildStatsConfiguration     : loaded 2 times (x 68B)
Class org.jetbrains.kotlin.gradle.internal.properties.PropertiesBuildService$localProperties$2: loaded 2 times (x 75B)
Class org.gradle.internal.classloader.ClasspathUtil                                   : loaded 2 times (x 67B)
Class kotlin.io.FileSystemException                                                   : loaded 2 times (x 78B)
Class org.jetbrains.kotlin.gradle.dsl.KotlinCompile                                   : loaded 2 times (x 66B)
Class org.jetbrains.kotlin.gradle.plugin.mpp.compilationImpl.DefaultKotlinCompilationFriendPathsResolver$DefaultFriendArtifactResolver: loaded 2 times (x 70B)
Class org.jetbrains.kotlin.gradle.plugin.diagnostics.checkers.InternalGradlePropertiesUsageChecker$runChecks$1: loaded 2 times (x 84B)
Class org.jetbrains.kotlin.gradle.utils.StringUtilsKt$lowerCamelCaseName$1            : loaded 2 times (x 121B)
Class org.jetbrains.kotlin.gradle.plugin.diagnostics.checkers.JsEnvironmentChecker$3  : loaded 2 times (x 74B)
Class org.jetbrains.kotlin.gradle.dsl.JvmTarget$Companion                             : loaded 2 times (x 67B)
Class org.jetbrains.kotlin.gradle.internal.properties.NativePropertiesLoader$downloadFromMaven$1: loaded 2 times (x 71B)
Class org.jetbrains.kotlin.gradle.plugin.internal.DefaultConfigurationCacheStartParameterAccessor_Decorated: loaded 2 times (x 121B)
Class org.jetbrains.kotlin.gradle.plugin.internal.DefaultConfigurationCacheStartParameterAccessor: loaded 2 times (x 73B)
Class org.jetbrains.kotlin.tooling.core.HasExtras                                     : loaded 2 times (x 66B)
Class com.google.common.util.concurrent.Uninterruptibles                              : loaded 2 times (x 67B)
Class com.google.common.io.CharSource                                                 : loaded 2 times (x 81B)
Class org.jetbrains.kotlin.statistics.metrics.ConcatMetricContainer$Companion         : loaded 2 times (x 67B)
Class com.google.common.collect.AbstractMapBasedMultimap$WrappedSet                   : loaded 2 times (x 138B)
Class org.jetbrains.kotlin.gradle.plugin.KotlinCompilationInfo$TCS$friendPaths$1      : loaded 2 times (x 75B)
Class org.jetbrains.kotlin.gradle.plugin.sources.DefaultLanguageSettingsBuilder$freeCompilerArgsProvider$1: loaded 2 times (x 91B)
Class org.jetbrains.kotlin.konan.target.HostManager$Companion                         : loaded 2 times (x 67B)
Class org.jetbrains.kotlin.gradle.targets.js.npm.DevNpmDependencyExtension            : loaded 2 times (x 66B)
Class org.jetbrains.kotlin.gradle.plugin.diagnostics.checkers.PreHmppDependenciesUsageChecker: loaded 2 times (x 70B)
Class org.jetbrains.kotlin.gradle.targets.CreateArtifactsSideEffectKt                 : loaded 2 times (x 67B)
Class org.jetbrains.kotlin.gradle.plugin.AbstractKotlinMultiplatformPluginWrapper     : loaded 2 times (x 82B)
Class org.jetbrains.kotlin.gradle.utils.GradleConfigurationUtilsKt$addGradlePluginMetadataAttributes$1: loaded 2 times (x 71B)
Class org.jetbrains.kotlin.gradle.plugin.internal.DefaultProjectIsolationStartParameterAccessor: loaded 2 times (x 73B)
Class com.google.common.util.concurrent.LazyLogger                                    : loaded 2 times (x 68B)
Class com.google.common.collect.Maps                                                  : loaded 2 times (x 67B)
Class org.gradle.api.specs.Spec                                                       : loaded 2 times (x 66B)
Class jdk.internal.jimage.ImageReader$SharedImageReader$LocationVisitor               : loaded 2 times (x 66B)
Class build_84g3hqh2g9imbpcolbudtfkn6$_run_closure1$_closure2                         : loaded 2 times (x 135B)
Class com.google.common.collect.MapMaker                                              : loaded 2 times (x 68B)
Class org.apache.commons.io.file.PathFilter                                           : loaded 2 times (x 66B)
Class org.jetbrains.kotlin.gradle.tasks.KotlinCompile$disableMultiModuleIC$2          : loaded 2 times (x 75B)
Class org.jetbrains.kotlin.gradle.tasks.GradleCompileTaskProviderKt                   : loaded 2 times (x 67B)
Class org.jetbrains.kotlin.gradle.plugin.SubpluginEnvironment$Companion               : loaded 2 times (x 67B)
Class org.jetbrains.kotlin.gradle.plugin.mpp.ApplyUserDefinedAttributesKt$UserDefinedAttributesSetupAction$1$1$3: loaded 2 times (x 71B)
Class org.jetbrains.kotlin.gradle.tasks.configuration.BaseKotlinCompileConfig$Companion: loaded 2 times (x 67B)
Class org.jetbrains.kotlin.gradle.plugin.mpp.compilationImpl.KotlinCompilationImpl$Params: loaded 2 times (x 68B)
Class org.jetbrains.kotlin.konan.target.UtilsKt                                       : loaded 2 times (x 67B)
Class org.jetbrains.kotlin.gradle.tooling.BuildKotlinToolingMetadataTask              : loaded 2 times (x 313B)
Class org.jetbrains.kotlin.gradle.plugin.internal.CompatibilityConventionRegistrarKt  : loaded 2 times (x 67B)
Class org.jetbrains.kotlin.gradle.artifacts.KotlinJvmJarArtifactKt                    : loaded 2 times (x 67B)
Class org.jetbrains.kotlin.gradle.plugin.mpp.compilationImpl.CreateCInteropTasksSideEffectKt$special$$inlined$KotlinCompilationSideEffect$1: loaded 2 times (x 70B)
Class org.jetbrains.kotlin.gradle.plugin.statistics.FinalizeConfigurationFusMetricActionKt: loaded 2 times (x 67B)
Class org.jetbrains.kotlin.gradle.targets.native.toolchain.KotlinNativeBundleBuildService$Companion$registerIfAbsent$2$1: loaded 2 times (x 75B)
Class org.jetbrains.kotlin.build.report.metrics.GradleBuildPerformanceMetric$Companion: loaded 2 times (x 67B)
Class org.jetbrains.kotlin.gradle.plugin.statistics.KotlinBuildStatsBeanService       : loaded 2 times (x 83B)
Class [Lcom.google.common.collect.ImmutableEntry;                                     : loaded 2 times (x 65B)
Class org.jetbrains.kotlin.gradle.plugin.statistics.DaemonReuseCounter                : loaded 2 times (x 72B)
Class org.jetbrains.kotlin.gradle.tasks.configuration.AbstractKotlinCompileConfig$1$1 : loaded 2 times (x 70B)
Class org.jetbrains.kotlin.gradle.tasks.KotlinCompile$kotlinOptions$1                 : loaded 2 times (x 75B)
Class org.jetbrains.kotlin.tooling.core.ExtrasLazyProperty                            : loaded 2 times (x 66B)
Class org.jetbrains.kotlin.gradle.internal.properties.NativeProperties$Companion      : loaded 2 times (x 67B)
Class org.jetbrains.kotlin.gradle.utils.StringUtilsKt                                 : loaded 2 times (x 67B)
Class org.jetbrains.kotlin.gradle.targets.ConfigureBuildSideEffectKt$ConfigureBuildSideEffect$1: loaded 2 times (x 70B)
Class org.jetbrains.kotlin.gradle.utils.CompletableFuture                             : loaded 2 times (x 66B)
Class org.jetbrains.kotlin.build.report.metrics.BuildPerformanceMetric                : loaded 2 times (x 66B)
Class [Lorg.jetbrains.kotlin.statistics.metrics.StringOverridePolicy;                 : loaded 2 times (x 65B)
Class com.google.common.cache.LocalCache$LoadingValueReference                        : loaded 2 times (x 92B)
Class kotlin.collections.EmptyIterator                                                : loaded 2 times (x 85B)
Class kotlin.SynchronizedLazyImpl                                                     : loaded 2 times (x 72B)
Class kotlin.text.StringsKt__RegexExtensionsKt                                        : loaded 2 times (x 67B)
Class com.google.common.io.LineReader$1                                               : loaded 2 times (x 71B)
Class com.google.common.collect.CollectSpliterators                                   : loaded 2 times (x 67B)
Class com.google.common.collect.AbstractMapBasedMultimap$AsMap                        : loaded 2 times (x 124B)
Class com.google.common.collect.MapMakerInternalMap$StrongKeyDummyValueEntry          : loaded 2 times (x 78B)
Class org.jetbrains.kotlin.gradle.tasks.configuration.AbstractKotlinCompileConfig$getClasspathSnapshotDir$1: loaded 2 times (x 70B)
Class org.jetbrains.kotlin.gradle.tasks.configuration.AbstractKotlinCompileConfig$1$2 : loaded 2 times (x 70B)
Class com.google.common.base.Platform                                                 : loaded 2 times (x 67B)
Class com.google.common.collect.Multimaps$Entries                                     : loaded 2 times (x 114B)
Class org.jetbrains.kotlin.gradle.plugin.diagnostics.checkers.OverriddenKotlinNativeHomeChecker$StdlibExistenceCheckerValueSource$Params$Inject: loaded 2 times (x 102B)
Class org.jetbrains.kotlin.gradle.plugin.diagnostics.checkers.CommonMainOrTestWithDependsOnChecker: loaded 2 times (x 70B)
Class org.jetbrains.kotlin.gradle.artifacts.KotlinNativeHostSpecificMetadataArtifactKt: loaded 2 times (x 67B)
Class org.jetbrains.kotlin.gradle.plugin.mpp.compilationImpl.KotlinCreateLifecycleTasksSideEffectKt: loaded 2 times (x 67B)
Class org.jetbrains.kotlin.gradle.plugin.KotlinTarget                                 : loaded 2 times (x 66B)
Class org.jetbrains.kotlin.gradle.utils.ConfigurationsKt$createResolvable$1           : loaded 2 times (x 74B)
Class [Lorg.jetbrains.kotlin.statistics.metrics.BooleanAnonymizationPolicy;           : loaded 2 times (x 65B)
Class Build_gradle$1                                                                  : loaded 2 times (x 74B)
Class jdk.internal.jimage.ImageReader$Directory                                       : loaded 2 times (x 80B)
Class kotlin.sequences.SequencesKt__SequencesJVMKt                                    : loaded 2 times (x 67B)
Class kotlin.collections.AbstractList                                                 : loaded 2 times (x 193B)
Class kotlin.collections.AbstractCollection                                           : loaded 2 times (x 113B)
Class com.google.common.collect.CompoundOrdering                                      : loaded 2 times (x 111B)
Class com.google.common.collect.AbstractMapBasedMultimap$WrappedList                  : loaded 2 times (x 201B)
Class org.jetbrains.kotlin.gradle.internal.KotlinDependenciesManagementKt$allNonProjectDependencies$1: loaded 2 times (x 70B)
Class [Lorg.jetbrains.kotlin.build.report.metrics.BuildAttributeKind;                 : loaded 2 times (x 65B)
Class org.jetbrains.kotlin.gradle.tasks.K2MultiplatformStructure                      : loaded 2 times (x 70B)
Class org.jetbrains.kotlin.compilerRunner.CompilerSystemPropertiesService$Parameters  : loaded 2 times (x 66B)
Class org.jetbrains.kotlin.gradle.plugin.mpp.compilationImpl.KotlinCompilationSourceSetsContainer: loaded 2 times (x 66B)
Class org.jetbrains.kotlin.gradle.artifacts.KotlinNativeKlibArtifactKt                : loaded 2 times (x 67B)
Class org.jetbrains.kotlin.gradle.plugin.ProjectLocalConfigurations                   : loaded 2 times (x 67B)
Class org.jetbrains.kotlin.gradle.plugin.mpp.KotlinUsages$KotlinUsagesDisambiguation  : loaded 2 times (x 72B)
Class org.jetbrains.kotlin.tooling.core.Extras$Key$Companion                          : loaded 2 times (x 67B)
Class org.jetbrains.kotlin.tooling.core.Extras$Key                                    : loaded 2 times (x 68B)
Class [Lorg.objectweb.asm.AnnotationWriter;                                           : loaded 2 times (x 65B)
Class com.google.common.collect.Maps$8                                                : loaded 2 times (x 78B)
Class kotlin.LazyKt__LazyKt                                                           : loaded 2 times (x 67B)
Class kotlin.text.StringsKt__StringBuilderJVMKt                                       : loaded 2 times (x 67B)
Class build_an3weohrvo1yh68dfex3s8pg                                                  : loaded 2 times (x 177B)
Class org.jetbrains.kotlin.gradle.tasks.configuration.AbstractKotlinCompileConfig$1$4 : loaded 2 times (x 71B)
Class com.google.common.collect.Lists$ReverseList$1                                   : loaded 2 times (x 95B)
Class com.google.common.collect.ImmutableRangeSet$Builder                             : loaded 2 times (x 73B)
Class [Lcom.google.common.collect.Iterators$EmptyModifiableIterator;                  : loaded 2 times (x 65B)
Class org.jetbrains.kotlin.gradle.plugin.diagnostics.CheckKotlinGradlePluginConfigurationErrors: loaded 2 times (x 315B)
Class org.jetbrains.kotlin.gradle.plugin.sources.DefaultKotlinSourceSetKt             : loaded 2 times (x 67B)
Class org.jetbrains.kotlin.gradle.dsl.KotlinJvmOptions                                : loaded 2 times (x 66B)
Class org.jetbrains.kotlin.gradle.plugin.mpp.HierarchyAttributeContainer$1            : loaded 2 times (x 74B)
Class org.jetbrains.kotlin.gradle.plugin.KotlinPluginLifecycle                        : loaded 2 times (x 66B)
Class org.jetbrains.kotlin.gradle.plugin.KotlinJsPluginWrapper                        : loaded 2 times (x 82B)
Class org.jetbrains.kotlin.gradle.dsl.ToolchainSupport                                : loaded 2 times (x 66B)
Class org.jetbrains.kotlin.tooling.core.Extras                                        : loaded 2 times (x 66B)
Class org.jetbrains.kotlin.gradle.plugin.mpp.InternalKotlinTarget                     : loaded 2 times (x 66B)
Class org.jetbrains.kotlin.statistics.metrics.NumberAnonymizationPolicy$RANDOM_10_PERCENT: loaded 2 times (x 81B)
Class org.jetbrains.kotlin.statistics.metrics.StringMetrics                           : loaded 2 times (x 76B)
Class com.google.common.collect.Sets$SetView                                          : loaded 2 times (x 134B)
Class com.google.common.cache.LocalCache$StrongValueReference                         : loaded 2 times (x 86B)
Class kotlin.UNINITIALIZED_VALUE                                                      : loaded 2 times (x 67B)
Class com.google.common.graph.SuccessorsFunction                                      : loaded 2 times (x 66B)
Class org.jetbrains.kotlin.gradle.tasks.CompilerPluginOptions                         : loaded 2 times (x 68B)
Class org.jetbrains.kotlin.gradle.tasks.configuration.AbstractKotlinCompileConfig$1$5 : loaded 2 times (x 72B)
Class org.jetbrains.kotlin.gradle.plugin.mpp.KotlinTargetSoftwareComponentImpl        : loaded 2 times (x 86B)
Class org.jetbrains.kotlin.gradle.plugin.mpp.DefaultKotlinUsageContext$PublishOnlyIf  : loaded 2 times (x 66B)
Class [Lcom.google.gson.stream.JsonToken;                                             : loaded 2 times (x 65B)
Class org.jetbrains.kotlin.gradle.dsl.KotlinCommonCompilerOptionsHelper               : loaded 2 times (x 67B)
Class org.jetbrains.kotlin.gradle.plugin.KotlinJvmPlugin$Companion                    : loaded 2 times (x 67B)
Class org.jetbrains.kotlin.gradle.plugin.diagnostics.KotlinToolingDiagnostics         : loaded 2 times (x 67B)
Class org.jetbrains.kotlin.gradle.artifacts.KotlinMetadataArtifactKt                  : loaded 2 times (x 67B)
Class org.jetbrains.kotlin.gradle.targets.CreateArtifactsSideEffectKt$CreateArtifactsSideEffect$1: loaded 2 times (x 70B)
Class org.jetbrains.kotlin.gradle.internal.properties.PropertiesBuildService$property$1$valueFromGradleAndLocalProperties$1: loaded 2 times (x 71B)
Class org.jetbrains.kotlin.gradle.plugin.KotlinPluginWrapperKt$kotlinToolingVersion$2 : loaded 2 times (x 74B)
Class org.objectweb.asm.Type                                                          : loaded 2 times (x 68B)
Class org.gradle.internal.classloader.VisitableURLClassLoader$InstrumentingVisitableURLClassLoader: loaded 2 times (x 119B)
Class kotlin.comparisons.ComparisonsKt__ComparisonsKt                                 : loaded 2 times (x 67B)
Class kotlin.ranges.RangesKt__RangesKt                                                : loaded 2 times (x 67B)
Class kotlin.collections.SetsKt___SetsKt                                              : loaded 2 times (x 67B)
Class kotlin.sequences.SequencesKt__SequencesKt                                       : loaded 2 times (x 67B)
Class build_45r6e4dayx7duntkmz18qbny2$_run_closure1                                   : loaded 2 times (x 135B)
Class org.apache.commons.io.file.Counters                                             : loaded 2 times (x 67B)
Class org.apache.commons.io.FileUtils                                                 : loaded 2 times (x 67B)
Class com.google.common.collect.MapMakerInternalMap$StrongKeyDummyValueEntry$Helper   : loaded 2 times (x 75B)
Class com.google.common.io.Files$FileByteSink                                         : loaded 2 times (x 73B)
Class org.jetbrains.kotlin.gradle.tasks.configuration.AbstractKotlinCompileConfig$1$6 : loaded 2 times (x 71B)
Class [Lorg.jetbrains.kotlin.gradle.tasks.KotlinCompilerExecutionStrategy;            : loaded 2 times (x 65B)
Class org.jetbrains.kotlin.gradle.tasks.FailedCompilationException                    : loaded 2 times (x 78B)
Class org.jetbrains.kotlin.gradle.plugin.mpp.DefaultKotlinUsageContext$1              : loaded 2 times (x 70B)
Class org.jetbrains.kotlin.gradle.plugin.mpp.compilationImpl.KotlinCompilationImpl$associateWith$2: loaded 2 times (x 75B)
Class org.jetbrains.kotlin.gradle.plugin.hierarchy.KotlinSourceSetTreeClassifier      : loaded 2 times (x 66B)
Class org.jetbrains.kotlin.gradle.plugin.mpp.compilationImpl.KotlinCompilationAssociator: loaded 2 times (x 66B)
Class org.jetbrains.kotlin.konan.target.UtilsKt$evaluatePresetName$1                  : loaded 2 times (x 74B)
Class org.jetbrains.kotlin.gradle.plugin.mpp.KotlinNativeTarget                       : loaded 2 times (x 163B)
Class org.jetbrains.kotlin.gradle.plugin.diagnostics.checkers.KotlinSourceSetTreeDependsOnMismatchChecker$runChecks$1: loaded 2 times (x 84B)
Class org.jetbrains.kotlin.gradle.plugin.diagnostics.checkers.PreHmppDependenciesUsageChecker$runChecks$1: loaded 2 times (x 84B)
Class org.jetbrains.kotlin.gradle.utils.ProjectExtensionsKt                           : loaded 2 times (x 67B)
Class org.jetbrains.kotlin.gradle.plugin.KotlinSourceSetTree$Companion                : loaded 2 times (x 67B)
Class org.jetbrains.kotlin.gradle.plugin.diagnostics.KotlinGradleProjectChecker$Companion: loaded 2 times (x 67B)
Class org.jetbrains.kotlin.gradle.plugin.KotlinGradleBuildServices$Parameters         : loaded 2 times (x 66B)
Class org.jetbrains.kotlin.gradle.plugin.statistics.BuildFusService$Companion$registerIfAbsent$1$1$1: loaded 2 times (x 71B)
Class org.jetbrains.kotlin.statistics.fileloggers.MetricsContainer$Companion          : loaded 2 times (x 67B)
Class org.objectweb.asm.ByteVector                                                    : loaded 2 times (x 75B)
Class [Lcom.google.common.cache.CacheBuilder$NullListener;                            : loaded 2 times (x 65B)
Class com.google.common.math.IntMath$1                                                : loaded 2 times (x 67B)
Class org.gradle.internal.classloader.VisitableURLClassLoader$Spec                    : loaded 2 times (x 70B)
Class org.gradle.internal.classpath.DefaultClassPath                                  : loaded 2 times (x 86B)
Class kotlin.comparisons.ComparisonsKt                                                : loaded 2 times (x 67B)
Class kotlin.comparisons.ComparisonsKt___ComparisonsKt                                : loaded 2 times (x 67B)
Class kotlin.sequences.FilteringSequence                                              : loaded 2 times (x 71B)
Class com.google.common.base.Present                                                  : loaded 2 times (x 77B)
Class org.jetbrains.kotlin.gradle.plugin.DefaultKotlinBasePlugin$addKotlinCompilerConfiguration$2$1$1: loaded 2 times (x 71B)
Class com.google.common.collect.ImmutableSortedMap$1EntrySet$1                        : loaded 2 times (x 209B)
Class com.google.common.base.AbstractIterator                                         : loaded 2 times (x 76B)
Class org.jetbrains.kotlin.gradle.plugin.statistics.BuildFinishMetrics                : loaded 2 times (x 67B)
Class org.jetbrains.kotlin.gradle.plugin.mpp.KotlinSoftwareComponentKt                : loaded 2 times (x 67B)
Class org.jetbrains.kotlin.gradle.plugin.mpp.compilationImpl.KotlinCompilationSourceSetInclusion$AddSourcesToCompileTask: loaded 2 times (x 66B)
Class org.jetbrains.kotlin.konan.target.Architecture                                  : loaded 2 times (x 75B)
Class [Lorg.jetbrains.kotlin.gradle.plugin.HasProject;                                : loaded 2 times (x 65B)
Class org.jetbrains.kotlin.gradle.utils.MutableObservableSetImpl                      : loaded 2 times (x 159B)
Class org.jetbrains.kotlin.gradle.tasks.KotlinTasksProvider                           : loaded 2 times (x 68B)
Class org.jetbrains.kotlin.gradle.dsl.DefaultToolchainSupport$wireToolchainToTasks$1  : loaded 2 times (x 71B)
Class org.jetbrains.kotlin.gradle.dsl.KotlinCommonCompilerOptions                     : loaded 2 times (x 66B)
Class org.jetbrains.kotlin.gradle.plugin.KotlinJsCompilerTypeHolder                   : loaded 2 times (x 66B)
Class org.jetbrains.kotlin.gradle.internal.properties.PropertiesBuildService$MemoizedCallable: loaded 2 times (x 71B)
Class org.objectweb.asm.Symbol                                                        : loaded 2 times (x 69B)
Class com.google.common.io.Java8Compatibility                                         : loaded 2 times (x 67B)
Class com.google.common.io.Closer                                                     : loaded 2 times (x 74B)
Class org.jetbrains.kotlin.statistics.metrics.OrMetricContainer                       : loaded 2 times (x 76B)
Class org.jetbrains.kotlin.gradle.tasks.AbstractKotlinCompile$friendPathsSet$1        : loaded 2 times (x 71B)
Class org.jetbrains.kotlin.build.report.metrics.BuildAttributes                       : loaded 2 times (x 68B)
Class org.jetbrains.kotlin.gradle.plugin.cocoapods.KotlinCocoapodsPlugin$Companion    : loaded 2 times (x 67B)
Class org.jetbrains.kotlin.gradle.plugin.mpp.compilationImpl.KotlinCompilationImpl    : loaded 2 times (x 136B)
Class [Lorg.jetbrains.kotlin.gradle.plugin.mpp.compilationImpl.factory.KotlinCompilationImplFactory$PostConfigure;: loaded 2 times (x 65B)
Class org.jetbrains.kotlin.konan.target.KonanTarget$MACOS_X64                         : loaded 2 times (x 74B)
Class org.jetbrains.kotlin.gradle.plugin.KotlinSourceSet$Companion                    : loaded 2 times (x 67B)
Class org.jetbrains.kotlin.konan.util.Named                                           : loaded 2 times (x 66B)
Class [Lorg.jetbrains.kotlin.gradle.report.BuildReportMode;                           : loaded 2 times (x 65B)
Class org.jetbrains.kotlin.statistics.metrics.BooleanOverridePolicy                   : loaded 2 times (x 81B)
Class com.google.common.base.CharMatcher$BitSetMatcher                                : loaded 2 times (x 108B)
Class com.google.common.collect.ImmutableSet                                          : loaded 2 times (x 141B)
Class com.google.common.collect.RegularImmutableMap$Values                            : loaded 2 times (x 203B)
Class org.jetbrains.kotlin.gradle.plugin.AbstractKotlinAndroidPluginWrapper           : loaded 2 times (x 82B)
Class org.gradle.internal.classloader.ClassLoaderSpec                                 : loaded 2 times (x 67B)
Class kotlin.collections.CollectionsKt___CollectionsJvmKt                             : loaded 2 times (x 67B)
Class com.google.common.io.ByteSource$EmptyByteSource                                 : loaded 2 times (x 81B)
Class org.jetbrains.kotlin.gradle.plugin.statistics.DaemonReuseCounter$Companion      : loaded 2 times (x 67B)
Class org.jetbrains.kotlin.gradle.tasks.DefaultKotlinJavaToolchain$DefaultJavaToolchainSetter: loaded 2 times (x 71B)
Class org.jetbrains.kotlin.build.report.metrics.BuildAttributeKind                    : loaded 2 times (x 75B)
Class org.jetbrains.kotlin.gradle.plugin.mpp.KotlinCompilationsKt$moduleNameForCompilation$1: loaded 2 times (x 71B)
Class org.jetbrains.kotlin.gradle.plugin.sources.KotlinDependencyScopeKt              : loaded 2 times (x 67B)
Class org.jetbrains.kotlin.gradle.plugin.diagnostics.TransformActionUsingKotlinToolingDiagnostics$Parameters: loaded 2 times (x 66B)
Class org.jetbrains.kotlin.compilerRunner.CompilerSystemPropertiesService$Companion$registerIfAbsent$2$1: loaded 2 times (x 75B)
Class org.jetbrains.kotlin.gradle.plugin.mpp.KotlinCompilationsKt$addSourcesToKotlinCompileTask$1: loaded 2 times (x 71B)
Class org.jetbrains.kotlin.gradle.internal.KotlinDependenciesManagementKt$configureDefaultVersionsResolutionStrategy$1$1: loaded 2 times (x 71B)
Class org.jetbrains.kotlin.gradle.utils.KotlinExtensionUtilsKt$forAllTargets$1        : loaded 2 times (x 91B)
Class org.jetbrains.kotlin.gradle.plugin.diagnostics.CheckKotlinGradlePluginConfigurationErrorsKt$locateOrRegisterCheckKotlinGradlePluginErrorsTask$taskProvider$1: loaded 2 times (x 71B)
Class org.jetbrains.kotlin.gradle.plugin.diagnostics.checkers.OverriddenKotlinNativeHomeChecker$StdlibExistenceCheckerValueSource$Params: loaded 2 times (x 66B)
Class org.jetbrains.kotlin.gradle.dsl.PlatformSourceSetConventionsChecker$nativeTargetPresets$1$1: loaded 2 times (x 75B)
Class org.jetbrains.kotlin.gradle.tooling.BuildKotlinToolingMetadataTaskKt$buildKotlinToolingMetadataTask$1: loaded 2 times (x 74B)
Class org.jetbrains.kotlin.gradle.internal.Kapt3GradleSubplugin$Companion             : loaded 2 times (x 67B)
Class org.jetbrains.kotlin.gradle.plugin.mpp.compilationImpl.KotlinCreateCompilationArchiveTaskKt$KotlinRegisterCompilationArchiveTasksExtension$1: loaded 2 times (x 70B)
Class [Lorg.jetbrains.kotlin.statistics.metrics.NumberOverridePolicy;                 : loaded 2 times (x 65B)
Class org.jetbrains.kotlin.gradle.internal.properties.PropertiesBuildService$GradleProperty: loaded 2 times (x 66B)
Class org.jetbrains.kotlin.gradle.utils.StoredPropertyKt$projectStoredProperty$1      : loaded 2 times (x 74B)
Class org.objectweb.asm.AnnotationWriter                                              : loaded 2 times (x 75B)
Class com.google.common.cache.CacheStats                                              : loaded 2 times (x 67B)
Class kotlin.TuplesKt                                                                 : loaded 2 times (x 67B)
Class kotlin.Unit                                                                     : loaded 2 times (x 67B)
Class kotlin.sequences.SequencesKt___SequencesJvmKt                                   : loaded 2 times (x 67B)
Class com.google.common.collect.ImmutableMultisetGwtSerializationDependencies         : loaded 2 times (x 121B)
Class com.google.common.collect.Interners                                             : loaded 2 times (x 67B)
Class com.google.common.io.Closer$Suppressor                                          : loaded 2 times (x 66B)
Class com.google.common.io.LineProcessor                                              : loaded 2 times (x 66B)
Class org.jetbrains.kotlin.gradle.tasks.K2MultiplatformStructure$RefinesEdge          : loaded 2 times (x 68B)
Class org.jetbrains.kotlin.gradle.plugin.mpp.SyncLanguageSettingsWithKotlinExtensionSetupActionKt$SyncLanguageSettingsWithKotlinExtensionSetupAction$1$1: loaded 2 times (x 71B)
Class org.jetbrains.kotlin.gradle.tasks.configuration.TaskConfigAction$configureTask$1: loaded 2 times (x 75B)
Class org.jetbrains.kotlin.gradle.plugin.diagnostics.checkers.DuplicateSourceSetChecker$runChecks$1: loaded 2 times (x 84B)
Class org.jetbrains.kotlin.gradle.plugin.diagnostics.ToolingDiagnostic$Severity       : loaded 2 times (x 75B)
Class org.jetbrains.kotlin.gradle.dsl.JvmTarget                                       : loaded 2 times (x 75B)
Class org.jetbrains.kotlin.gradle.internal.ClassLoadersCachingBuildService            : loaded 2 times (x 72B)
Class org.jetbrains.kotlin.gradle.plugin.VariantImplementationFactories$Inject        : loaded 2 times (x 102B)
Class org.jetbrains.kotlin.gradle.plugin.VariantImplementationFactoriesConfigurator$Companion: loaded 2 times (x 67B)
Class org.objectweb.asm.RecordComponentWriter                                         : loaded 2 times (x 74B)
Class com.google.common.util.concurrent.AbstractFuture$Listener                       : loaded 2 times (x 68B)
Class com.google.common.base.CharMatcher$Or                                           : loaded 2 times (x 108B)
Class Settings_gradle$1$1                                                             : loaded 2 times (x 70B)
Class kotlin.ranges.RangesKt                                                          : loaded 2 times (x 67B)
Class [Lorg.jetbrains.kotlin.compilerRunner.KotlinCompilerArgumentsLogLevel;          : loaded 2 times (x 65B)
Class org.jetbrains.kotlin.gradle.tasks.KotlinCompile_Decorated                       : loaded 2 times (x 606B)
Class org.jetbrains.kotlin.gradle.plugin.mpp.SyncLanguageSettingsWithKotlinExtensionSetupActionKt$SyncLanguageSettingsWithKotlinExtensionSetupAction$1$2: loaded 2 times (x 71B)
Class org.jetbrains.kotlin.gradle.plugin.internal.BuildIdService$Companion            : loaded 2 times (x 67B)
Class org.jetbrains.kotlin.gradle.plugin.diagnostics.checkers.OverriddenKotlinNativeHomeChecker$StdlibExistenceCheckerValueSource$Companion: loaded 2 times (x 67B)
Class org.jetbrains.kotlin.gradle.targets.js.dsl.KotlinWasmSubTargetContainerDsl      : loaded 2 times (x 66B)
Class org.jetbrains.kotlin.gradle.plugin.diagnostics.checkers.WasmWasiEnvironmentChecker$1: loaded 2 times (x 74B)
Class org.jetbrains.kotlin.gradle.plugin.diagnostics.checkers.DisabledCinteropCommonizationInHmppProjectChecker: loaded 2 times (x 70B)
Class org.jetbrains.kotlin.gradle.plugin.diagnostics.checkers.NoKotlinTargetsDeclaredChecker: loaded 2 times (x 70B)
Class org.jetbrains.kotlin.gradle.utils.StoredPropertyStorage                         : loaded 2 times (x 68B)
Class org.jetbrains.kotlin.gradle.plugin.KotlinSourceSetContainer                     : loaded 2 times (x 66B)
Class org.objectweb.asm.Attribute                                                     : loaded 2 times (x 73B)
Class com.google.common.base.Supplier                                                 : loaded 2 times (x 66B)
Class org.gradle.internal.classloader.VisitableURLClassLoader                         : loaded 2 times (x 113B)
Class kotlin.collections.ArraysUtilJVM                                                : loaded 2 times (x 67B)
Class kotlin.jvm.functions.Function0                                                  : loaded 2 times (x 66B)
Class kotlin.NotImplementedError                                                      : loaded 2 times (x 78B)
Class com.google.common.collect.ImmutableList$SerializedForm                          : loaded 2 times (x 69B)
Class org.apache.commons.io.file.PathVisitor                                          : loaded 2 times (x 66B)
Class org.jetbrains.kotlin.gradle.plugin.statistics.plugins.ObservablePlugins         : loaded 2 times (x 75B)
Class org.jetbrains.kotlin.gradle.plugin.sources.InternalKotlinSourceSetKt$awaitPlatformCompilations$1: loaded 2 times (x 84B)
Class [Lorg.jetbrains.kotlin.gradle.plugin.sources.KotlinDependencyScope;             : loaded 2 times (x 65B)
Class org.jetbrains.kotlin.gradle.tasks.configuration.BaseKotlinCompileConfig$configureCommonParameters$1: loaded 2 times (x 70B)
Class org.jetbrains.kotlin.gradle.plugin.mpp.compilationImpl.factory.ConfigurationNaming: loaded 2 times (x 66B)
Class org.jetbrains.kotlin.gradle.plugin.mpp.compilationImpl.DefaultKotlinCompilationPostConfigureKt: loaded 2 times (x 67B)
Class org.jetbrains.kotlin.konan.target.KonanTarget$WATCHOS_X64                       : loaded 2 times (x 74B)
Class org.jetbrains.kotlin.gradle.plugin.diagnostics.KotlinGradleProjectCheckersRunnerKt: loaded 2 times (x 67B)
Class [Lorg.jetbrains.kotlin.tooling.core.HasExtras;                                  : loaded 2 times (x 65B)
Class org.jetbrains.kotlin.gradle.plugin.diagnostics.checkers.IncorrectCompileOnlyDependenciesChecker: loaded 2 times (x 70B)
Class org.jetbrains.kotlin.gradle.plugin.diagnostics.checkers.WasmWasiEnvironmentChecker$2: loaded 2 times (x 74B)
Class org.jetbrains.kotlin.gradle.dsl.DefaultToolchainSupport$wireToolchainToTasks$1$1: loaded 2 times (x 71B)
Class org.jetbrains.kotlin.gradle.utils.SingleActionPerProject                        : loaded 2 times (x 69B)
Class org.jetbrains.kotlin.gradle.plugin.DefaultKotlinBasePlugin                      : loaded 2 times (x 78B)
Class org.gradle.internal.Cast                                                        : loaded 2 times (x 67B)
Class org.gradle.api.Action                                                           : loaded 2 times (x 66B)
Class kotlin.jvm.functions.Function1                                                  : loaded 2 times (x 66B)
Class com.google.common.collect.MapMakerInternalMap                                   : loaded 2 times (x 157B)
Class org.jetbrains.kotlin.statistics.metrics.StatisticsValuesConsumer$DefaultImpls   : loaded 2 times (x 67B)
Class com.google.common.collect.HashBiMap                                             : loaded 2 times (x 139B)
Class [Lorg.jetbrains.kotlin.gradle.plugin.mpp.KotlinUsageContext$MavenScope;         : loaded 2 times (x 65B)
Class org.jetbrains.kotlin.gradle.tasks.configuration.BaseKotlinCompileConfig$configureCommonParameters$2: loaded 2 times (x 71B)
Class org.jetbrains.kotlin.gradle.plugin.mpp.compilationImpl.KotlinCompilationCompilerOptionsFromTargetConfigurator: loaded 2 times (x 70B)
Class com.google.common.base.Strings                                                  : loaded 2 times (x 67B)
Class org.jetbrains.kotlin.gradle.utils.FailuresKt$ideaSyncClasspathModeUtil$1        : loaded 2 times (x 68B)
Class org.jetbrains.kotlin.gradle.plugin.diagnostics.KotlinToolingDiagnosticsCollector$Inject: loaded 2 times (x 92B)
Class org.jetbrains.kotlin.gradle.artifacts.KotlinJsKlibArtifactKt                    : loaded 2 times (x 67B)
Class org.jetbrains.kotlin.gradle.dsl.KotlinTargetContainerWithWasmPresetFunctions    : loaded 2 times (x 66B)
Class org.jetbrains.kotlin.gradle.plugin.GradleUtilsKt                                : loaded 2 times (x 67B)
Class org.jetbrains.kotlin.gradle.internal.properties.PropertiesBuildService          : loaded 2 times (x 72B)
Class com.google.common.collect.Sets                                                  : loaded 2 times (x 67B)
Class org.objectweb.asm.Handler                                                       : loaded 2 times (x 68B)
Class com.google.common.base.CharMatcher$FastMatcher                                  : loaded 2 times (x 107B)
Class com.google.common.base.Ticker                                                   : loaded 2 times (x 68B)
Class kotlin.jvm.functions.Function2                                                  : loaded 2 times (x 66B)
Class build_72k6u85wo8cr293wmtb5nc8dk                                                 : loaded 2 times (x 176B)
Class com.google.common.collect.ImmutableSortedSet$Builder                            : loaded 2 times (x 82B)
Class org.jetbrains.kotlin.gradle.tasks.KotlinCompile$javaSources$1                   : loaded 2 times (x 71B)
Class org.jetbrains.kotlin.incremental.IncrementalCompilationFeatures                 : loaded 2 times (x 67B)
Class org.jetbrains.kotlin.gradle.plugin.KotlinTarget$DefaultImpls                    : loaded 2 times (x 67B)
Class org.jetbrains.kotlin.gradle.plugin.diagnostics.KotlinToolingDiagnosticsCollector: loaded 2 times (x 72B)
Class org.jetbrains.kotlin.gradle.plugin.mpp.compilationImpl.KotlinCreateCompilationArchiveTaskKt: loaded 2 times (x 67B)
Class org.jetbrains.kotlin.tooling.core.MutableExtrasImpl                             : loaded 2 times (x 161B)
Class org.jetbrains.kotlin.gradle.plugin.statistics.KotlinBuildStatsMXBean            : loaded 2 times (x 66B)
Class org.jetbrains.kotlin.gradle.utils.FileUtilsKt                                   : loaded 2 times (x 67B)
Class [Lcom.google.common.cache.LocalCache$Segment;                                   : loaded 2 times (x 65B)
Class com.google.common.base.Predicate                                                : loaded 2 times (x 66B)
Class [Lcom.google.common.cache.LocalCache$Strength;                                  : loaded 2 times (x 65B)
Class com.google.common.cache.CacheBuilder$1                                          : loaded 2 times (x 81B)
Class com.google.common.collect.ImmutableMap                                          : loaded 2 times (x 116B)
Class org.gradle.internal.classpath.DefaultClassPath$ImmutableUniqueList$Builder      : loaded 2 times (x 71B)
Class kotlin.jvm.functions.Function3                                                  : loaded 2 times (x 66B)
Class kotlin.collections.MapsKt___MapsJvmKt                                           : loaded 2 times (x 67B)
Class com.google.common.collect.MapMakerInternalMap$WeakValueReference                : loaded 2 times (x 66B)
Class org.jetbrains.kotlin.gradle.plugin.mpp.KotlinCompilationFactory$DefaultImpls    : loaded 2 times (x 67B)
Class com.google.gson.stream.JsonToken                                                : loaded 2 times (x 75B)
Class com.google.common.collect.AbstractRangeSet                                      : loaded 2 times (x 110B)
Class org.jetbrains.kotlin.gradle.plugin.diagnostics.checkers.InternalGradlePropertiesUsageChecker: loaded 2 times (x 70B)
Class org.jetbrains.kotlin.gradle.plugin.mpp.compilationImpl.CreateCInteropTasksSideEffectKt: loaded 2 times (x 67B)
Class org.jetbrains.kotlin.gradle.testing.internal.KotlinTestsRegistry$Companion      : loaded 2 times (x 67B)
Class org.jetbrains.kotlin.gradle.dsl.KotlinCommonCompilerToolOptions                 : loaded 2 times (x 66B)
Class org.jetbrains.kotlin.gradle.internal.properties.PropertiesBuildService$Companion$registerIfAbsent$1: loaded 2 times (x 71B)
Class org.jetbrains.kotlin.gradle.plugin.internal.DefaultConfigurationCacheStartParameterAccessorVariantFactory: loaded 2 times (x 72B)
Class com.google.common.base.CharMatcher$NegatedFastMatcher                           : loaded 2 times (x 109B)
Class com.google.common.cache.LocalCache                                              : loaded 2 times (x 183B)
Class com.google.common.cache.CacheBuilder$2                                          : loaded 2 times (x 75B)
Class kotlin.collections.CollectionsKt___CollectionsKt                                : loaded 2 times (x 67B)
Class org.jetbrains.kotlin.build.report.metrics.BuildPerformanceMetrics$Companion     : loaded 2 times (x 67B)
Class org.jetbrains.kotlin.cli.common.arguments.K2JVMCompilerArguments                : loaded 2 times (x 72B)
Class org.jetbrains.kotlin.gradle.plugin.mpp.compilationImpl.DefaultKotlinCompilationSourceSetsContainer$source$1: loaded 2 times (x 75B)
Class org.jetbrains.kotlin.gradle.internal.KotlinTestDependencyManagementKt           : loaded 2 times (x 67B)
Class org.jetbrains.kotlin.konan.target.KonanTarget$ANDROID_X64                       : loaded 2 times (x 74B)
Class [Lorg.jetbrains.kotlin.gradle.plugin.sources.ConsistencyCheck;                  : loaded 2 times (x 65B)
Class org.jetbrains.kotlin.gradle.report.ReportingSettings                            : loaded 2 times (x 68B)
Class org.jetbrains.kotlin.statistics.metrics.StringAnonymizationPolicy$ComponentVersionAnonymizer: loaded 2 times (x 74B)
Class com.google.common.collect.ArrayListMultimap                                     : loaded 2 times (x 168B)
Class com.google.common.cache.CacheBuilder$3                                          : loaded 2 times (x 68B)
Class [Lcom.google.common.collect.AbstractMapEntry;                                   : loaded 2 times (x 65B)
Class com.google.common.collect.ImmutableEntry                                        : loaded 2 times (x 78B)
Class org.jetbrains.kotlin.gradle.plugin.KotlinBasePluginWrapper                      : loaded 2 times (x 82B)
Class org.gradle.api.GradleException                                                  : loaded 2 times (x 78B)
Class jdk.internal.jimage.ImageStrings                                                : loaded 2 times (x 66B)
Class kotlin.text.StringsKt___StringsJvmKt                                            : loaded 2 times (x 67B)
Class com.google.common.base.Suppliers$MemoizingSupplier                              : loaded 2 times (x 75B)
Class org.jetbrains.kotlin.gradle.plugin.statistics.NonSynchronizedMetricsContainer$MetricDescriptor: loaded 2 times (x 71B)
Class org.apache.commons.io.StandardLineSeparator                                     : loaded 2 times (x 75B)
Class org.jetbrains.kotlin.gradle.plugin.diagnostics.KotlinToolingDiagnostics$JsEnvironmentNotChosenExplicitly: loaded 2 times (x 69B)
Class org.jetbrains.kotlin.gradle.plugin.ProjectLocalConfigurations$ProjectLocalCompatibility: loaded 2 times (x 72B)
Class org.jetbrains.kotlin.gradle.dsl.KotlinJvmCompilerOptions                        : loaded 2 times (x 66B)
Class org.jetbrains.kotlin.gradle.plugin.internal.DefaultProjectIsolationStartParameterAccessor$Factory: loaded 2 times (x 72B)
Class com.google.common.collect.CollectPreconditions                                  : loaded 2 times (x 67B)
Class kotlin.collections.MapsKt___MapsKt                                              : loaded 2 times (x 67B)
Class kotlin.io.FilesKt                                                               : loaded 2 times (x 67B)
Class kotlin.collections.ArraysKt___ArraysKt                                          : loaded 2 times (x 67B)
Class build_72k6u85wo8cr293wmtb5nc8dk$_run_closure1$_closure3                         : loaded 2 times (x 135B)
Class [Lcom.google.common.collect.MapMakerInternalMap$Strength;                       : loaded 2 times (x 65B)
Class [Lcom.google.common.io.FileWriteMode;                                           : loaded 2 times (x 65B)
Class org.jetbrains.kotlin.buildtools.api.SourcesChanges                              : loaded 2 times (x 66B)
Class org.jetbrains.kotlin.gradle.plugin.KotlinPluginLifecycleImpl$launch$1           : loaded 2 times (x 75B)
Class org.jetbrains.kotlin.konan.target.HostManager$Companion$targetAliases$2         : loaded 2 times (x 74B)
Class org.jetbrains.kotlin.gradle.utils.Completable                                   : loaded 2 times (x 68B)
Class org.jetbrains.kotlin.gradle.plugin.DefaultKotlinBasePlugin$addKotlinCompilerConfiguration$2$1: loaded 2 times (x 71B)
Class org.jetbrains.kotlin.gradle.plugin.statistics.KotlinBuildStatsServicesRegistry$Companion: loaded 2 times (x 67B)
Class org.jetbrains.kotlin.gradle.plugin.internal.DefaultCompatibilityConventionRegistrar$Factory: loaded 2 times (x 72B)
Class com.google.common.collect.SortedMapDifference                                   : loaded 2 times (x 66B)
Class kotlin.collections.MapsKt__MapWithDefaultKt                                     : loaded 2 times (x 67B)
Class build_dwl0gecyagp61f1m72ulred5a$_run_closure1$_closure3                         : loaded 2 times (x 135B)
Class build_d254dk2idhwai8gf8rdw8v4uv                                                 : loaded 2 times (x 176B)
Class build_1kkqbkqek3kzr0gsec0eu4zss$_run_closure1                                   : loaded 2 times (x 135B)
Class com.google.common.collect.Iterables$4                                           : loaded 2 times (x 77B)
Class com.google.common.collect.MapMakerInternalMap$StrongKeyDummyValueSegment        : loaded 2 times (x 138B)
Class com.google.common.io.Files                                                      : loaded 2 times (x 67B)
Class com.google.common.cache.LocalCache$WriteThroughEntry                            : loaded 2 times (x 75B)
Class com.google.common.cache.LocalCache$HashIterator                                 : loaded 2 times (x 82B)
Class org.jetbrains.kotlin.gradle.tasks.DefaultKotlinJavaToolchain$DefaultJdkSetter   : loaded 2 times (x 72B)
Class org.jetbrains.kotlin.cli.common.arguments.CommonCompilerArguments               : loaded 2 times (x 71B)
Class org.jetbrains.kotlin.gradle.plugin.diagnostics.checkers.IncorrectCompileOnlyDependenciesChecker$runChecks$1: loaded 2 times (x 84B)
Class org.jetbrains.kotlin.gradle.plugin.mpp.KotlinOnlyTarget                         : loaded 2 times (x 149B)
Class org.jetbrains.kotlin.gradle.targets.js.npm.BaseNpmDependencyExtension           : loaded 2 times (x 66B)
Class org.jetbrains.kotlin.gradle.dsl.KotlinVersion$Companion                         : loaded 2 times (x 67B)
Class org.jetbrains.kotlin.gradle.InternalKotlinGradlePluginApi                       : loaded 2 times (x 66B)
Class org.jetbrains.kotlin.gradle.dsl.DefaultToolchainSupport                         : loaded 2 times (x 72B)
Class org.jetbrains.kotlin.gradle.plugin.internal.CustomPropertiesFileValueSource     : loaded 2 times (x 78B)
Class com.google.common.cache.LocalCache$EntryFactory                                 : loaded 2 times (x 79B)
Class kotlin.collections.CollectionsKt__MutableCollectionsJVMKt                       : loaded 2 times (x 67B)
Class kotlin.enums.EnumEntriesKt                                                      : loaded 2 times (x 67B)
Class kotlin.text.StringsKt___StringsKt                                               : loaded 2 times (x 67B)
Class com.google.common.collect.NullsLastOrdering                                     : loaded 2 times (x 111B)
Class [Lcom.google.common.collect.MapMaker$Dummy;                                     : loaded 2 times (x 65B)
Class org.jetbrains.kotlin.gradle.tasks.TaskOutputsBackup                             : loaded 2 times (x 68B)
Class org.jetbrains.kotlin.gradle.plugin.cocoapods.KotlinCocoapodsPlugin              : loaded 2 times (x 72B)
Class org.jetbrains.kotlin.gradle.internal.CompilerOptionsDslHelpersKt                : loaded 2 times (x 67B)
Class org.jetbrains.kotlin.gradle.internal.StdlibDependencyManagementKt$configureStdlibVersionAlignment$1$1: loaded 2 times (x 71B)
Class org.jetbrains.kotlin.gradle.dsl.KotlinProjectExtension$awaitSourceSets$1        : loaded 2 times (x 84B)
Class org.jetbrains.kotlin.gradle.plugin.KotlinPluginLifecycle$CoroutineStart         : loaded 2 times (x 75B)
Class org.jetbrains.kotlin.konan.target.Family                                        : loaded 2 times (x 75B)
Class org.jetbrains.kotlin.gradle.tasks.TasksProviderKt$sam$org_gradle_api_Action$0   : loaded 2 times (x 71B)
Class org.jetbrains.kotlin.gradle.tooling.BuildKotlinToolingMetadataTask$FromKotlinExtension: loaded 2 times (x 313B)
Class org.jetbrains.kotlin.gradle.utils.FailuresKt                                    : loaded 2 times (x 67B)
Class org.jetbrains.kotlin.gradle.targets.native.internal.CInteropConfigurationsKt$special$$inlined$KotlinTargetSideEffect$1: loaded 2 times (x 70B)
Class org.jetbrains.kotlin.gradle.internal.properties.NativePropertiesLoader$konanDataDirProperty$1: loaded 2 times (x 71B)
Class org.jetbrains.kotlin.gradle.plugin.statistics.BuildFusService$Parameters_Decorated: loaded 2 times (x 139B)
Class org.jetbrains.kotlin.gradle.internal.properties.PropertiesBuildService$Params$Inject: loaded 2 times (x 102B)
Class org.jetbrains.kotlin.tooling.core.HasMutableExtras                              : loaded 2 times (x 66B)
Class com.google.common.cache.LocalCache$AbstractReferenceEntry                       : loaded 2 times (x 103B)
Class org.gradle.internal.IoActions                                                   : loaded 2 times (x 67B)
Class org.apache.commons.io.filefilter.TrueFileFilter                                 : loaded 2 times (x 95B)
Class com.google.common.collect.ImmutableMapKeySet                                    : loaded 2 times (x 148B)
Class org.jetbrains.kotlin.statistics.BuildSession                                    : loaded 2 times (x 68B)
Class org.jetbrains.kotlin.gradle.internal.Kapt3KotlinGradleSubpluginKt               : loaded 2 times (x 67B)
Class org.jetbrains.kotlin.gradle.dsl.KotlinJvmCompile                                : loaded 2 times (x 66B)
Class com.google.common.collect.ImmutableRangeSet$ComplementRanges                    : loaded 2 times (x 203B)
Class org.jetbrains.kotlin.konan.target.KonanTarget$LINUX_ARM32_HFP                   : loaded 2 times (x 74B)
Class org.jetbrains.kotlin.gradle.internal.Kapt3GradleSubplugin                       : loaded 2 times (x 79B)
Class org.jetbrains.kotlin.gradle.plugin.diagnostics.checkers.CInteropInputChecker    : loaded 2 times (x 70B)
Class org.jetbrains.kotlin.gradle.plugin.statistics.FinalizeConfigurationFusMetricActionKt$FinalizeConfigurationFusMetricAction$1: loaded 2 times (x 91B)
Class org.jetbrains.kotlin.gradle.internal.KotlinDependenciesManagementKt$CustomizeKotlinDependenciesSetupAction$1: loaded 2 times (x 70B)
Class org.jetbrains.kotlin.gradle.plugin.KotlinGradlePluginExtensionPointInternal$registeredExtensions$2: loaded 2 times (x 74B)
Class org.jetbrains.kotlin.statistics.metrics.BooleanOverridePolicy$OR                : loaded 2 times (x 81B)
Class org.jetbrains.kotlin.gradle.plugin.UsesVariantImplementationFactories           : loaded 2 times (x 66B)
Class org.objectweb.asm.SymbolTable                                                   : loaded 2 times (x 68B)
Class com.google.common.cache.CacheLoader$InvalidCacheLoadException                   : loaded 2 times (x 78B)
Class com.google.common.collect.ImmutableSet$RegularSetBuilderImpl                    : loaded 2 times (x 73B)
Class org.gradle.internal.classloader.SystemClassLoaderSpec                           : loaded 2 times (x 67B)
Class kotlin.jvm.internal.Intrinsics                                                  : loaded 2 times (x 67B)
Class org.jetbrains.kotlin.gradle.tasks.CacheableTasksKt$cacheOnlyIfEnabledForKotlin$1$1: loaded 2 times (x 70B)
Class com.google.common.collect.FluentIterable                                        : loaded 2 times (x 77B)
Class org.jetbrains.kotlin.gradle.tasks.configuration.BaseKotlinCompileConfig$1$1     : loaded 2 times (x 71B)
Class org.jetbrains.kotlin.gradle.plugin.mpp.compilationImpl.factory.KotlinCompilationImplFactory$PostConfigure: loaded 2 times (x 66B)
Class org.jetbrains.kotlin.gradle.utils.KotlinExtensionUtilsKt                        : loaded 2 times (x 67B)
Class [Lorg.jetbrains.kotlin.konan.util.Named;                                        : loaded 2 times (x 65B)
Class org.jetbrains.kotlin.gradle.plugin.diagnostics.checkers.NoKotlinTargetsDeclaredChecker$runChecks$1: loaded 2 times (x 84B)
Class org.jetbrains.kotlin.gradle.plugin.mpp.AbstractKotlinTarget$kotlinComponents$2  : loaded 2 times (x 75B)
Class org.jetbrains.kotlin.gradle.plugin.KotlinPlatformType$CompatibilityRule         : loaded 2 times (x 72B)
Class org.jetbrains.kotlin.gradle.internal.properties.NativePropertiesLoader$actualNativeHomeDirectory$1: loaded 2 times (x 71B)
Class org.jetbrains.kotlin.gradle.internal.properties.NativePropertiesKt              : loaded 2 times (x 67B)
Class org.jetbrains.kotlin.gradle.plugin.BuildEventsListenerRegistryHolder            : loaded 2 times (x 68B)
Class [Lorg.jetbrains.kotlin.statistics.metrics.BooleanOverridePolicy;                : loaded 2 times (x 65B)
Class org.jetbrains.kotlin.gradle.plugin.internal.CustomPropertiesFileValueSource$Parameters$Inject: loaded 2 times (x 102B)
Class com.google.common.cache.LocalCache$StrongEntry                                  : loaded 2 times (x 104B)
Class com.google.common.util.concurrent.AbstractFuture$TrustedFuture                  : loaded 2 times (x 110B)
Class com.google.common.cache.LoadingCache                                            : loaded 2 times (x 66B)
Class jdk.internal.jrtfs.JrtFileSystem                                                : loaded 2 times (x 98B)
Class kotlin.collections.MapsKt                                                       : loaded 2 times (x 67B)
Class kotlin.collections.CollectionsKt__IterablesKt                                   : loaded 2 times (x 67B)
Class build_abak67t5z1i68gsxl5phy4og3$_run_closure1                                   : loaded 2 times (x 135B)
Class org.jetbrains.kotlin.statistics.metrics.ConcatMetricContainer                   : loaded 2 times (x 73B)
Class com.google.common.base.Suppliers$NonSerializableMemoizingSupplier               : loaded 2 times (x 75B)
Class com.google.common.io.ByteStreams$LimitedInputStream                             : loaded 2 times (x 88B)
Class org.jetbrains.kotlin.gradle.tasks.GradleCompileTaskProvider                     : loaded 2 times (x 68B)
Class org.jetbrains.kotlin.gradle.plugin.mpp.KotlinTargetSoftwareComponentImplKt$KotlinTargetSoftwareComponent$1: loaded 2 times (x 91B)
Class org.jetbrains.kotlin.gradle.tasks.configuration.BaseKotlinCompileConfig$registerBuildToolsApiTransformations$1: loaded 2 times (x 71B)
Class org.jetbrains.kotlin.gradle.plugin.internal.BuildIdService                      : loaded 2 times (x 72B)
Class org.jetbrains.kotlin.gradle.plugin.mpp.compilationImpl.factory.KotlinCompilationDependencyConfigurationsFactoriesKt: loaded 2 times (x 67B)
Class org.jetbrains.kotlin.gradle.plugin.mpp.compilationImpl.DefaultKotlinCompilationFriendPathsResolver: loaded 2 times (x 71B)
Class org.jetbrains.kotlin.gradle.plugin.diagnostics.checkers.WasmSourceSetsNotFoundChecker$runChecks$1: loaded 2 times (x 84B)
Class org.jetbrains.kotlin.konan.target.KonanTarget$IOS_SIMULATOR_ARM64               : loaded 2 times (x 74B)
Class org.jetbrains.kotlin.gradle.plugin.mpp.compilationImpl.KotlinCreateCompilationArchiveTaskKt$KotlinCreateCompilationArchivesTask$1: loaded 2 times (x 70B)
Class org.jetbrains.kotlin.gradle.dsl.KotlinVersion                                   : loaded 2 times (x 75B)
Class org.jetbrains.kotlin.gradle.internal.properties.NativePropertiesLoader$actualNativeHomeDirectory$2: loaded 2 times (x 70B)
Class org.jetbrains.kotlin.gradle.utils.StoredPropertyKt                              : loaded 2 times (x 67B)
Class org.objectweb.asm.MethodWriter                                                  : loaded 2 times (x 102B)
Class [Lcom.google.common.cache.Weigher;                                              : loaded 2 times (x 65B)
Class com.google.common.collect.RegularImmutableMap$BucketOverflowException           : loaded 2 times (x 78B)
Class kotlin.KotlinNullPointerException                                               : loaded 2 times (x 79B)
Class build_9ikfdbhr5g6kwtfckd5y5wxqh                                                 : loaded 2 times (x 176B)
Class com.google.common.collect.ImmutableMultimap$1                                   : loaded 2 times (x 78B)
Class com.google.common.collect.AbstractMapBasedMultimap$RandomAccessWrappedList      : loaded 2 times (x 201B)
Class org.jetbrains.kotlin.gradle.plugin.sources.KotlinDependencyScope$Companion      : loaded 2 times (x 67B)
Class org.jetbrains.kotlin.gradle.tasks.configuration.BaseKotlinCompileConfig$registerBuildToolsApiTransformations$2: loaded 2 times (x 71B)
Class org.jetbrains.kotlin.gradle.tasks.KotlinJvmCompile                              : loaded 2 times (x 66B)
Class org.jetbrains.kotlin.gradle.plugin.mpp.compilationImpl.KotlinCompilationSourceSetsContainerKt: loaded 2 times (x 67B)
Class org.jetbrains.kotlin.gradle.plugin.KotlinPluginLifecycleKt$launchInStage$1      : loaded 2 times (x 91B)
Class org.jetbrains.kotlin.gradle.targets.NativeForwardImplementationToApiElementsSideEffectKt: loaded 2 times (x 67B)
Class org.jetbrains.kotlin.gradle.internal.properties.NativePropertiesLoader$actualNativeHomeDirectory$3: loaded 2 times (x 71B)
Class org.jetbrains.kotlin.gradle.report.BuildReportMode                              : loaded 2 times (x 75B)
Class org.jetbrains.kotlin.statistics.metrics.StringAnonymizationPolicy$RegexControlled: loaded 2 times (x 75B)
Class org.jetbrains.kotlin.statistics.ValueAnonymizer                                 : loaded 2 times (x 66B)
Class org.jetbrains.kotlin.gradle.plugin.VariantImplementationFactories$Companion$getProvider$2$1$1: loaded 2 times (x 71B)
Class org.jetbrains.kotlin.gradle.plugin.internal.ProjectIsolationStartParameterAccessor$Factory: loaded 2 times (x 66B)
Class kotlin.ranges.RangesKt___RangesKt                                               : loaded 2 times (x 67B)
Class build_6or57ctjvlyto6p9yqjlkp1vo$_run_closure1                                   : loaded 2 times (x 135B)
Class org.jetbrains.kotlin.gradle.tasks.KotlinCompile$disableMultiModuleIC$2$1        : loaded 2 times (x 71B)
Class com.google.common.collect.AbstractIterator$State                                : loaded 2 times (x 75B)
Class com.google.common.collect.ImmutableMultimap$2                                   : loaded 2 times (x 77B)
Class org.jetbrains.kotlin.gradle.plugin.statistics.KotlinBuildStatsLoggerService$reportBuildFinished$1: loaded 2 times (x 75B)
Class org.jetbrains.kotlin.gradle.tasks.DefaultKotlinJavaToolchain$javaExecutable$1   : loaded 2 times (x 71B)
Class org.jetbrains.kotlin.build.report.metrics.BuildAttribute                        : loaded 2 times (x 75B)
Class org.jetbrains.kotlin.gradle.internal.transforms.BuildToolsApiClasspathEntrySnapshotTransform$Inject1: loaded 2 times (x 109B)
Class org.jetbrains.kotlin.gradle.plugin.mpp.compilationImpl.KotlinCompilationRegisterInSourceSetsConfigurator: loaded 2 times (x 70B)
Class org.jetbrains.kotlin.gradle.plugin.mpp.compilationImpl.factory.DefaultKotlinCompilationTaskNamesContainerFactory: loaded 2 times (x 70B)
Class org.jetbrains.kotlin.gradle.targets.native.internal.CommonizerTasksKt           : loaded 2 times (x 67B)
Class [Lorg.jetbrains.kotlin.gradle.targets.js.npm.NpmDependency$Scope;               : loaded 2 times (x 65B)
Class org.jetbrains.kotlin.gradle.plugin.KotlinCompilerPluginSupportPlugin            : loaded 2 times (x 66B)
Class org.jetbrains.kotlin.gradle.plugin.mpp.AbstractKotlinTarget$components$2        : loaded 2 times (x 75B)
Class org.jetbrains.kotlin.gradle.plugin.mpp.KotlinUsages$setupAttributesMatchingStrategy$1: loaded 2 times (x 70B)
Class org.jetbrains.kotlin.gradle.utils.AndroidPluginIdsKt                            : loaded 2 times (x 67B)
Class com.google.common.collect.RegularImmutableBiMap                                 : loaded 2 times (x 145B)
Class com.google.common.base.CharMatcher$Negated                                      : loaded 2 times (x 109B)
Class com.google.common.base.CharMatcher$Is                                           : loaded 2 times (x 107B)
Class com.google.common.cache.LocalCache$ValueReference                               : loaded 2 times (x 66B)
Class org.jetbrains.kotlin.gradle.plugin.KotlinBasePlugin                             : loaded 2 times (x 66B)
Class org.jetbrains.kotlin.com.intellij.openapi.diagnostic.Attachment                 : loaded 2 times (x 68B)
Class kotlin.collections.ArraysKt                                                     : loaded 2 times (x 67B)
Class build_3h5ayerx46o21vmjdhcm4pi0q                                                 : loaded 2 times (x 176B)
Class com.google.common.hash.PrimitiveSink                                            : loaded 2 times (x 66B)
Class org.jetbrains.kotlin.gradle.tasks.internal.KotlinJvmOptionsCompat               : loaded 2 times (x 97B)
Class org.jetbrains.kotlin.cli.common.arguments.CommonToolArguments                   : loaded 2 times (x 69B)
Class com.google.common.base.PatternCompiler                                          : loaded 2 times (x 66B)
Class org.jetbrains.kotlin.gradle.utils.FutureKt                                      : loaded 2 times (x 67B)
Class org.jetbrains.kotlin.gradle.logging.GradleLoggingUtilsKt                        : loaded 2 times (x 67B)
Class com.google.common.util.concurrent.AbstractFuture$Failure                        : loaded 2 times (x 68B)
Class com.google.common.base.Equivalence$Equals                                       : loaded 2 times (x 78B)
Class com.google.common.collect.Hashing                                               : loaded 2 times (x 67B)
Class com.google.common.base.Preconditions                                            : loaded 2 times (x 67B)
Class org.jetbrains.kotlin.gradle.plugin.KotlinAndroidPluginWrapper                   : loaded 2 times (x 82B)
Class kotlin.collections.SetsKt__SetsKt                                               : loaded 2 times (x 67B)
Class kotlin.LazyKt                                                                   : loaded 2 times (x 67B)
Class build_dwl0gecyagp61f1m72ulred5a                                                 : loaded 2 times (x 176B)
Class com.google.common.collect.ByFunctionOrdering                                    : loaded 2 times (x 111B)
Class [Lorg.apache.commons.io.file.DeleteOption;                                      : loaded 2 times (x 65B)
Class com.google.common.collect.ImmutableSetMultimap                                  : loaded 2 times (x 176B)
Class com.google.common.io.CharSink                                                   : loaded 2 times (x 75B)
Class org.jetbrains.kotlin.compilerRunner.GradleCompilerRunner$Companion              : loaded 2 times (x 67B)
Class [Lorg.jetbrains.kotlin.gradle.dsl.PlatformSourceSetConventionsChecker$CheckedPlatformInfo;: loaded 2 times (x 65B)
Class org.jetbrains.kotlin.gradle.plugin.diagnostics.KotlinGradleProjectCheckerContext: loaded 2 times (x 68B)
Class org.jetbrains.kotlin.gradle.plugin.diagnostics.checkers.DuplicateSourceSetChecker: loaded 2 times (x 70B)
Class org.jetbrains.kotlin.gradle.plugin.diagnostics.ToolingDiagnosticFactory         : loaded 2 times (x 69B)
Class org.jetbrains.kotlin.gradle.targets.KotlinTargetSideEffect                      : loaded 2 times (x 66B)
Class org.jetbrains.kotlin.gradle.plugin.DefaultKotlinBasePlugin$setupAttributeMatchingStrategy$1$1: loaded 2 times (x 75B)
Class org.jetbrains.kotlin.statistics.metrics.NumericalMetrics$Companion              : loaded 2 times (x 67B)
Class [Lorg.jetbrains.kotlin.statistics.metrics.NumberAnonymizationPolicy;            : loaded 2 times (x 65B)
Class org.jetbrains.kotlin.statistics.metrics.NumberOverridePolicy$OVERRIDE           : loaded 2 times (x 81B)
Class org.jetbrains.kotlin.gradle.internal.properties.PropertiesBuildService$property$1: loaded 2 times (x 75B)
Class com.google.common.base.Joiner$1                                                 : loaded 2 times (x 76B)
Class org.objectweb.asm.Label                                                         : loaded 2 times (x 69B)
Class org.objectweb.asm.CurrentFrame                                                  : loaded 2 times (x 69B)
Class org.objectweb.asm.ClassTooLargeException                                        : loaded 2 times (x 79B)
Class com.google.common.base.CharMatcher                                              : loaded 2 times (x 107B)
Class com.google.gson.stream.JsonReader                                               : loaded 2 times (x 93B)
Class com.google.common.collect.PeekingIterator                                       : loaded 2 times (x 66B)
Class kotlin.collections.ArraysKt__ArraysJVMKt                                        : loaded 2 times (x 67B)
Class com.google.common.io.ByteSource$AsCharSource                                    : loaded 2 times (x 82B)
Class com.google.common.collect.MapMakerInternalMap$InternalEntryHelper               : loaded 2 times (x 66B)
Class com.google.common.collect.Table                                                 : loaded 2 times (x 66B)
Class com.google.common.collect.Maps$IteratorBasedAbstractMap                         : loaded 2 times (x 121B)
Class org.jetbrains.kotlin.gradle.tasks.configuration.AbstractKotlinCompileConfig$2$2$1: loaded 2 times (x 71B)
Class org.jetbrains.kotlin.build.report.metrics.BuildAttributes$Companion             : loaded 2 times (x 67B)
Class org.jetbrains.kotlin.gradle.tasks.KotlinCompilationTask                         : loaded 2 times (x 66B)
Class org.jetbrains.kotlin.gradle.plugin.mpp.compilationImpl.factory.KotlinCompilationImplFactory$ProcessResourcesTaskNameFactory: loaded 2 times (x 66B)
Class com.google.common.collect.RangeGwtSerializationDependencies                     : loaded 2 times (x 67B)
Class org.jetbrains.kotlin.gradle.internal.properties.PropertiesBuildService$property$2: loaded 2 times (x 75B)
Class org.jetbrains.kotlin.gradle.internal.KotlinDependenciesManagementKt             : loaded 2 times (x 67B)
Class org.jetbrains.kotlin.gradle.plugin.DefaultKotlinBasePlugin$setupAttributeMatchingStrategy$1$2: loaded 2 times (x 75B)
Class org.jetbrains.kotlin.gradle.plugin.statistics.KotlinBuildStatsLoggerService     : loaded 2 times (x 68B)
Class org.jetbrains.kotlin.gradle.plugin.internal.CustomPropertiesFileValueSource$Inject: loaded 2 times (x 109B)
Class com.google.common.base.Joiner$2                                                 : loaded 2 times (x 75B)
Class org.objectweb.asm.Frame                                                         : loaded 2 times (x 69B)
Class org.objectweb.asm.MethodVisitor                                                 : loaded 2 times (x 101B)
Class com.google.common.base.CharMatcher$1                                            : loaded 2 times (x 109B)
Class com.google.common.base.CharMatcher$NamedFastMatcher                             : loaded 2 times (x 108B)
Class com.google.common.cache.LocalCache$EntryFactory$1                               : loaded 2 times (x 79B)
Class [Lcom.google.common.cache.RemovalListener;                                      : loaded 2 times (x 65B)
Class kotlin.text.StringsKt__StringBuilderKt                                          : loaded 2 times (x 67B)
Class org.jetbrains.kotlin.gradle.plugin.mpp.InternalKotlinTargetKt$special$$inlined$extrasStoredFuture$1: loaded 2 times (x 75B)
Class org.jetbrains.kotlin.tooling.core.ExtrasProperty                                : loaded 2 times (x 66B)
Class org.jetbrains.kotlin.compilerRunner.UsesCompilerSystemPropertiesService         : loaded 2 times (x 66B)
Class org.jetbrains.kotlin.gradle.plugin.mpp.compilationImpl.KotlinCompilationSourceSetInclusion$Companion: loaded 2 times (x 67B)
Class com.google.common.collect.RangeSet                                              : loaded 2 times (x 66B)
Class org.jetbrains.kotlin.konan.target.KonanTarget$WATCHOS_DEVICE_ARM64              : loaded 2 times (x 74B)
Class org.jetbrains.kotlin.gradle.plugin.diagnostics.checkers.MissingNativeStdlibChecker$runChecks$1: loaded 2 times (x 84B)
Class [Lorg.jetbrains.kotlin.gradle.plugin.sources.android.AndroidVariantType;        : loaded 2 times (x 65B)
Class org.jetbrains.kotlin.gradle.plugin.sources.android.AndroidVariantType           : loaded 2 times (x 75B)
Class org.jetbrains.kotlin.gradle.plugin.mpp.KotlinTargetSoftwareComponent            : loaded 2 times (x 85B)
Class org.jetbrains.kotlin.gradle.plugin.mpp.KotlinVariant                            : loaded 2 times (x 97B)
Class org.jetbrains.kotlin.gradle.targets.native.ConfigureFrameworkExportSideEffectKt : loaded 2 times (x 67B)
Class org.jetbrains.kotlin.gradle.utils.WhenPluginEnabledKt                           : loaded 2 times (x 67B)
Class org.jetbrains.kotlin.gradle.plugin.VariantImplementationFactories               : loaded 2 times (x 71B)
Class com.google.common.cache.LocalCache$EntryFactory$2                               : loaded 2 times (x 79B)
Class org.gradle.api.internal.classpath.GlobalCacheRootsProvider                      : loaded 2 times (x 66B)
Class kotlin.Lazy                                                                     : loaded 2 times (x 66B)
Class kotlin.NoWhenBranchMatchedException                                             : loaded 2 times (x 78B)
Class org.jetbrains.kotlin.tooling.core.Extras$Entry$Companion                        : loaded 2 times (x 67B)
Class com.google.common.collect.CollectCollectors                                     : loaded 2 times (x 67B)
Class org.jetbrains.kotlin.gradle.targets.js.dsl.KotlinWasmWasiTargetDsl              : loaded 2 times (x 66B)
Class org.jetbrains.kotlin.gradle.plugin.diagnostics.checkers.DisabledNativeTargetsChecker: loaded 2 times (x 70B)
Class org.jetbrains.kotlin.gradle.plugin.mpp.compilationImpl.KotlinCreateSourcesJarTaskSideEffectKt$KotlinCreateSourcesJarTaskSideEffect$1: loaded 2 times (x 70B)
Class org.jetbrains.kotlin.gradle.internal.CompilerArgumentAware                      : loaded 2 times (x 66B)
Class org.jetbrains.kotlin.gradle.utils.ReportUtilsKt                                 : loaded 2 times (x 67B)
Class org.jetbrains.kotlin.gradle.utils.StoredLazyProperty                            : loaded 2 times (x 71B)
Class org.objectweb.asm.ModuleWriter                                                  : loaded 2 times (x 78B)
Class com.google.common.cache.LocalCache$EntryFactory$3                               : loaded 2 times (x 79B)
Class com.google.common.base.Ticker$1                                                 : loaded 2 times (x 68B)
Class com.google.common.collect.Maps$BiMapConverter                                   : loaded 2 times (x 86B)
Class com.google.common.collect.ImmutableMapEntrySet$RegularEntrySet                  : loaded 2 times (x 148B)
Class [Lkotlin.jvm.functions.Function1;                                               : loaded 2 times (x 65B)
Class build_3h5ayerx46o21vmjdhcm4pi0q$_run_closure1                                   : loaded 2 times (x 135B)
Class Native_plugin_loader_gradle$NativePluginLoader                                  : loaded 2 times (x 68B)
Class com.google.common.collect.CollectSpliterators$1                                 : loaded 2 times (x 86B)
Class org.jetbrains.kotlin.gradle.tasks.K2MultiplatformStructure_Decorated            : loaded 2 times (x 131B)
Class org.jetbrains.kotlin.compilerRunner.GradleCompilerRunner                        : loaded 2 times (x 69B)
Class com.google.common.collect.SetMultimap                                           : loaded 2 times (x 66B)
Class org.jetbrains.kotlin.gradle.dsl.AndroidMainSourceSetConventionsChecker$runChecks$1: loaded 2 times (x 84B)
Class org.jetbrains.kotlin.gradle.plugin.sources.FragmentConsistencyChecks            : loaded 2 times (x 68B)
Class org.jetbrains.kotlin.gradle.plugin.mpp.InternalKotlinTargetComponent            : loaded 2 times (x 89B)
Class org.jetbrains.kotlin.gradle.targets.CreateDefaultTestRunSideEffectKt$special$$inlined$KotlinTargetSideEffect$1: loaded 2 times (x 70B)
Class org.jetbrains.kotlin.gradle.utils.ProviderApiUtilsKt                            : loaded 2 times (x 67B)
Class org.jetbrains.kotlin.gradle.internal.properties.NativePropertiesLoader$forceDisableRunningInProcess$1: loaded 2 times (x 71B)
Class org.jetbrains.kotlin.gradle.utils.PersistentCachesKt                            : loaded 2 times (x 67B)
Class org.jetbrains.kotlin.gradle.internal.tasks.TaskWithLocalState                   : loaded 2 times (x 66B)
Class org.jetbrains.kotlin.gradle.plugin.statistics.KotlinBuildStatisticsUtilsKt      : loaded 2 times (x 67B)
Class org.jetbrains.kotlin.statistics.metrics.BooleanMetrics                          : loaded 2 times (x 76B)
Class org.jetbrains.kotlin.gradle.internal.properties.PropertiesBuildService$Params   : loaded 2 times (x 66B)
Class com.google.common.base.CharMatcher$InRange                                      : loaded 2 times (x 107B)
Class com.google.common.cache.LocalCache$EntryFactory$4                               : loaded 2 times (x 79B)
Class com.google.common.collect.ImmutableSet$Builder                                  : loaded 2 times (x 81B)
Class kotlin.sequences.ConstrainedOnceSequence                                        : loaded 2 times (x 71B)
Class com.google.common.collect.ReverseOrdering                                       : loaded 2 times (x 111B)
Class com.google.common.io.ByteStreams$1                                              : loaded 2 times (x 81B)
Class org.jetbrains.kotlin.gradle.plugin.sources.KotlinDependencyScopeKt$WhenMappings : loaded 2 times (x 67B)
Class org.jetbrains.kotlin.gradle.tasks.K2MultiplatformCompilationTask                : loaded 2 times (x 66B)
Class org.jetbrains.kotlin.gradle.plugin.diagnostics.checkers.OverriddenKotlinNativeHomeChecker$StdlibExistenceCheckerValueSource$Inject: loaded 2 times (x 105B)
Class org.jetbrains.kotlin.gradle.utils.ConfigurationsKt$maybeCreateDependencyScope$1 : loaded 2 times (x 74B)
Class org.jetbrains.kotlin.gradle.plugin.sources.FragmentConsistencyChecks$languageVersionCheck$1: loaded 2 times (x 75B)
Class org.jetbrains.kotlin.gradle.plugin.mpp.DecoratedKotlinCompilation               : loaded 2 times (x 187B)
Class org.jetbrains.kotlin.gradle.plugin.diagnostics.checkers.ExperimentalTryNextUsageChecker: loaded 2 times (x 70B)
Class [Lorg.jetbrains.kotlin.gradle.plugin.diagnostics.ToolingDiagnostic$Severity;    : loaded 2 times (x 65B)
Class [Lorg.jetbrains.kotlin.gradle.plugin.KotlinPlatformType;                        : loaded 2 times (x 65B)
Class org.jetbrains.kotlin.gradle.plugin.statistics.UsesBuildFusService               : loaded 2 times (x 66B)
Class org.jetbrains.kotlin.gradle.plugin.statistics.old.Pre232IdeaKotlinBuildStatsBeanService: loaded 2 times (x 91B)
Class org.jetbrains.kotlin.statistics.metrics.NumberOverridePolicy$AVERAGE            : loaded 2 times (x 81B)
Class org.jetbrains.kotlin.gradle.plugin.VariantImplementationFactories$Parameters$Inject: loaded 2 times (x 102B)
Class com.google.common.cache.LocalCache$EntryFactory$5                               : loaded 2 times (x 79B)
Class kotlin.jvm.internal.markers.KMappedMarker                                       : loaded 2 times (x 66B)
Class build_84g3hqh2g9imbpcolbudtfkn6                                                 : loaded 2 times (x 177B)
Class com.google.common.collect.HashMultimap                                          : loaded 2 times (x 170B)
Class org.jetbrains.kotlin.gradle.plugin.mpp.MppSourcesJarKt$sourcesJarTaskNamed$result$1: loaded 2 times (x 75B)
Class org.apache.commons.io.output.AppendableWriter                                   : loaded 2 times (x 96B)
Class org.jetbrains.kotlin.gradle.tasks.configuration.BaseKotlinCompileConfig$1       : loaded 2 times (x 75B)
Class org.jetbrains.kotlin.gradle.plugin.mpp.compilationImpl.factory.ConfigurationNaming$Default: loaded 2 times (x 71B)
Class org.jetbrains.kotlin.gradle.plugin.mpp.compilationImpl.KotlinCompilationSourceSetInclusion: loaded 2 times (x 68B)
Class org.jetbrains.kotlin.gradle.plugin.KotlinBaseApiPlugin                          : loaded 2 times (x 114B)
Class org.jetbrains.kotlin.gradle.targets.jvm.KotlinJvmTarget                         : loaded 2 times (x 162B)
Class org.jetbrains.kotlin.gradle.targets.js.dsl.KotlinWasmJsTargetDsl                : loaded 2 times (x 66B)
Class org.jetbrains.kotlin.gradle.plugin.diagnostics.checkers.DisabledNativeTargetsChecker$runChecks$1: loaded 2 times (x 84B)
Class org.jetbrains.kotlin.gradle.plugin.KotlinPluginLifecycleImpl$await$2$1          : loaded 2 times (x 75B)
Class org.jetbrains.kotlin.gradle.plugin.sources.DefaultLanguageSettingsBuilder       : loaded 2 times (x 96B)
Class org.jetbrains.kotlin.gradle.plugin.sources.FragmentConsistencyChecks$languageVersionCheck$2: loaded 2 times (x 74B)
Class org.jetbrains.kotlin.gradle.targets.CreateTargetConfigurationsSideEffectKt$CreateTargetConfigurationsSideEffect$1: loaded 2 times (x 70B)
Class org.jetbrains.kotlin.gradle.dsl.KotlinTargetContainerWithPresetFunctions        : loaded 2 times (x 66B)
Class org.jetbrains.kotlin.gradle.utils.GradleConfigurationUtilsKt                    : loaded 2 times (x 67B)
Class org.jetbrains.kotlin.gradle.plugin.internal.CustomPropertiesFileValueSource$Parameters: loaded 2 times (x 66B)
Class org.jetbrains.kotlin.gradle.plugin.UsesBuildFinishedListenerService             : loaded 2 times (x 66B)
Class com.google.common.cache.LocalCache$EntryFactory$6                               : loaded 2 times (x 79B)
Class Build_gradle                                                                    : loaded 2 times (x 126B)
Class org.gradle.internal.installation.CurrentGradleInstallationLocator               : loaded 2 times (x 67B)
Class com.google.common.io.ByteSource$SlicedByteSource                                : loaded 2 times (x 81B)
Class com.google.common.collect.ImmutableMultimap$Builder                             : loaded 2 times (x 82B)
Class org.apache.commons.io.file.SimplePathVisitor                                    : loaded 2 times (x 81B)
Class org.jetbrains.kotlin.statistics.metrics.SumMetricContainer                      : loaded 2 times (x 76B)
Class org.jetbrains.kotlin.gradle.tasks.DefaultKotlinJavaToolchain$getToolsJarFromJvm$1: loaded 2 times (x 71B)
Class org.jetbrains.kotlin.build.report.metrics.GcMetrics                             : loaded 2 times (x 68B)
Class org.apache.commons.io.output.ThresholdingOutputStream                           : loaded 2 times (x 91B)
Class org.jetbrains.kotlin.gradle.plugin.diagnostics.UsesKotlinToolingDiagnosticsKt   : loaded 2 times (x 67B)
Class org.jetbrains.kotlin.gradle.tasks.configuration.BaseKotlinCompileConfig$2       : loaded 2 times (x 75B)
Class com.google.common.collect.Maps$KeySet                                           : loaded 2 times (x 133B)
Class org.jetbrains.kotlin.gradle.plugin.KotlinJvmFactory                             : loaded 2 times (x 66B)
Class org.jetbrains.kotlin.konan.target.KonanTarget$IOS_X64                           : loaded 2 times (x 74B)
Class org.jetbrains.kotlin.gradle.plugin.mpp.InternalKotlinCompilation                : loaded 2 times (x 66B)
Class org.jetbrains.kotlin.gradle.utils.WhenEvaluatedKt                               : loaded 2 times (x 67B)
Class org.jetbrains.kotlin.gradle.targets.native.internal.AddKotlinPlatformIntegersSupportLibraryKt: loaded 2 times (x 67B)
Class org.jetbrains.kotlin.gradle.plugin.AbstractKotlinJsPluginWrapper                : loaded 2 times (x 82B)
Class org.jetbrains.kotlin.gradle.plugin.KotlinPluginWrapperKt                        : loaded 2 times (x 67B)
Class com.google.common.cache.LocalCache$EntryFactory$7                               : loaded 2 times (x 79B)
Class com.google.common.collect.ImmutableSet$EmptySetBuilderImpl                      : loaded 2 times (x 72B)
Class com.google.common.collect.ImmutableList                                         : loaded 2 times (x 202B)
Class org.gradle.internal.service.DefaultServiceLocator                               : loaded 2 times (x 79B)
Class jdk.internal.jrtfs.JrtDirectoryStream                                           : loaded 2 times (x 85B)
Class com.google.common.collect.ImmutableMultimap$EntryCollection                     : loaded 2 times (x 124B)
Class com.google.common.cache.LocalCache$SoftValueReference                           : loaded 2 times (x 93B)
Class com.google.common.collect.Maps$EntrySet                                         : loaded 2 times (x 132B)
Class org.jetbrains.kotlin.gradle.tasks.KotlinCompile$scriptExtensions$1              : loaded 2 times (x 75B)
Class org.jetbrains.kotlin.gradle.tasks.K2MultiplatformStructure$Fragment             : loaded 2 times (x 68B)
Class org.jetbrains.kotlin.compilerRunner.CompilerSystemPropertiesService$Companion$registerIfAbsent$1: loaded 2 times (x 71B)
Class org.jetbrains.kotlin.util.capitalizeDecapitalize.CapitalizeDecapitalizeKt       : loaded 2 times (x 67B)
Class org.jetbrains.kotlin.gradle.plugin.diagnostics.checkers.WasmJsEnvironmentChecker: loaded 2 times (x 72B)
Class org.jetbrains.kotlin.gradle.plugin.diagnostics.checkers.AndroidPluginWithoutAndroidTargetChecker: loaded 2 times (x 70B)
Class org.jetbrains.kotlin.statistics.metrics.NumberOverridePolicy                    : loaded 2 times (x 81B)
Class org.jetbrains.kotlin.statistics.metrics.StringAnonymizationPolicy$AllowedListAnonymizer$Companion: loaded 2 times (x 67B)
Class org.jetbrains.kotlin.gradle.plugin.internal.DefaultProjectIsolationStartParameterAccessor_Decorated: loaded 2 times (x 121B)
Class org.jetbrains.kotlin.gradle.plugin.internal.ProjectIsolationStartParameterAccessorKt: loaded 2 times (x 67B)
Class org.jetbrains.kotlin.gradle.testing.internal.KotlinTestsRegistry                : loaded 2 times (x 68B)
Class com.google.common.cache.LocalCache$EntryFactory$8                               : loaded 2 times (x 79B)
Class com.google.common.collect.ImmutableSet$SetBuilderImpl                           : loaded 2 times (x 72B)
Class org.gradle.internal.installation.CurrentGradleInstallation                      : loaded 2 times (x 69B)
Class build_d254dk2idhwai8gf8rdw8v4uv$_run_closure1                                   : loaded 2 times (x 135B)
Class build_da0aqetems3lev8war4dlc4pf$_run_closure1$_closure3                         : loaded 2 times (x 135B)
Class org.jetbrains.kotlin.gradle.tasks.KotlinCompilerExecutionStrategy               : loaded 2 times (x 75B)
Class org.jetbrains.kotlin.gradle.plugin.mpp.InternalKotlinCompilationKt$awaitAllKotlinSourceSets$1: loaded 2 times (x 84B)
Class org.jetbrains.kotlin.gradle.plugin.statistics.FusMetrics                        : loaded 2 times (x 66B)
Class org.jetbrains.kotlin.gradle.plugin.sources.DefaultKotlinSourceSet$special$$inlined$Iterable$1: loaded 2 times (x 75B)
Class org.jetbrains.kotlin.gradle.plugin.mpp.compilationImpl.factory.KotlinCompilationImplFactory$KotlinCompilerOptionsFactory$Options: loaded 2 times (x 68B)
Class org.jetbrains.kotlin.gradle.plugin.KotlinCompilation                            : loaded 2 times (x 66B)
Class org.jetbrains.kotlin.gradle.plugin.KotlinTargetConfiguratorKt                   : loaded 2 times (x 67B)
Class org.jetbrains.kotlin.tooling.core.Extras$Type$Companion                         : loaded 2 times (x 67B)
Class com.google.common.cache.CacheLoader$1                                           : loaded 2 times (x 71B)
Class com.google.common.collect.ImmutableList$SubList                                 : loaded 2 times (x 205B)
Class org.gradle.util.internal.GUtil                                                  : loaded 2 times (x 67B)
Class kotlin.io.NoSuchFileException                                                   : loaded 2 times (x 78B)
Class kotlin.collections.CollectionsKt                                                : loaded 2 times (x 67B)
Class com.google.common.io.ByteSource                                                 : loaded 2 times (x 80B)
Class org.jetbrains.kotlin.gradle.plugin.mpp.InternalKotlinTargetKt$isSourcesPublishableFuture$2: loaded 2 times (x 91B)
Class org.jetbrains.kotlin.gradle.plugin.mpp.KotlinCompilationFactory                 : loaded 2 times (x 66B)
Class org.jetbrains.kotlin.gradle.dsl.IosSourceSetConventionChecker$runChecks$1       : loaded 2 times (x 84B)
Class org.jetbrains.kotlin.gradle.plugin.mpp.AbstractKotlinCompilation                : loaded 2 times (x 187B)
Class org.jetbrains.kotlin.gradle.plugin.diagnostics.checkers.UnusedSourceSetsChecker : loaded 2 times (x 70B)
Class org.jetbrains.kotlin.gradle.utils.Future                                        : loaded 2 times (x 66B)
Class org.jetbrains.kotlin.gradle.plugin.statistics.KotlinBuildStatsConfiguration$Companion: loaded 2 times (x 67B)
Class com.google.common.cache.AbstractCache$StatsCounter                              : loaded 2 times (x 66B)
Class build_1kkqbkqek3kzr0gsec0eu4zss                                                 : loaded 2 times (x 176B)
Class build_cea53nf7900pva0gt5w0rwapg                                                 : loaded 2 times (x 177B)
Class com.google.common.io.LineBuffer                                                 : loaded 2 times (x 71B)
Class com.google.common.collect.MapMakerInternalMap$1                                 : loaded 2 times (x 79B)
Class org.jetbrains.kotlin.gradle.plugin.mpp.KotlinTargetSoftwareComponentImplKt      : loaded 2 times (x 67B)
Class org.jetbrains.kotlin.gradle.targets.js.dsl.KotlinJsSubTargetContainerDsl        : loaded 2 times (x 66B)
Class org.jetbrains.kotlin.tooling.core.MutableExtrasImpl$Companion                   : loaded 2 times (x 67B)
Class org.jetbrains.kotlin.gradle.plugin.KotlinGradleBuildServices$Companion$registerIfAbsent$1: loaded 2 times (x 71B)
Class org.jetbrains.kotlin.statistics.fileloggers.MetricsContainer                    : loaded 2 times (x 73B)
Class org.jetbrains.kotlin.gradle.plugin.internal.ProjectIsolationStartParameterAccessor: loaded 2 times (x 66B)
Class org.jetbrains.kotlin.gradle.utils.StoredProperty                                : loaded 2 times (x 66B)
Class com.google.common.collect.Iterators$MergingIterator                             : loaded 2 times (x 77B)
Class com.google.common.collect.RegularImmutableSet                                   : loaded 2 times (x 145B)
Class org.gradle.internal.installation.GradleInstallation                             : loaded 2 times (x 71B)
Class kotlin.collections.CollectionsKt__IteratorsJVMKt$iterator$1                     : loaded 2 times (x 75B)
Class build_72k6u85wo8cr293wmtb5nc8dk$_run_closure1                                   : loaded 2 times (x 135B)
Class com.google.common.collect.LexicographicalOrdering                               : loaded 2 times (x 111B)
Class com.google.common.base.Splitter$Strategy                                        : loaded 2 times (x 66B)
Class org.jetbrains.kotlin.gradle.dsl.KotlinJvmCompile$DefaultImpls                   : loaded 2 times (x 67B)
Class org.jetbrains.kotlin.gradle.plugin.mpp.compilationImpl.factory.KotlinCompilationImplFactory$create$1: loaded 2 times (x 71B)
Class org.jetbrains.kotlin.gradle.tasks.KotlinJavaToolchain                           : loaded 2 times (x 66B)
Class org.jetbrains.kotlin.statistics.metrics.BooleanMetrics$Companion                : loaded 2 times (x 67B)
Class org.jetbrains.kotlin.gradle.plugin.internal.CompatibilityConventionRegistrar    : loaded 2 times (x 66B)
Class com.google.common.collect.Iterables                                             : loaded 2 times (x 67B)
Class org.jetbrains.kotlin.com.intellij.openapi.diagnostic.DefaultLogger              : loaded 2 times (x 96B)
Class build_63xdntbx9kfpcid0995hlgqfy$_run_closure1                                   : loaded 2 times (x 135B)
Class org.jetbrains.kotlin.gradle.plugin.mpp.KotlinJvmCompilation                     : loaded 2 times (x 196B)
Class org.jetbrains.kotlin.gradle.plugin.KotlinCompilation$Companion                  : loaded 2 times (x 67B)
Class com.google.common.collect.Lists$RandomAccessReverseList                         : loaded 2 times (x 196B)
Class org.jetbrains.kotlin.konan.target.KonanTarget$WATCHOS_ARM64                     : loaded 2 times (x 74B)
Class org.jetbrains.kotlin.konan.target.KonanTarget$MACOS_ARM64                       : loaded 2 times (x 74B)
Class org.jetbrains.kotlin.gradle.plugin.diagnostics.checkers.OverriddenKotlinNativeHomeChecker: loaded 2 times (x 70B)
Class org.jetbrains.kotlin.gradle.artifacts.KotlinJvmJarArtifactKt$KotlinJvmJarArtifact$1: loaded 2 times (x 70B)
Class org.jetbrains.kotlin.gradle.targets.native.SetupEmbedAndSignAppleFrameworkTaskSideEffectKt: loaded 2 times (x 67B)
Class org.jetbrains.kotlin.gradle.plugin.KotlinProjectSetupActionKt$KotlinProjectSetupCoroutine$1: loaded 2 times (x 71B)
Class org.jetbrains.kotlin.gradle.dsl.ToolchainSupport$Companion                      : loaded 2 times (x 67B)
Class org.jetbrains.kotlin.gradle.plugin.KotlinSourceSet                              : loaded 2 times (x 66B)

---------------  S Y S T E M  ---------------

OS:
 Windows 10 , 64 bit Build 19041 (10.0.19041.5915)
OS uptime: 3 days 0:31 hours

CPU: total 4 (initial active 4) (2 cores per cpu, 2 threads per core) family 6 model 142 stepping 9 microcode 0xb4, cx8, cmov, fxsr, ht, mmx, 3dnowpref, sse, sse2, sse3, ssse3, sse4.1, sse4.2, popcnt, lzcnt, tsc, tscinvbit, avx, avx2, aes, erms, clmul, bmi1, bmi2, rtm, adx, fma, vzeroupper, clflush, clflushopt, rdtscp, f16c
Processor Information for the first 4 processors :
  Max Mhz: 2712, Current Mhz: 2611, Mhz Limit: 2603

Memory: 4k page, system-wide physical 8071M (316M free)
TotalPageFile size 16860M (AvailPageFile size 2037M)
current process WorkingSet (physical memory assigned to process): 1915M, peak: 1916M
current process commit charge ("private bytes"): 2201M, peak: 4872M

vm_info: OpenJDK 64-Bit Server VM (21.0.6+-13391695-b895.109) for windows-amd64 JRE (21.0.6+-13391695-b895.109), built on 2025-04-22T21:19:17Z by "builder" with MS VC++ 16.10 / 16.11 (VS2019)

END.
